timestamp,open,high,low,close,volume
2025-07-24 19:00:00+00:00,24.22,24.31,23.98,24.0,117140.96
2025-07-24 20:00:00+00:00,24.0,24.23,23.98,24.17,60994.26
2025-07-24 21:00:00+00:00,24.17,24.18,23.93,23.94,77746.45
2025-07-24 22:00:00+00:00,23.94,24.06,23.81,23.91,70015.14
2025-07-24 23:00:00+00:00,23.91,23.91,23.6,23.67,109712.33
2025-07-25 00:00:00+00:00,23.67,23.7,23.28,23.38,136864.91
2025-07-25 01:00:00+00:00,23.38,23.66,23.27,23.6,88140.29
2025-07-25 02:00:00+00:00,23.6,23.66,23.17,23.2,136842.73
2025-07-25 03:00:00+00:00,23.2,23.33,22.89,23.11,149859.25
2025-07-25 04:00:00+00:00,23.1,23.36,22.86,23.33,104154.1
2025-07-25 05:00:00+00:00,23.33,23.34,23.03,23.07,77050.08
2025-07-25 06:00:00+00:00,23.07,23.27,22.92,23.18,66100.27
2025-07-25 07:00:00+00:00,23.17,23.39,22.87,23.1,118649.31
2025-07-25 08:00:00+00:00,23.1,23.38,23.07,23.2,82040.03
2025-07-25 09:00:00+00:00,23.2,23.67,23.13,23.66,122110.49
2025-07-25 10:00:00+00:00,23.67,23.84,23.61,23.77,107145.59
2025-07-25 11:00:00+00:00,23.77,23.91,23.68,23.7,103849.39
2025-07-25 12:00:00+00:00,23.71,23.88,23.58,23.69,101316.14
2025-07-25 13:00:00+00:00,23.7,23.8,23.51,23.73,99625.55
2025-07-25 14:00:00+00:00,23.74,23.77,23.11,23.13,190494.59
2025-07-25 15:00:00+00:00,23.13,23.31,22.96,23.21,170504.24
2025-07-25 16:00:00+00:00,23.2,23.46,23.08,23.42,85301.57
2025-07-25 17:00:00+00:00,23.41,23.5,23.28,23.34,58454.42
2025-07-25 18:00:00+00:00,23.34,23.44,23.28,23.38,47472.78
2025-07-25 19:00:00+00:00,23.37,23.55,23.33,23.42,50327.97
2025-07-25 20:00:00+00:00,23.41,23.88,23.4,23.83,129085.95
2025-07-25 21:00:00+00:00,23.83,24.03,23.83,23.93,122061.46
2025-07-25 22:00:00+00:00,23.93,24.04,23.9,24.01,53996.34
2025-07-25 23:00:00+00:00,24.01,24.02,23.92,24.01,27739.98
2025-07-26 00:00:00+00:00,24.01,24.02,23.88,23.97,37253.86
2025-07-26 01:00:00+00:00,23.97,23.98,23.85,23.85,47776.77
2025-07-26 02:00:00+00:00,23.85,24.15,23.84,24.08,65232.57
2025-07-26 03:00:00+00:00,24.07,24.11,24.0,24.06,36616.28
2025-07-26 04:00:00+00:00,24.06,24.13,24.04,24.08,30210.06
2025-07-26 05:00:00+00:00,24.08,24.19,24.03,24.19,39871.36
2025-07-26 06:00:00+00:00,24.19,24.19,24.05,24.09,46565.17
2025-07-26 07:00:00+00:00,24.08,24.18,24.06,24.09,31274.62
2025-07-26 08:00:00+00:00,24.09,24.29,24.08,24.2,52473.04
2025-07-26 09:00:00+00:00,24.2,24.28,24.15,24.28,35196.54
2025-07-26 10:00:00+00:00,24.28,24.38,24.25,24.3,62796.89
2025-07-26 11:00:00+00:00,24.31,24.42,24.26,24.32,60406.22
2025-07-26 12:00:00+00:00,24.32,24.34,24.2,24.28,51960.41
2025-07-26 13:00:00+00:00,24.28,24.43,24.23,24.34,68845.05
2025-07-26 14:00:00+00:00,24.35,24.94,24.33,24.71,274018.63
2025-07-26 15:00:00+00:00,24.71,24.92,24.58,24.83,239403.24
2025-07-26 16:00:00+00:00,24.83,24.87,24.65,24.72,110574.98
2025-07-26 17:00:00+00:00,24.71,24.74,24.52,24.57,70051.16
2025-07-26 18:00:00+00:00,24.58,25.71,24.55,25.65,357630.25
2025-07-26 19:00:00+00:00,25.65,25.77,25.25,25.43,274988.68
2025-07-26 20:00:00+00:00,25.44,25.48,25.11,25.11,140369.78
2025-07-26 21:00:00+00:00,25.11,25.18,24.96,25.13,78386.99
2025-07-26 22:00:00+00:00,25.14,25.22,24.97,25.01,74313.92
2025-07-26 23:00:00+00:00,25.0,25.02,24.88,24.94,36738.17
2025-07-27 00:00:00+00:00,24.94,24.97,24.85,24.97,44052.13
2025-07-27 01:00:00+00:00,24.97,25.08,24.94,24.97,55116.3
2025-07-27 02:00:00+00:00,24.97,25.1,24.89,25.02,44314.66
2025-07-27 03:00:00+00:00,25.02,25.02,24.88,24.94,54651.58
2025-07-27 04:00:00+00:00,24.93,25.07,24.92,25.03,35155.52
2025-07-27 05:00:00+00:00,25.03,25.17,24.95,25.11,59199.3
2025-07-27 06:00:00+00:00,25.12,25.26,25.08,25.18,89368.67
2025-07-27 07:00:00+00:00,25.17,25.17,24.94,25.01,38680.77
2025-07-27 08:00:00+00:00,25.02,25.05,24.88,24.92,45292.66
2025-07-27 09:00:00+00:00,24.91,24.91,24.74,24.79,76144.02
2025-07-27 10:00:00+00:00,24.8,25.15,24.78,25.09,83034.06
2025-07-27 11:00:00+00:00,25.1,25.15,24.89,24.93,62192.71
2025-07-27 12:00:00+00:00,24.93,25.08,24.82,25.06,57621.49
2025-07-27 13:00:00+00:00,25.05,25.12,25.0,25.01,63446.31
2025-07-27 14:00:00+00:00,25.0,25.09,24.88,24.97,41801.75
2025-07-27 15:00:00+00:00,24.96,25.05,24.87,25.03,34895.47
2025-07-27 16:00:00+00:00,25.03,25.45,25.03,25.2,253340.24
2025-07-27 17:00:00+00:00,25.21,25.54,25.15,25.32,162552.91
2025-07-27 18:00:00+00:00,25.33,25.55,25.33,25.44,91484.86
2025-07-27 19:00:00+00:00,25.44,25.53,25.32,25.42,81866.26
2025-07-27 20:00:00+00:00,25.43,25.54,25.39,25.54,64285.4
2025-07-27 21:00:00+00:00,25.55,25.68,25.47,25.55,138546.66
2025-07-27 22:00:00+00:00,25.56,26.46,25.56,25.94,338244.31
2025-07-27 23:00:00+00:00,25.94,26.08,25.75,26.06,178043.36
2025-07-28 00:00:00+00:00,26.06,26.29,25.96,25.99,221373.92
2025-07-28 01:00:00+00:00,26.0,26.09,25.76,25.85,103404.78
2025-07-28 02:00:00+00:00,25.86,26.32,25.79,26.24,149609.29
2025-07-28 03:00:00+00:00,26.25,26.31,26.02,26.13,79353.88
2025-07-28 04:00:00+00:00,26.14,26.57,26.12,26.52,184057.44
2025-07-28 05:00:00+00:00,26.52,26.64,26.37,26.55,216253.91
2025-07-28 06:00:00+00:00,26.56,26.76,26.37,26.75,227333.87
2025-07-28 07:00:00+00:00,26.75,26.78,26.33,26.54,129830.93
2025-07-28 08:00:00+00:00,26.54,26.74,26.48,26.68,233628.11
2025-07-28 09:00:00+00:00,26.67,27.27,26.53,27.09,348460.84
2025-07-28 10:00:00+00:00,27.09,27.34,26.94,27.04,207377.17
2025-07-28 11:00:00+00:00,27.03,27.32,26.72,27.28,256310.34
2025-07-28 12:00:00+00:00,27.28,27.38,26.99,27.22,294833.47
2025-07-28 13:00:00+00:00,27.22,27.36,26.86,26.96,334041.41
2025-07-28 14:00:00+00:00,26.97,27.0,26.19,26.33,557102.93
2025-07-28 15:00:00+00:00,26.33,26.46,25.9,26.05,276632.64
2025-07-28 16:00:00+00:00,26.05,26.19,25.86,25.89,197055.61
2025-07-28 17:00:00+00:00,25.88,26.06,25.73,25.79,133401.67
2025-07-28 18:00:00+00:00,25.8,25.81,25.42,25.59,192424.6
2025-07-28 19:00:00+00:00,25.59,25.86,25.36,25.53,165552.32
2025-07-28 20:00:00+00:00,25.53,25.57,25.19,25.31,133900.07
2025-07-28 21:00:00+00:00,25.31,25.53,25.14,25.3,124221.25
2025-07-28 22:00:00+00:00,25.3,25.38,25.04,25.19,124366.25
2025-07-28 23:00:00+00:00,25.19,25.22,24.99,25.21,112781.11
2025-07-29 00:00:00+00:00,25.21,25.42,24.65,24.93,296710.77
2025-07-29 01:00:00+00:00,24.93,25.04,24.7,24.72,106440.7
2025-07-29 02:00:00+00:00,24.73,24.73,24.43,24.6,207684.49
2025-07-29 03:00:00+00:00,24.6,25.09,24.58,25.03,118178.06
2025-07-29 04:00:00+00:00,25.04,25.09,24.84,24.88,118304.68
2025-07-29 05:00:00+00:00,24.87,25.09,24.85,25.08,103115.39
2025-07-29 06:00:00+00:00,25.08,25.37,24.99,25.28,133703.93
2025-07-29 07:00:00+00:00,25.28,25.5,25.23,25.46,167217.89
2025-07-29 08:00:00+00:00,25.46,25.51,25.2,25.24,122414.2
2025-07-29 09:00:00+00:00,25.24,25.27,24.94,24.96,124082.61
2025-07-29 10:00:00+00:00,24.96,24.99,24.52,24.56,157033.88
2025-07-29 11:00:00+00:00,24.56,24.75,24.54,24.72,60907.79
2025-07-29 12:00:00+00:00,24.73,25.11,24.67,24.99,122882.79
2025-07-29 13:00:00+00:00,24.99,25.19,24.86,24.98,278379.76
2025-07-29 14:00:00+00:00,24.99,24.99,24.29,24.53,306588.91
2025-07-29 15:00:00+00:00,24.52,24.71,24.19,24.31,321715.02
2025-07-29 16:00:00+00:00,24.31,24.39,24.02,24.33,175284.55
2025-07-29 17:00:00+00:00,24.33,24.56,24.28,24.36,105035.14
2025-07-29 18:00:00+00:00,24.36,24.37,24.16,24.23,95991.1
2025-07-29 19:00:00+00:00,24.22,24.42,24.04,24.08,169115.4
2025-07-29 20:00:00+00:00,24.08,24.3,23.88,24.1,166549.77
2025-07-29 21:00:00+00:00,24.11,24.46,24.0,24.39,81503.96
2025-07-29 22:00:00+00:00,24.4,24.45,24.17,24.35,67420.33
2025-07-29 23:00:00+00:00,24.35,24.45,24.29,24.37,47880.74
2025-07-30 00:00:00+00:00,24.38,24.38,24.08,24.22,64962.89
2025-07-30 01:00:00+00:00,24.22,24.45,24.01,24.36,86852.69
2025-07-30 02:00:00+00:00,24.36,24.51,24.29,24.38,44826.2
2025-07-30 03:00:00+00:00,24.38,24.42,24.27,24.29,39269.7
2025-07-30 04:00:00+00:00,24.28,24.37,24.06,24.09,49646.93
2025-07-30 05:00:00+00:00,24.09,24.2,23.93,24.15,82180.95
2025-07-30 06:00:00+00:00,24.15,24.27,24.07,24.21,43481.94
2025-07-30 07:00:00+00:00,24.21,24.28,23.96,24.0,72407.08
2025-07-30 08:00:00+00:00,24.0,24.18,23.92,23.95,175421.75
2025-07-30 09:00:00+00:00,23.95,24.0,23.68,23.7,157643.29
2025-07-30 10:00:00+00:00,23.7,23.86,23.54,23.57,67561.48
2025-07-30 11:00:00+00:00,23.58,23.73,23.34,23.43,165515.79
2025-07-30 12:00:00+00:00,23.43,23.61,23.1,23.3,449978.34
2025-07-30 13:00:00+00:00,23.3,23.36,23.12,23.21,185042.13
2025-07-30 14:00:00+00:00,23.21,23.65,23.13,23.6,167321.89
2025-07-30 15:00:00+00:00,23.61,23.64,23.1,23.23,394844.77
2025-07-30 16:00:00+00:00,23.23,23.49,23.17,23.3,117078.87
2025-07-30 17:00:00+00:00,23.31,23.58,23.28,23.58,65943.75
2025-07-30 18:00:00+00:00,23.57,23.67,22.88,22.9,256421.72
2025-07-30 19:00:00+00:00,22.9,23.3,22.4,23.23,512995.68
2025-07-30 20:00:00+00:00,23.23,23.46,23.13,23.22,94810.09
2025-07-30 21:00:00+00:00,23.23,23.36,23.0,23.15,40731.96
2025-07-30 22:00:00+00:00,23.15,23.21,23.03,23.14,35857.6
2025-07-30 23:00:00+00:00,23.14,23.37,23.13,23.31,77350.03
2025-07-31 00:00:00+00:00,23.3,23.49,23.22,23.47,92692.76
2025-07-31 01:00:00+00:00,23.47,23.47,23.34,23.42,47200.82
2025-07-31 02:00:00+00:00,23.42,23.58,23.37,23.57,38480.29
2025-07-31 03:00:00+00:00,23.56,23.73,23.54,23.69,53825.48
2025-07-31 04:00:00+00:00,23.69,23.93,23.64,23.91,106126.62
2025-07-31 05:00:00+00:00,23.91,24.08,23.9,24.03,71398.02
2025-07-31 06:00:00+00:00,24.02,24.06,23.85,23.99,62867.96
2025-07-31 07:00:00+00:00,23.99,24.01,23.86,23.88,59945.33
2025-07-31 08:00:00+00:00,23.89,24.04,23.85,23.95,44173.18
2025-07-31 09:00:00+00:00,23.95,24.12,23.91,24.1,41875.29
2025-07-31 10:00:00+00:00,24.09,24.11,23.95,23.96,59706.64
2025-07-31 11:00:00+00:00,23.96,23.98,23.58,23.67,69414.4
2025-07-31 12:00:00+00:00,23.67,23.7,23.4,23.52,76757.39
2025-07-31 13:00:00+00:00,23.51,23.53,22.97,23.02,396376.85
2025-07-31 14:00:00+00:00,23.02,23.14,22.8,22.89,213704.35
2025-07-31 15:00:00+00:00,22.89,23.14,22.79,23.11,110219.79
2025-07-31 16:00:00+00:00,23.1,23.53,23.03,23.39,118431.17
2025-07-31 17:00:00+00:00,23.38,23.38,22.96,23.04,120566.48
2025-07-31 18:00:00+00:00,23.05,23.18,22.86,23.02,92479.13
2025-07-31 19:00:00+00:00,23.03,23.04,22.77,22.83,79277.14
2025-07-31 20:00:00+00:00,22.82,22.9,22.65,22.8,109719.69
2025-07-31 21:00:00+00:00,22.8,22.99,22.54,22.71,192061.23
2025-07-31 22:00:00+00:00,22.7,22.71,22.45,22.5,147397.54
2025-07-31 23:00:00+00:00,22.5,22.66,22.4,22.47,351597.54
2025-08-01 00:00:00+00:00,22.47,22.5,21.8,22.28,347323.74
2025-08-01 01:00:00+00:00,22.27,22.39,21.98,22.33,250439.12
2025-08-01 02:00:00+00:00,22.32,22.47,22.26,22.41,66689.02
2025-08-01 03:00:00+00:00,22.41,22.58,22.33,22.43,60843.43
2025-08-01 04:00:00+00:00,22.42,22.42,22.16,22.17,112917.3
2025-08-01 05:00:00+00:00,22.17,22.23,21.88,21.91,127417.14
2025-08-01 06:00:00+00:00,21.91,22.03,21.75,21.99,154089.24
2025-08-01 07:00:00+00:00,21.99,22.17,21.84,22.16,123271.38
2025-08-01 08:00:00+00:00,22.15,22.15,21.63,21.85,160642.42
2025-08-01 09:00:00+00:00,21.84,22.14,21.81,21.83,145246.01
2025-08-01 10:00:00+00:00,21.82,22.06,21.81,21.99,69003.37
2025-08-01 11:00:00+00:00,22.0,22.16,21.88,22.13,59275.31
2025-08-01 12:00:00+00:00,22.13,22.39,22.05,22.14,204906.36
2025-08-01 13:00:00+00:00,22.14,22.28,21.58,21.74,232478.59
2025-08-01 14:00:00+00:00,21.74,22.34,21.6,22.28,229234.04
2025-08-01 15:00:00+00:00,22.28,22.32,21.94,22.09,175875.89
2025-08-01 16:00:00+00:00,22.08,22.24,21.79,21.84,199834.42
2025-08-01 17:00:00+00:00,21.84,21.91,21.62,21.7,206287.51
2025-08-01 18:00:00+00:00,21.7,21.92,21.49,21.75,219262.2
2025-08-01 19:00:00+00:00,21.75,22.06,21.71,21.9,159768.19
2025-08-01 20:00:00+00:00,21.9,21.99,21.4,21.76,201777.8
2025-08-01 21:00:00+00:00,21.76,21.9,21.71,21.73,73212.63
2025-08-01 22:00:00+00:00,21.73,21.75,21.02,21.27,310190.29
2025-08-01 23:00:00+00:00,21.27,21.6,21.22,21.51,58670.65
2025-08-02 00:00:00+00:00,21.52,21.71,21.47,21.7,65812.72
2025-08-02 01:00:00+00:00,21.7,21.74,21.58,21.71,33541.85
2025-08-02 02:00:00+00:00,21.71,21.74,21.69,21.71,12069.0
2025-08-02 03:00:00+00:00,21.72,21.78,21.66,21.7,38728.85
2025-08-02 04:00:00+00:00,21.71,21.82,21.62,21.81,25154.2
2025-08-02 05:00:00+00:00,21.81,21.81,21.7,21.7,27170.79
2025-08-02 06:00:00+00:00,21.71,21.71,21.22,21.33,96973.14
2025-08-02 07:00:00+00:00,21.33,21.69,21.18,21.66,76384.11
2025-08-02 08:00:00+00:00,21.67,21.73,21.4,21.43,43830.74
2025-08-02 09:00:00+00:00,21.43,21.52,21.36,21.46,38991.88
2025-08-02 10:00:00+00:00,21.46,21.49,21.25,21.41,51069.17
2025-08-02 11:00:00+00:00,21.4,21.61,21.27,21.49,34539.02
2025-08-02 12:00:00+00:00,21.5,21.55,21.37,21.53,27847.52
2025-08-02 13:00:00+00:00,21.53,21.65,21.4,21.6,30932.51
2025-08-02 14:00:00+00:00,21.6,21.66,21.19,21.3,76749.83
2025-08-02 15:00:00+00:00,21.3,21.49,21.14,21.22,63080.03
2025-08-02 16:00:00+00:00,21.23,21.3,21.0,21.2,132879.23
2025-08-02 17:00:00+00:00,21.2,21.32,20.81,20.9,101274.27
2025-08-02 18:00:00+00:00,20.89,20.98,20.66,20.78,179721.23
2025-08-02 19:00:00+00:00,20.78,21.12,20.7,20.88,68915.99
2025-08-02 20:00:00+00:00,20.87,21.07,20.86,21.03,48800.32
2025-08-02 21:00:00+00:00,21.03,21.14,20.88,20.98,43883.39
2025-08-02 22:00:00+00:00,20.98,21.1,20.83,21.01,50802.34
2025-08-02 23:00:00+00:00,21.0,21.04,20.7,20.86,74226.37
2025-08-03 00:00:00+00:00,20.87,21.04,20.57,21.03,98673.61
2025-08-03 01:00:00+00:00,21.02,21.12,20.93,21.03,40602.9
2025-08-03 02:00:00+00:00,21.04,21.18,21.04,21.18,33187.16
2025-08-03 03:00:00+00:00,21.17,21.21,21.11,21.14,20928.25
2025-08-03 04:00:00+00:00,21.13,21.19,21.07,21.15,25085.7
2025-08-03 05:00:00+00:00,21.15,21.23,21.11,21.16,20774.12
2025-08-03 06:00:00+00:00,21.16,21.19,21.08,21.15,16102.1
2025-08-03 07:00:00+00:00,21.16,21.25,21.11,21.17,42285.71
2025-08-03 08:00:00+00:00,21.18,21.27,21.16,21.25,40647.68
2025-08-03 09:00:00+00:00,21.24,21.26,21.15,21.25,22735.92
2025-08-03 10:00:00+00:00,21.25,21.41,21.25,21.36,70277.97
2025-08-03 11:00:00+00:00,21.35,21.49,21.32,21.37,106721.17
2025-08-03 12:00:00+00:00,21.38,21.47,21.27,21.43,49879.23
2025-08-03 13:00:00+00:00,21.42,21.49,21.31,21.37,38960.41
2025-08-03 14:00:00+00:00,21.38,21.42,21.24,21.34,78511.33
2025-08-03 15:00:00+00:00,21.34,21.43,21.25,21.42,34747.28
2025-08-03 16:00:00+00:00,21.42,21.47,21.31,21.44,58110.83
2025-08-03 17:00:00+00:00,21.43,21.47,21.33,21.41,37978.29
2025-08-03 18:00:00+00:00,21.41,21.46,21.32,21.43,37540.36
2025-08-03 19:00:00+00:00,21.43,21.54,21.37,21.41,61236.46
2025-08-03 20:00:00+00:00,21.4,21.41,21.32,21.39,34837.65
2025-08-03 21:00:00+00:00,21.38,21.46,21.34,21.41,32914.18
2025-08-03 22:00:00+00:00,21.42,21.5,21.27,21.41,35107.2
2025-08-03 23:00:00+00:00,21.41,21.53,21.35,21.37,27821.86
2025-08-04 00:00:00+00:00,21.38,21.84,21.34,21.82,196286.94
2025-08-04 01:00:00+00:00,21.82,21.89,21.69,21.73,184066.07
2025-08-04 02:00:00+00:00,21.74,21.93,21.69,21.87,99850.8
2025-08-04 03:00:00+00:00,21.88,21.9,21.71,21.77,79382.34
2025-08-04 04:00:00+00:00,21.77,21.97,21.77,21.92,187587.15
2025-08-04 05:00:00+00:00,21.92,21.94,21.76,21.88,39203.71
2025-08-04 06:00:00+00:00,21.87,21.93,21.72,21.92,54033.52
2025-08-04 07:00:00+00:00,21.91,22.0,21.84,21.93,58716.72
2025-08-04 08:00:00+00:00,21.94,22.04,21.83,21.97,68505.32
2025-08-04 09:00:00+00:00,21.98,22.04,21.88,21.9,81883.63
2025-08-04 10:00:00+00:00,21.9,21.98,21.82,21.83,47820.01
2025-08-04 11:00:00+00:00,21.83,21.86,21.72,21.84,50603.83
2025-08-04 12:00:00+00:00,21.84,21.91,21.81,21.9,38235.89
2025-08-04 13:00:00+00:00,21.9,22.2,21.77,22.19,132665.59
2025-08-04 14:00:00+00:00,22.19,22.61,22.11,22.14,438992.25
2025-08-04 15:00:00+00:00,22.15,22.45,22.11,22.36,139303.44
2025-08-04 16:00:00+00:00,22.36,22.65,22.36,22.64,120932.11
2025-08-04 17:00:00+00:00,22.65,22.85,22.52,22.57,146742.35
2025-08-04 18:00:00+00:00,22.56,22.62,22.4,22.44,43124.53
2025-08-04 19:00:00+00:00,22.44,22.45,22.26,22.3,35990.86
2025-08-04 20:00:00+00:00,22.31,22.62,22.27,22.59,54019.12
2025-08-04 21:00:00+00:00,22.59,23.0,22.59,22.83,260030.78
2025-08-04 22:00:00+00:00,22.84,23.12,22.84,23.1,175834.95
2025-08-04 23:00:00+00:00,23.11,23.13,22.97,23.11,94367.54
2025-08-05 00:00:00+00:00,23.12,23.14,22.99,23.11,100046.81
2025-08-05 01:00:00+00:00,23.12,23.14,22.85,22.86,51146.74
2025-08-05 02:00:00+00:00,22.85,22.93,22.77,22.83,41342.55
2025-08-05 03:00:00+00:00,22.83,22.83,22.66,22.73,155779.25
2025-08-05 04:00:00+00:00,22.73,22.81,22.72,22.74,59477.18
2025-08-05 05:00:00+00:00,22.73,22.85,22.72,22.78,58070.75
2025-08-05 06:00:00+00:00,22.79,22.79,22.45,22.47,59272.18
2025-08-05 07:00:00+00:00,22.46,22.5,22.15,22.23,119285.27
2025-08-05 08:00:00+00:00,22.22,22.38,22.18,22.36,48758.29
2025-08-05 09:00:00+00:00,22.36,22.64,22.34,22.6,48143.54
2025-08-05 10:00:00+00:00,22.59,22.83,22.52,22.8,79779.7
2025-08-05 11:00:00+00:00,22.8,22.82,22.62,22.66,55969.08
2025-08-05 12:00:00+00:00,22.65,22.7,22.24,22.32,193264.05
2025-08-05 13:00:00+00:00,22.32,22.46,22.26,22.38,49942.04
2025-08-05 14:00:00+00:00,22.37,22.4,21.83,21.93,207608.81
2025-08-05 15:00:00+00:00,21.92,22.0,21.63,21.73,120629.18
2025-08-05 16:00:00+00:00,21.72,21.93,21.67,21.79,65482.98
2025-08-05 17:00:00+00:00,21.79,21.93,21.73,21.91,27858.47
2025-08-05 18:00:00+00:00,21.91,21.94,21.67,21.8,39936.47
2025-08-05 19:00:00+00:00,21.8,21.87,21.63,21.69,27296.68
2025-08-05 20:00:00+00:00,21.69,21.86,21.65,21.68,28490.74
2025-08-05 21:00:00+00:00,21.67,21.76,21.58,21.6,21323.28
2025-08-05 22:00:00+00:00,21.59,21.8,21.44,21.77,103048.53
2025-08-05 23:00:00+00:00,21.77,21.95,21.75,21.92,92115.93
2025-08-06 00:00:00+00:00,21.92,21.96,21.69,21.75,141634.17
2025-08-06 01:00:00+00:00,21.74,21.8,21.59,21.79,138825.49
2025-08-06 02:00:00+00:00,21.79,21.81,21.66,21.74,17618.32
2025-08-06 03:00:00+00:00,21.75,21.78,21.62,21.66,21497.22
2025-08-06 04:00:00+00:00,21.67,21.74,21.57,21.73,19601.61
2025-08-06 05:00:00+00:00,21.73,22.31,21.67,22.13,143155.66
2025-08-06 06:00:00+00:00,22.14,22.21,21.98,22.15,78275.81
2025-08-06 07:00:00+00:00,22.15,22.28,22.11,22.24,42209.18
2025-08-06 08:00:00+00:00,22.24,22.29,21.97,22.06,42991.59
2025-08-06 09:00:00+00:00,22.06,22.23,21.99,22.04,51212.72
2025-08-06 10:00:00+00:00,22.05,22.08,21.91,21.95,48817.35
2025-08-06 11:00:00+00:00,21.96,22.1,21.91,21.94,47197.59
2025-08-06 12:00:00+00:00,21.95,22.0,21.77,21.83,38463.69
2025-08-06 13:00:00+00:00,21.84,21.98,21.77,21.92,57347.82
2025-08-06 14:00:00+00:00,21.92,22.23,21.8,22.23,142476.01
2025-08-06 15:00:00+00:00,22.23,22.38,22.07,22.34,109906.96
2025-08-06 16:00:00+00:00,22.34,22.4,22.04,22.08,111185.08
2025-08-06 17:00:00+00:00,22.08,22.26,22.01,22.26,112431.35
2025-08-06 18:00:00+00:00,22.26,22.39,22.2,22.22,83356.75
2025-08-06 19:00:00+00:00,22.22,22.28,22.16,22.26,51075.88
2025-08-06 20:00:00+00:00,22.26,22.28,22.13,22.16,23188.5
2025-08-06 21:00:00+00:00,22.17,22.28,22.1,22.18,36559.6
2025-08-06 22:00:00+00:00,22.19,22.28,22.18,22.28,30882.55
2025-08-06 23:00:00+00:00,22.28,22.31,22.21,22.23,19686.48
2025-08-07 00:00:00+00:00,22.24,22.28,22.15,22.18,22984.91
2025-08-07 01:00:00+00:00,22.18,22.35,22.09,22.1,39530.78
2025-08-07 02:00:00+00:00,22.11,22.17,22.02,22.04,26230.33
2025-08-07 03:00:00+00:00,22.05,22.09,21.98,22.01,17478.73
2025-08-07 04:00:00+00:00,22.0,22.11,21.97,22.01,18975.5
2025-08-07 05:00:00+00:00,22.0,22.19,21.95,22.18,62016.33
2025-08-07 06:00:00+00:00,22.19,22.32,22.17,22.17,189055.62
2025-08-07 07:00:00+00:00,22.17,22.28,22.17,22.21,148389.44
2025-08-07 08:00:00+00:00,22.21,22.38,22.21,22.28,48300.09
2025-08-07 09:00:00+00:00,22.28,22.37,22.2,22.32,82054.81
2025-08-07 10:00:00+00:00,22.32,22.81,22.3,22.79,278132.98
2025-08-07 11:00:00+00:00,22.79,22.9,22.74,22.78,239072.82
2025-08-07 12:00:00+00:00,22.78,22.82,22.61,22.75,82803.43
2025-08-07 13:00:00+00:00,22.75,22.82,22.71,22.75,135555.19
2025-08-07 14:00:00+00:00,22.76,22.77,22.55,22.59,69469.74
2025-08-07 15:00:00+00:00,22.58,22.68,22.5,22.65,57779.71
2025-08-07 16:00:00+00:00,22.66,22.71,22.19,22.47,128983.99
2025-08-07 17:00:00+00:00,22.46,22.57,22.4,22.53,59102.62
2025-08-07 18:00:00+00:00,22.53,22.56,22.42,22.54,46187.91
2025-08-07 19:00:00+00:00,22.55,22.89,22.52,22.87,75290.1
2025-08-07 20:00:00+00:00,22.87,23.03,22.84,22.99,328660.63
2025-08-07 21:00:00+00:00,22.99,23.15,22.89,23.08,196780.44
2025-08-07 22:00:00+00:00,23.08,23.36,23.05,23.33,171995.77
2025-08-07 23:00:00+00:00,23.33,23.36,23.22,23.36,81692.92
2025-08-08 00:00:00+00:00,23.35,23.7,23.02,23.29,358489.17
2025-08-08 01:00:00+00:00,23.29,23.44,23.0,23.21,348769.1
2025-08-08 02:00:00+00:00,23.21,23.35,23.11,23.21,65883.02
2025-08-08 03:00:00+00:00,23.21,23.4,23.17,23.28,86354.45
2025-08-08 04:00:00+00:00,23.28,23.31,23.11,23.11,51816.0
2025-08-08 05:00:00+00:00,23.11,23.22,23.05,23.07,58646.91
2025-08-08 06:00:00+00:00,23.07,23.42,23.03,23.41,67337.83
2025-08-08 07:00:00+00:00,23.41,23.57,23.22,23.49,124894.0
2025-08-08 08:00:00+00:00,23.49,23.61,23.31,23.43,151278.53
2025-08-08 09:00:00+00:00,23.43,23.59,23.37,23.55,72681.87
2025-08-08 10:00:00+00:00,23.54,23.6,23.44,23.51,87642.0
2025-08-08 11:00:00+00:00,23.52,23.57,23.47,23.51,63550.04
2025-08-08 12:00:00+00:00,23.51,23.53,23.24,23.25,73867.95
2025-08-08 13:00:00+00:00,23.24,23.7,23.23,23.68,151746.82
2025-08-08 14:00:00+00:00,23.69,23.8,23.23,23.39,440799.42
2025-08-08 15:00:00+00:00,23.39,23.41,23.04,23.19,121422.92
2025-08-08 16:00:00+00:00,23.18,23.33,23.16,23.29,92856.51
2025-08-08 17:00:00+00:00,23.29,23.77,23.28,23.77,113522.06
2025-08-08 18:00:00+00:00,23.77,23.85,23.61,23.7,137530.29
2025-08-08 19:00:00+00:00,23.7,23.8,23.64,23.8,77679.82
2025-08-08 20:00:00+00:00,23.8,23.86,23.69,23.75,85451.77
2025-08-08 21:00:00+00:00,23.76,23.8,23.67,23.75,33828.9
2025-08-08 22:00:00+00:00,23.74,23.86,23.68,23.81,46947.67
2025-08-08 23:00:00+00:00,23.81,23.87,23.74,23.79,35553.18
2025-08-09 00:00:00+00:00,23.8,23.83,23.73,23.81,33330.09
2025-08-09 01:00:00+00:00,23.82,24.08,23.77,24.02,69582.93
2025-08-09 02:00:00+00:00,24.03,24.19,24.0,24.08,95458.77
2025-08-09 03:00:00+00:00,24.08,24.17,23.94,24.0,61804.72
2025-08-09 04:00:00+00:00,24.0,24.18,23.93,24.16,55325.71
2025-08-09 05:00:00+00:00,24.16,24.68,24.11,24.47,399179.05
2025-08-09 06:00:00+00:00,24.47,24.53,24.17,24.22,154872.1
2025-08-09 07:00:00+00:00,24.22,24.42,24.2,24.42,55427.84
2025-08-09 08:00:00+00:00,24.41,24.52,24.36,24.44,76660.75
2025-08-09 09:00:00+00:00,24.44,24.69,24.39,24.67,103597.16
2025-08-09 10:00:00+00:00,24.67,24.76,24.63,24.66,89653.13
2025-08-09 11:00:00+00:00,24.66,24.71,24.53,24.59,93246.56
2025-08-09 12:00:00+00:00,24.59,24.8,24.54,24.77,88373.2
2025-08-09 13:00:00+00:00,24.77,24.77,24.27,24.31,348563.78
2025-08-09 14:00:00+00:00,24.32,24.36,24.12,24.3,403492.82
2025-08-09 15:00:00+00:00,24.29,24.38,24.02,24.16,263436.31
2025-08-09 16:00:00+00:00,24.16,24.33,24.16,24.21,72859.71
2025-08-09 17:00:00+00:00,24.21,24.4,24.17,24.34,70387.22
2025-08-09 18:00:00+00:00,24.33,24.47,24.25,24.46,69796.99
2025-08-09 19:00:00+00:00,24.45,24.58,24.43,24.48,56012.29
2025-08-09 20:00:00+00:00,24.48,24.82,24.47,24.75,160543.54
2025-08-09 21:00:00+00:00,24.75,24.78,24.45,24.58,127272.56
2025-08-09 22:00:00+00:00,24.59,24.81,24.34,24.39,212264.82
2025-08-09 23:00:00+00:00,24.39,24.41,24.14,24.23,545369.32
2025-08-10 00:00:00+00:00,24.24,24.49,24.21,24.44,101300.52
2025-08-10 01:00:00+00:00,24.44,24.49,24.23,24.35,92319.91
2025-08-10 02:00:00+00:00,24.35,24.37,24.09,24.13,82657.1
2025-08-10 03:00:00+00:00,24.12,24.44,24.05,24.4,111277.77
2025-08-10 04:00:00+00:00,24.4,24.55,24.27,24.46,61079.95
2025-08-10 05:00:00+00:00,24.47,24.47,24.05,24.07,120073.46
2025-08-10 06:00:00+00:00,24.07,24.11,23.85,23.94,97554.05
2025-08-10 07:00:00+00:00,23.93,24.01,23.45,23.48,277339.81
2025-08-10 08:00:00+00:00,23.48,23.68,23.26,23.65,183267.73
2025-08-10 09:00:00+00:00,23.66,23.72,23.57,23.64,46952.31
2025-08-10 10:00:00+00:00,23.64,23.67,23.39,23.5,72435.72
2025-08-10 11:00:00+00:00,23.5,23.68,23.45,23.53,61450.44
2025-08-10 12:00:00+00:00,23.53,23.69,23.5,23.66,56058.13
2025-08-10 13:00:00+00:00,23.67,23.73,23.49,23.5,45915.75
2025-08-10 14:00:00+00:00,23.5,23.95,23.45,23.84,87239.79
2025-08-10 15:00:00+00:00,23.83,24.05,23.75,23.96,77183.18
2025-08-10 16:00:00+00:00,23.95,24.03,23.76,23.82,69329.0
2025-08-10 17:00:00+00:00,23.82,23.9,23.74,23.82,48475.97
2025-08-10 18:00:00+00:00,23.83,23.97,23.82,23.94,25000.06
2025-08-10 19:00:00+00:00,23.93,23.97,23.87,23.9,24199.15
2025-08-10 20:00:00+00:00,23.91,23.92,23.67,23.73,125110.49
2025-08-10 21:00:00+00:00,23.73,23.78,23.54,23.75,70019.48
2025-08-10 22:00:00+00:00,23.75,23.79,23.65,23.79,66140.91
2025-08-10 23:00:00+00:00,23.8,23.87,23.64,23.83,39697.26
2025-08-11 00:00:00+00:00,23.84,23.98,23.68,23.68,76485.9
2025-08-11 01:00:00+00:00,23.68,24.13,23.67,24.02,59447.94
2025-08-11 02:00:00+00:00,24.01,24.47,24.01,24.42,186381.61
2025-08-11 03:00:00+00:00,24.43,24.44,24.29,24.41,90737.69
2025-08-11 04:00:00+00:00,24.41,24.6,24.4,24.43,128342.23
2025-08-11 05:00:00+00:00,24.42,24.57,24.35,24.47,140831.96
2025-08-11 06:00:00+00:00,24.47,24.63,24.45,24.55,210565.22
2025-08-11 07:00:00+00:00,24.54,24.55,24.04,24.11,106224.45
2025-08-11 08:00:00+00:00,24.11,24.37,23.92,24.22,106019.37
2025-08-11 09:00:00+00:00,24.22,24.28,23.95,24.05,77694.94
2025-08-11 10:00:00+00:00,24.05,24.08,23.85,23.91,92330.75
2025-08-11 11:00:00+00:00,23.9,23.92,23.29,23.39,217919.0
2025-08-11 12:00:00+00:00,23.38,23.39,23.14,23.26,174972.05
2025-08-11 13:00:00+00:00,23.26,23.59,23.08,23.53,208949.6
2025-08-11 14:00:00+00:00,23.53,23.74,23.43,23.52,160840.82
2025-08-11 15:00:00+00:00,23.51,23.75,23.38,23.75,98865.99
2025-08-11 16:00:00+00:00,23.74,24.05,23.57,23.66,189284.72
2025-08-11 17:00:00+00:00,23.66,23.74,23.47,23.52,72836.94
2025-08-11 18:00:00+00:00,23.52,23.58,23.31,23.48,92292.35
2025-08-11 19:00:00+00:00,23.47,23.48,23.11,23.25,89913.67
2025-08-11 20:00:00+00:00,23.24,23.25,23.1,23.19,65367.71
2025-08-11 21:00:00+00:00,23.18,23.27,22.72,22.9,149816.73
2025-08-11 22:00:00+00:00,22.9,22.92,22.65,22.8,88584.72
2025-08-11 23:00:00+00:00,22.79,22.93,22.76,22.79,33043.98
2025-08-12 00:00:00+00:00,22.79,23.09,22.74,23.03,70994.49
2025-08-12 01:00:00+00:00,23.03,23.11,22.95,23.05,53901.02
2025-08-12 02:00:00+00:00,23.05,23.27,23.0,23.13,43278.61
2025-08-12 03:00:00+00:00,23.13,23.14,22.98,23.0,38577.45
2025-08-12 04:00:00+00:00,23.0,23.21,22.96,23.19,41496.93
2025-08-12 05:00:00+00:00,23.18,23.18,22.9,22.96,54457.19
2025-08-12 06:00:00+00:00,22.96,23.11,22.81,22.98,75448.66
2025-08-12 07:00:00+00:00,22.98,23.15,22.98,23.13,38469.21
2025-08-12 08:00:00+00:00,23.13,23.23,22.96,22.98,86184.59
2025-08-12 09:00:00+00:00,22.98,23.02,22.86,22.98,56859.33
2025-08-12 10:00:00+00:00,22.99,23.09,22.89,22.98,65333.68
2025-08-12 11:00:00+00:00,22.98,23.02,22.76,22.97,70130.93
2025-08-12 12:00:00+00:00,22.98,23.67,22.88,23.6,526211.71
2025-08-12 13:00:00+00:00,23.6,23.81,23.35,23.49,260913.02
2025-08-12 14:00:00+00:00,23.49,23.97,23.45,23.95,185989.46
2025-08-12 15:00:00+00:00,23.94,24.24,23.94,24.2,219940.46
2025-08-12 16:00:00+00:00,24.2,24.38,24.14,24.31,168720.07
2025-08-12 17:00:00+00:00,24.31,24.49,24.26,24.29,176281.66
2025-08-12 18:00:00+00:00,24.3,24.56,24.24,24.28,246221.4
2025-08-12 19:00:00+00:00,24.29,24.61,24.29,24.6,162648.16
2025-08-12 20:00:00+00:00,24.6,24.9,24.54,24.84,258312.6
2025-08-12 21:00:00+00:00,24.83,24.87,24.55,24.61,140385.09
2025-08-12 22:00:00+00:00,24.62,24.74,24.56,24.64,124591.37
2025-08-12 23:00:00+00:00,24.64,24.73,24.55,24.67,69370.93
2025-08-13 00:00:00+00:00,24.67,24.9,24.66,24.79,111026.8
2025-08-13 01:00:00+00:00,24.79,24.8,24.37,24.49,100638.59
2025-08-13 02:00:00+00:00,24.49,24.88,24.38,24.86,68174.93
2025-08-13 03:00:00+00:00,24.87,25.04,24.75,24.98,212092.24
2025-08-13 04:00:00+00:00,24.97,25.14,24.81,24.93,121173.04
2025-08-13 05:00:00+00:00,24.92,24.93,24.52,24.57,72084.04
2025-08-13 06:00:00+00:00,24.56,24.67,24.42,24.58,73300.08
2025-08-13 07:00:00+00:00,24.58,24.76,24.55,24.75,80311.66
2025-08-13 08:00:00+00:00,24.75,24.97,24.74,24.92,101691.92
2025-08-13 09:00:00+00:00,24.93,25.34,24.92,25.3,213299.91
2025-08-13 10:00:00+00:00,25.3,25.44,25.23,25.27,212068.58
2025-08-13 11:00:00+00:00,25.27,25.27,25.02,25.04,155933.09
2025-08-13 12:00:00+00:00,25.04,25.24,25.03,25.05,115171.2
2025-08-13 13:00:00+00:00,25.05,25.42,24.91,25.15,246296.66
2025-08-13 14:00:00+00:00,25.15,25.22,24.81,24.88,254141.02
2025-08-13 15:00:00+00:00,24.89,25.12,24.75,24.99,162756.59
2025-08-13 16:00:00+00:00,25.0,25.31,24.96,25.07,246717.16
2025-08-13 17:00:00+00:00,25.08,25.24,25.01,25.15,62964.51
2025-08-13 18:00:00+00:00,25.15,25.26,24.99,25.1,85508.16
2025-08-13 19:00:00+00:00,25.09,25.38,25.07,25.36,74174.9
2025-08-13 20:00:00+00:00,25.36,25.41,25.22,25.32,82473.62
2025-08-13 21:00:00+00:00,25.32,25.59,25.24,25.32,155125.78
2025-08-13 22:00:00+00:00,25.32,25.64,25.27,25.49,125706.66
2025-08-13 23:00:00+00:00,25.49,25.68,25.46,25.47,122414.77
2025-08-14 00:00:00+00:00,25.47,25.66,25.32,25.37,96658.67
2025-08-14 01:00:00+00:00,25.38,25.57,25.24,25.45,109620.28
2025-08-14 02:00:00+00:00,25.45,25.93,25.41,25.88,121438.82
2025-08-14 03:00:00+00:00,25.88,25.99,25.7,25.92,104198.21
2025-08-14 04:00:00+00:00,25.93,25.96,25.53,25.55,157980.11
2025-08-14 05:00:00+00:00,25.55,25.68,25.39,25.47,124290.84
2025-08-14 06:00:00+00:00,25.46,25.6,25.09,25.55,138487.57
2025-08-14 07:00:00+00:00,25.54,25.64,25.12,25.29,158386.14
2025-08-14 08:00:00+00:00,25.29,25.31,24.93,25.06,159036.38
2025-08-14 09:00:00+00:00,25.06,25.3,24.95,25.26,101526.34
2025-08-14 10:00:00+00:00,25.25,25.25,24.74,24.96,142007.27
2025-08-14 11:00:00+00:00,24.96,25.08,24.91,25.03,87143.0
2025-08-14 12:00:00+00:00,25.03,25.12,23.36,23.75,1511789.5
2025-08-14 13:00:00+00:00,23.75,24.11,23.28,23.95,801499.18
2025-08-14 14:00:00+00:00,23.95,24.29,23.87,24.1,459493.38
2025-08-14 15:00:00+00:00,24.1,24.22,23.86,23.88,167945.97
2025-08-14 16:00:00+00:00,23.88,23.92,23.53,23.66,235638.46
2025-08-14 17:00:00+00:00,23.65,23.78,23.45,23.72,144775.22
2025-08-14 18:00:00+00:00,23.72,23.74,23.37,23.63,162696.6
2025-08-14 19:00:00+00:00,23.63,23.91,23.58,23.61,155170.33
2025-08-14 20:00:00+00:00,23.6,23.61,23.41,23.56,108268.03
2025-08-14 21:00:00+00:00,23.56,23.64,23.21,23.37,291425.78
2025-08-14 22:00:00+00:00,23.36,23.57,23.18,23.56,108055.14
2025-08-14 23:00:00+00:00,23.55,23.73,23.54,23.67,126368.33
2025-08-15 00:00:00+00:00,23.66,24.02,23.63,23.97,315185.51
2025-08-15 01:00:00+00:00,23.96,24.04,23.8,23.92,121096.32
2025-08-15 02:00:00+00:00,23.92,24.01,23.86,23.96,57251.3
2025-08-15 03:00:00+00:00,23.97,24.9,23.94,24.88,611554.53
2025-08-15 04:00:00+00:00,24.87,25.27,24.62,24.63,407420.2
2025-08-15 05:00:00+00:00,24.63,25.24,24.63,25.22,375060.75
2025-08-15 06:00:00+00:00,25.22,25.66,25.19,25.19,260961.21
2025-08-15 07:00:00+00:00,25.2,25.45,25.11,25.43,125451.41
2025-08-15 08:00:00+00:00,25.43,25.47,25.18,25.18,116290.39
2025-08-15 09:00:00+00:00,25.18,25.22,24.75,24.83,146924.56
2025-08-15 10:00:00+00:00,24.83,24.92,24.66,24.7,99409.75
2025-08-15 11:00:00+00:00,24.69,24.74,24.57,24.57,103766.45
2025-08-15 12:00:00+00:00,24.58,24.76,24.33,24.4,329161.59
2025-08-15 13:00:00+00:00,24.39,24.51,24.11,24.18,229235.6
2025-08-15 14:00:00+00:00,24.17,24.28,23.87,23.87,295841.88
2025-08-15 15:00:00+00:00,23.87,23.92,23.58,23.71,644047.06
2025-08-15 16:00:00+00:00,23.7,23.92,23.46,23.83,290275.54
2025-08-15 17:00:00+00:00,23.83,24.24,23.59,24.12,249981.51
2025-08-15 18:00:00+00:00,24.11,24.19,23.53,23.64,307243.81
2025-08-15 19:00:00+00:00,23.63,23.79,23.5,23.54,144515.14
2025-08-15 20:00:00+00:00,23.54,23.78,23.46,23.76,77567.93
2025-08-15 21:00:00+00:00,23.76,23.87,23.61,23.77,68305.03
2025-08-15 22:00:00+00:00,23.77,24.1,23.69,24.08,80879.72
2025-08-15 23:00:00+00:00,24.08,24.15,23.57,23.77,136287.51
2025-08-16 00:00:00+00:00,23.76,24.15,23.7,24.09,112090.93
2025-08-16 01:00:00+00:00,24.1,24.12,23.82,23.96,59448.81
2025-08-16 02:00:00+00:00,23.95,23.96,23.82,23.88,51146.96
2025-08-16 03:00:00+00:00,23.89,24.06,23.84,23.89,37996.04
2025-08-16 04:00:00+00:00,23.89,23.97,23.75,23.93,48815.35
2025-08-16 05:00:00+00:00,23.93,23.93,23.66,23.7,45977.79
2025-08-16 06:00:00+00:00,23.7,23.77,23.63,23.73,37650.2
2025-08-16 07:00:00+00:00,23.73,24.0,23.71,24.0,85780.22
2025-08-16 08:00:00+00:00,23.99,24.08,23.93,23.98,101545.82
2025-08-16 09:00:00+00:00,23.98,24.09,23.62,23.64,98769.54
2025-08-16 10:00:00+00:00,23.64,23.74,23.57,23.62,126128.24
2025-08-16 11:00:00+00:00,23.63,23.84,23.6,23.61,55524.98
2025-08-16 12:00:00+00:00,23.61,23.82,23.57,23.81,64311.29
2025-08-16 13:00:00+00:00,23.81,23.95,23.7,23.72,62906.57
2025-08-16 14:00:00+00:00,23.73,24.0,23.67,23.98,109450.8
2025-08-16 15:00:00+00:00,23.98,24.27,23.88,24.21,131858.15
2025-08-16 16:00:00+00:00,24.21,24.29,24.01,24.1,89967.99
2025-08-16 17:00:00+00:00,24.09,24.09,23.91,23.97,55271.34
2025-08-16 18:00:00+00:00,23.97,24.1,23.9,24.0,32127.54
2025-08-16 19:00:00+00:00,24.0,24.27,23.99,24.16,62162.2
2025-08-16 20:00:00+00:00,24.16,24.37,24.16,24.31,60346.04
2025-08-16 21:00:00+00:00,24.31,24.33,24.16,24.19,27073.78
2025-08-16 22:00:00+00:00,24.2,24.32,24.13,24.25,23952.89
2025-08-16 23:00:00+00:00,24.26,24.32,24.15,24.3,30279.85
2025-08-17 00:00:00+00:00,24.3,24.32,24.06,24.08,34239.6
2025-08-17 01:00:00+00:00,24.07,24.15,24.02,24.09,29310.63
2025-08-17 02:00:00+00:00,24.1,24.37,24.03,24.36,32129.6
2025-08-17 03:00:00+00:00,24.37,24.47,24.22,24.43,39477.34
2025-08-17 04:00:00+00:00,24.43,24.65,24.41,24.64,80582.03
2025-08-17 05:00:00+00:00,24.65,24.76,24.54,24.58,76133.65
2025-08-17 06:00:00+00:00,24.58,24.69,24.48,24.49,49318.4
2025-08-17 07:00:00+00:00,24.49,24.6,24.44,24.56,49383.58
2025-08-17 08:00:00+00:00,24.56,24.76,24.49,24.74,61223.28
2025-08-17 09:00:00+00:00,24.73,24.84,24.64,24.83,106511.38
2025-08-17 10:00:00+00:00,24.83,24.94,24.76,24.79,100023.37
2025-08-17 11:00:00+00:00,24.78,24.84,24.65,24.83,130227.17
2025-08-17 12:00:00+00:00,24.84,24.87,24.65,24.66,59019.74
2025-08-17 13:00:00+00:00,24.66,24.93,24.58,24.84,77992.3
2025-08-17 14:00:00+00:00,24.84,25.09,24.81,25.05,160763.04
2025-08-17 15:00:00+00:00,25.05,25.45,25.05,25.42,254497.12
2025-08-17 16:00:00+00:00,25.43,25.52,24.93,24.99,305591.37
2025-08-17 17:00:00+00:00,24.99,25.61,24.92,25.55,291394.98
2025-08-17 18:00:00+00:00,25.55,25.68,24.94,25.19,373193.98
2025-08-17 19:00:00+00:00,25.19,25.38,25.03,25.07,122217.17
2025-08-17 20:00:00+00:00,25.07,25.23,25.02,25.09,52865.24
2025-08-17 21:00:00+00:00,25.09,25.2,25.0,25.05,65942.86
2025-08-17 22:00:00+00:00,25.04,25.3,25.01,25.24,82542.09
2025-08-17 23:00:00+00:00,25.25,25.26,25.01,25.06,79194.47
2025-08-18 00:00:00+00:00,25.07,25.33,24.85,25.21,141039.85
2025-08-18 01:00:00+00:00,25.21,25.24,24.64,24.7,278532.33
2025-08-18 02:00:00+00:00,24.69,24.73,23.99,24.05,444220.19
2025-08-18 03:00:00+00:00,24.04,24.12,23.71,23.96,239372.46
2025-08-18 04:00:00+00:00,23.95,24.14,23.78,24.09,159423.39
2025-08-18 05:00:00+00:00,24.09,24.15,23.73,23.94,124015.25
2025-08-18 06:00:00+00:00,23.93,23.93,23.43,23.57,248795.66
2025-08-18 07:00:00+00:00,23.57,23.65,23.47,23.53,103470.88
2025-08-18 08:00:00+00:00,23.53,23.67,23.47,23.52,135677.76
2025-08-18 09:00:00+00:00,23.52,23.82,23.36,23.72,192403.04
2025-08-18 10:00:00+00:00,23.73,23.9,23.65,23.77,124323.48
2025-08-18 11:00:00+00:00,23.78,23.86,23.62,23.68,76665.74
2025-08-18 12:00:00+00:00,23.68,24.09,23.63,24.08,93251.45
2025-08-18 13:00:00+00:00,24.09,24.18,23.56,23.57,243854.84
2025-08-18 14:00:00+00:00,23.57,23.71,23.38,23.62,243362.68
2025-08-18 15:00:00+00:00,23.63,23.78,23.4,23.77,169275.88
2025-08-18 16:00:00+00:00,23.78,23.87,23.42,23.48,147564.94
2025-08-18 17:00:00+00:00,23.47,24.01,23.46,23.68,147269.62
2025-08-18 18:00:00+00:00,23.68,23.88,23.56,23.86,84028.33
2025-08-18 19:00:00+00:00,23.87,23.94,23.71,23.83,90357.32
2025-08-18 20:00:00+00:00,23.84,23.91,23.57,23.73,80198.14
2025-08-18 21:00:00+00:00,23.74,23.95,23.69,23.9,56279.55
2025-08-18 22:00:00+00:00,23.9,24.14,23.86,23.87,102582.26
2025-08-18 23:00:00+00:00,23.86,23.94,23.62,23.7,66450.87
2025-08-19 00:00:00+00:00,23.7,23.94,23.36,23.94,164093.34
2025-08-19 01:00:00+00:00,23.93,24.06,23.54,23.61,93406.97
2025-08-19 02:00:00+00:00,23.6,23.65,23.45,23.5,63378.76
2025-08-19 03:00:00+00:00,23.51,23.53,23.06,23.11,233300.8
2025-08-19 04:00:00+00:00,23.11,23.25,23.0,23.24,169763.98
2025-08-19 05:00:00+00:00,23.24,23.31,23.12,23.17,57909.26
2025-08-19 06:00:00+00:00,23.16,23.23,23.06,23.12,70377.96
2025-08-19 07:00:00+00:00,23.12,23.14,22.93,23.04,273119.31
2025-08-19 08:00:00+00:00,23.03,23.16,22.86,23.05,103123.75
2025-08-19 09:00:00+00:00,23.05,23.24,23.03,23.17,123100.25
2025-08-19 10:00:00+00:00,23.17,23.37,23.11,23.29,76667.26
2025-08-19 11:00:00+00:00,23.3,23.41,23.25,23.35,57043.24
2025-08-19 12:00:00+00:00,23.34,23.35,23.12,23.25,58363.24
2025-08-19 13:00:00+00:00,23.25,23.48,22.95,23.16,173289.77
2025-08-19 14:00:00+00:00,23.17,23.27,22.67,22.83,281798.77
2025-08-19 15:00:00+00:00,22.83,23.08,22.68,22.78,213852.95
2025-08-19 16:00:00+00:00,22.78,22.86,22.61,22.7,161628.46
2025-08-19 17:00:00+00:00,22.69,22.83,22.53,22.77,126236.51
2025-08-19 18:00:00+00:00,22.77,22.78,22.39,22.48,110234.22
2025-08-19 19:00:00+00:00,22.47,22.69,22.35,22.51,98115.45
2025-08-19 20:00:00+00:00,22.51,22.71,22.4,22.69,37997.5
2025-08-19 21:00:00+00:00,22.69,22.75,22.61,22.68,25061.56
2025-08-19 22:00:00+00:00,22.68,22.69,22.56,22.61,29950.67
2025-08-19 23:00:00+00:00,22.61,22.63,22.31,22.37,80546.1
2025-08-20 00:00:00+00:00,22.36,22.55,22.35,22.5,58261.89
2025-08-20 01:00:00+00:00,22.5,22.6,22.23,22.57,98744.19
2025-08-20 02:00:00+00:00,22.57,22.68,22.53,22.62,66558.42
2025-08-20 03:00:00+00:00,22.63,22.81,22.59,22.7,57351.75
2025-08-20 04:00:00+00:00,22.7,22.9,22.7,22.83,84210.52
2025-08-20 05:00:00+00:00,22.83,22.97,22.72,22.96,40013.22
2025-08-20 06:00:00+00:00,22.97,22.98,22.79,22.84,45177.3
2025-08-20 07:00:00+00:00,22.85,22.99,22.76,22.77,46091.05
2025-08-20 08:00:00+00:00,22.78,23.04,22.75,23.03,96910.13
2025-08-20 09:00:00+00:00,23.02,23.04,22.87,22.91,88505.64
2025-08-20 10:00:00+00:00,22.92,23.0,22.86,22.94,45267.96
2025-08-20 11:00:00+00:00,22.94,22.96,22.55,22.82,132459.63
2025-08-20 12:00:00+00:00,22.82,23.02,22.76,22.93,57597.1
2025-08-20 13:00:00+00:00,22.93,22.98,22.5,22.58,217291.89
2025-08-20 14:00:00+00:00,22.58,23.04,22.36,22.88,266184.04
2025-08-20 15:00:00+00:00,22.87,23.35,22.83,23.1,258909.85
2025-08-20 16:00:00+00:00,23.1,23.39,23.1,23.18,91129.48
2025-08-20 17:00:00+00:00,23.17,23.47,23.17,23.37,92396.03
2025-08-20 18:00:00+00:00,23.38,23.4,22.96,23.16,98590.76
2025-08-20 19:00:00+00:00,23.16,23.54,23.13,23.53,95555.89
2025-08-20 20:00:00+00:00,23.53,23.54,23.41,23.48,71944.0
2025-08-20 21:00:00+00:00,23.49,23.54,23.33,23.46,75372.53
2025-08-20 22:00:00+00:00,23.46,23.55,23.42,23.53,64365.03
2025-08-20 23:00:00+00:00,23.54,23.55,23.41,23.46,44305.91
2025-08-21 00:00:00+00:00,23.45,23.48,23.31,23.47,42681.95
2025-08-21 01:00:00+00:00,23.46,23.55,23.32,23.54,56519.48
2025-08-21 02:00:00+00:00,23.55,23.62,23.16,23.26,293515.76
2025-08-21 03:00:00+00:00,23.27,23.57,23.27,23.4,61197.43
2025-08-21 04:00:00+00:00,23.4,23.48,23.33,23.4,38590.32
2025-08-21 05:00:00+00:00,23.41,23.52,23.29,23.51,42642.19
2025-08-21 06:00:00+00:00,23.51,23.52,23.33,23.41,36405.48
2025-08-21 07:00:00+00:00,23.41,23.45,23.21,23.39,51783.62
2025-08-21 08:00:00+00:00,23.4,23.44,23.1,23.11,50139.5
2025-08-21 09:00:00+00:00,23.11,23.23,23.01,23.09,62824.88
2025-08-21 10:00:00+00:00,23.1,23.22,23.05,23.14,48994.68
2025-08-21 11:00:00+00:00,23.15,23.22,23.03,23.11,59692.67
2025-08-21 12:00:00+00:00,23.11,23.17,22.93,23.03,82549.54
2025-08-21 13:00:00+00:00,23.04,23.34,23.0,23.12,95807.54
2025-08-21 14:00:00+00:00,23.12,23.42,23.03,23.15,81469.61
2025-08-21 15:00:00+00:00,23.16,23.22,22.91,22.93,88567.69
2025-08-21 16:00:00+00:00,22.94,23.11,22.82,22.84,102206.1
2025-08-21 17:00:00+00:00,22.85,22.96,22.72,22.91,130714.83
2025-08-21 18:00:00+00:00,22.91,23.03,22.8,23.01,70993.81
2025-08-21 19:00:00+00:00,23.0,23.08,22.79,22.84,49338.94
2025-08-21 20:00:00+00:00,22.83,23.04,22.73,22.95,38396.83
2025-08-21 21:00:00+00:00,22.95,23.06,22.81,23.0,51217.63
2025-08-21 22:00:00+00:00,23.0,23.05,22.92,22.97,36354.22
2025-08-21 23:00:00+00:00,22.98,22.98,22.72,22.77,33711.02
2025-08-22 00:00:00+00:00,22.78,22.92,22.73,22.77,38179.23
2025-08-22 01:00:00+00:00,22.78,22.95,22.7,22.93,212698.83
2025-08-22 02:00:00+00:00,22.93,23.22,22.89,23.1,75589.53
2025-08-22 03:00:00+00:00,23.1,23.17,22.82,22.89,29356.99
2025-08-22 04:00:00+00:00,22.89,23.15,22.88,22.97,35749.32
2025-08-22 05:00:00+00:00,22.98,23.07,22.86,23.01,47119.41
2025-08-22 06:00:00+00:00,23.0,23.13,22.8,22.87,64840.29
2025-08-22 07:00:00+00:00,22.88,23.14,22.85,23.06,53426.36
2025-08-22 08:00:00+00:00,23.06,23.22,23.0,23.0,65365.92
2025-08-22 09:00:00+00:00,23.01,23.07,22.9,23.01,27424.95
2025-08-22 10:00:00+00:00,23.01,23.02,22.73,22.76,70285.39
2025-08-22 11:00:00+00:00,22.76,22.78,22.58,22.59,67153.48
2025-08-22 12:00:00+00:00,22.59,22.61,22.19,22.47,203619.94
2025-08-22 13:00:00+00:00,22.47,22.81,22.35,22.64,228451.67
2025-08-22 14:00:00+00:00,22.64,24.17,22.64,24.1,2069934.36
2025-08-22 15:00:00+00:00,24.1,24.52,24.1,24.26,406088.26
2025-08-22 16:00:00+00:00,24.26,24.98,24.26,24.8,534117.69
2025-08-22 17:00:00+00:00,24.8,25.2,24.8,24.98,412388.17
2025-08-22 18:00:00+00:00,24.98,25.11,24.87,24.96,143877.97
2025-08-22 19:00:00+00:00,24.97,25.15,24.94,25.06,110167.18
2025-08-22 20:00:00+00:00,25.07,25.25,25.06,25.19,139536.97
2025-08-22 21:00:00+00:00,25.19,25.4,25.13,25.19,244729.59
2025-08-22 22:00:00+00:00,25.2,25.29,25.04,25.11,114059.2
2025-08-22 23:00:00+00:00,25.1,25.29,25.09,25.25,91021.23
2025-08-23 00:00:00+00:00,25.26,25.32,25.1,25.13,120795.73
2025-08-23 01:00:00+00:00,25.13,25.14,24.74,24.9,122434.56
2025-08-23 02:00:00+00:00,24.9,24.97,24.47,24.75,121894.36
2025-08-23 03:00:00+00:00,24.75,24.98,24.69,24.95,101120.0
2025-08-23 04:00:00+00:00,24.95,25.27,24.91,25.26,129007.3
2025-08-23 05:00:00+00:00,25.26,25.53,25.2,25.47,165776.92
2025-08-23 06:00:00+00:00,25.47,25.58,25.3,25.36,158424.55
2025-08-23 07:00:00+00:00,25.37,25.4,25.21,25.33,109923.82
2025-08-23 08:00:00+00:00,25.33,25.42,25.24,25.29,91974.17
2025-08-23 09:00:00+00:00,25.29,25.9,25.2,25.82,358306.58
2025-08-23 10:00:00+00:00,25.82,25.92,25.68,25.76,200569.17
2025-08-23 11:00:00+00:00,25.75,26.04,25.67,25.89,267796.26
2025-08-23 12:00:00+00:00,25.89,26.21,25.76,26.16,308349.79
2025-08-23 13:00:00+00:00,26.17,26.77,26.08,26.63,745978.56
2025-08-23 14:00:00+00:00,26.64,26.67,26.09,26.1,500798.64
2025-08-23 15:00:00+00:00,26.1,26.28,25.53,25.64,821844.48
2025-08-23 16:00:00+00:00,25.63,25.64,25.22,25.47,818958.54
2025-08-23 17:00:00+00:00,25.47,25.77,25.45,25.77,128413.57
2025-08-23 18:00:00+00:00,25.77,25.87,25.64,25.86,54693.51
2025-08-23 19:00:00+00:00,25.86,25.99,25.8,25.99,85073.72
2025-08-23 20:00:00+00:00,25.99,26.04,25.75,25.84,105748.67
2025-08-23 21:00:00+00:00,25.83,25.88,25.71,25.85,60108.48
2025-08-23 22:00:00+00:00,25.84,26.22,25.84,26.18,77840.67
2025-08-23 23:00:00+00:00,26.18,26.3,26.1,26.26,97897.07
2025-08-24 00:00:00+00:00,26.26,26.29,26.05,26.06,93126.44
2025-08-24 01:00:00+00:00,26.06,26.18,25.93,26.05,108614.27
2025-08-24 02:00:00+00:00,26.06,26.24,25.98,26.01,58719.35
2025-08-24 03:00:00+00:00,26.0,26.02,25.85,25.92,60147.24
2025-08-24 04:00:00+00:00,25.92,25.99,25.79,25.92,73548.06
2025-08-24 05:00:00+00:00,25.92,25.93,25.58,25.63,67308.21
2025-08-24 06:00:00+00:00,25.63,25.63,25.46,25.46,90529.71
2025-08-24 07:00:00+00:00,25.47,25.62,25.45,25.45,62586.34
2025-08-24 08:00:00+00:00,25.45,25.58,25.4,25.54,53609.03
2025-08-24 09:00:00+00:00,25.54,25.59,25.46,25.48,48828.04
2025-08-24 10:00:00+00:00,25.48,25.5,24.94,25.01,398699.64
2025-08-24 11:00:00+00:00,25.0,25.12,24.92,25.06,160240.02
2025-08-24 12:00:00+00:00,25.05,25.19,25.02,25.11,80411.5
2025-08-24 13:00:00+00:00,25.11,25.21,25.08,25.12,60784.67
2025-08-24 14:00:00+00:00,25.11,25.51,25.03,25.49,116904.74
2025-08-24 15:00:00+00:00,25.49,25.91,25.45,25.52,202779.28
2025-08-24 16:00:00+00:00,25.52,25.76,25.38,25.7,116663.51
2025-08-24 17:00:00+00:00,25.71,26.09,25.7,25.99,162156.11
2025-08-24 18:00:00+00:00,25.99,26.55,25.86,26.43,287920.9
2025-08-24 19:00:00+00:00,26.43,26.57,25.24,25.8,973878.66
2025-08-24 20:00:00+00:00,25.8,25.84,25.18,25.62,380243.49
2025-08-24 21:00:00+00:00,25.61,25.92,25.42,25.67,123775.27
2025-08-24 22:00:00+00:00,25.67,25.77,25.34,25.76,120944.3
2025-08-24 23:00:00+00:00,25.76,26.09,25.68,25.83,145209.92
2025-08-25 00:00:00+00:00,25.83,26.0,25.16,25.35,210304.06
2025-08-25 01:00:00+00:00,25.35,25.69,25.3,25.65,76234.59
2025-08-25 02:00:00+00:00,25.65,25.89,25.64,25.73,99484.83
2025-08-25 03:00:00+00:00,25.73,25.85,25.47,25.49,64217.99
2025-08-25 04:00:00+00:00,25.5,25.56,25.36,25.37,57613.93
2025-08-25 05:00:00+00:00,25.38,25.43,25.08,25.09,95167.01
2025-08-25 06:00:00+00:00,25.09,25.11,24.63,24.65,202961.77
2025-08-25 07:00:00+00:00,24.65,24.79,24.17,24.29,246041.51
2025-08-25 08:00:00+00:00,24.28,24.45,24.08,24.32,199630.26
2025-08-25 09:00:00+00:00,24.31,24.35,24.16,24.32,176694.94
2025-08-25 10:00:00+00:00,24.32,24.37,23.98,24.1,348567.3
2025-08-25 11:00:00+00:00,24.1,24.27,24.06,24.27,101502.99
2025-08-25 12:00:00+00:00,24.27,24.34,24.15,24.34,109918.85
2025-08-25 13:00:00+00:00,24.34,24.41,24.06,24.26,193973.76
2025-08-25 14:00:00+00:00,24.27,24.56,24.21,24.41,144544.21
2025-08-25 15:00:00+00:00,24.41,24.46,24.14,24.18,86681.85
2025-08-25 16:00:00+00:00,24.19,24.36,24.04,24.11,132087.41
2025-08-25 17:00:00+00:00,24.11,24.12,23.89,24.01,191161.68
2025-08-25 18:00:00+00:00,24.02,24.06,23.87,23.95,85284.37
2025-08-25 19:00:00+00:00,23.94,24.0,23.5,23.55,300378.45
2025-08-25 20:00:00+00:00,23.55,23.66,23.12,23.17,535678.41
2025-08-25 21:00:00+00:00,23.17,23.31,23.03,23.12,288653.41
2025-08-25 22:00:00+00:00,23.12,23.48,23.1,23.38,118316.89
2025-08-25 23:00:00+00:00,23.38,23.41,23.25,23.35,52535.26
2025-08-26 00:00:00+00:00,23.35,23.42,23.09,23.18,176518.82
2025-08-26 01:00:00+00:00,23.18,23.51,23.11,23.49,86098.43
2025-08-26 02:00:00+00:00,23.48,23.67,23.32,23.37,95415.74
2025-08-26 03:00:00+00:00,23.38,23.4,23.25,23.32,61467.03
2025-08-26 04:00:00+00:00,23.32,23.53,23.31,23.5,58508.37
2025-08-26 05:00:00+00:00,23.5,23.58,23.36,23.38,57219.09
2025-08-26 06:00:00+00:00,23.38,23.42,23.19,23.25,88526.54
2025-08-26 07:00:00+00:00,23.25,23.56,23.11,23.29,125816.05
2025-08-26 08:00:00+00:00,23.29,23.36,23.2,23.28,67473.86
2025-08-26 09:00:00+00:00,23.28,23.39,23.27,23.34,63106.72
2025-08-26 10:00:00+00:00,23.35,23.58,23.34,23.5,67804.35
2025-08-26 11:00:00+00:00,23.51,23.56,23.25,23.41,90704.09
2025-08-26 12:00:00+00:00,23.42,23.97,23.28,23.67,222836.0
2025-08-26 13:00:00+00:00,23.68,23.69,23.16,23.49,294914.66
2025-08-26 14:00:00+00:00,23.5,23.9,23.37,23.82,191014.83
2025-08-26 15:00:00+00:00,23.82,23.92,23.56,23.69,95434.59
2025-08-26 16:00:00+00:00,23.69,23.93,23.63,23.91,70608.8
2025-08-26 17:00:00+00:00,23.91,23.93,23.67,23.77,91273.78
2025-08-26 18:00:00+00:00,23.77,23.99,23.76,23.92,79573.61
2025-08-26 19:00:00+00:00,23.93,24.3,23.79,24.22,139627.79
2025-08-26 20:00:00+00:00,24.22,24.35,24.12,24.16,90400.22
2025-08-26 21:00:00+00:00,24.17,24.19,24.01,24.18,136729.12
2025-08-26 22:00:00+00:00,24.19,24.23,24.09,24.21,87599.41
2025-08-26 23:00:00+00:00,24.21,24.33,24.13,24.17,108518.66
2025-08-27 00:00:00+00:00,24.17,24.19,23.97,24.01,69796.85
2025-08-27 01:00:00+00:00,24.02,24.03,23.9,23.99,57565.46
2025-08-27 02:00:00+00:00,24.0,24.2,23.86,24.12,108077.69
2025-08-27 03:00:00+00:00,24.12,24.52,24.06,24.44,70963.61
2025-08-27 04:00:00+00:00,24.44,24.62,24.37,24.56,173793.37
2025-08-27 05:00:00+00:00,24.56,24.61,24.43,24.53,94067.23
2025-08-27 06:00:00+00:00,24.54,24.55,24.38,24.39,62992.97
2025-08-27 07:00:00+00:00,24.39,24.44,24.15,24.32,98227.66
2025-08-27 08:00:00+00:00,24.32,24.45,24.23,24.45,53969.79
2025-08-27 09:00:00+00:00,24.45,24.58,24.42,24.46,77839.17
2025-08-27 10:00:00+00:00,24.45,24.48,24.31,24.44,67155.25
2025-08-27 11:00:00+00:00,24.45,24.51,24.42,24.51,142350.39
2025-08-27 12:00:00+00:00,24.5,24.74,24.46,24.71,253921.39
2025-08-27 13:00:00+00:00,24.71,24.99,24.5,24.7,301722.64
2025-08-27 14:00:00+00:00,24.71,25.33,24.63,25.19,325647.82
2025-08-27 15:00:00+00:00,25.2,25.3,24.85,24.98,207119.34
2025-08-27 16:00:00+00:00,24.99,25.14,24.84,25.01,103232.04
2025-08-27 17:00:00+00:00,25.01,25.21,24.95,25.14,105430.42
2025-08-27 18:00:00+00:00,25.14,25.2,24.87,24.89,124528.61
2025-08-27 19:00:00+00:00,24.88,24.9,24.52,24.67,189282.06
2025-08-27 20:00:00+00:00,24.68,25.0,24.42,24.98,579977.63
2025-08-27 21:00:00+00:00,24.99,25.07,24.55,24.62,113347.7
2025-08-27 22:00:00+00:00,24.62,24.65,24.36,24.52,142309.54
2025-08-27 23:00:00+00:00,24.51,24.58,24.37,24.42,52385.2
2025-08-28 00:00:00+00:00,24.42,24.59,24.24,24.43,100061.76
2025-08-28 01:00:00+00:00,24.42,24.76,24.41,24.68,64534.13
2025-08-28 02:00:00+00:00,24.68,24.73,24.4,24.45,52419.82
2025-08-28 03:00:00+00:00,24.44,24.73,24.39,24.68,56049.57
2025-08-28 04:00:00+00:00,24.69,24.86,24.6,24.77,152248.3
2025-08-28 05:00:00+00:00,24.78,24.88,24.7,24.77,109316.89
2025-08-28 06:00:00+00:00,24.76,24.78,24.64,24.73,38916.75
2025-08-28 07:00:00+00:00,24.74,24.76,24.53,24.71,59533.64
2025-08-28 08:00:00+00:00,24.72,24.97,24.71,24.75,141884.6
2025-08-28 09:00:00+00:00,24.76,24.76,24.52,24.55,59678.6
2025-08-28 10:00:00+00:00,24.54,24.55,24.4,24.55,86294.86
2025-08-28 11:00:00+00:00,24.55,24.56,24.39,24.5,114226.41
2025-08-28 12:00:00+00:00,24.5,24.63,24.43,24.54,101111.83
2025-08-28 13:00:00+00:00,24.55,24.77,24.47,24.77,209679.94
2025-08-28 14:00:00+00:00,24.76,25.08,24.58,24.85,462047.39
2025-08-28 15:00:00+00:00,24.85,24.95,24.4,24.6,184717.23
2025-08-28 16:00:00+00:00,24.6,24.71,24.26,24.26,90636.2
2025-08-28 17:00:00+00:00,24.26,24.5,24.2,24.42,128426.9
2025-08-28 18:00:00+00:00,24.42,24.51,24.33,24.41,44913.51
2025-08-28 19:00:00+00:00,24.42,24.47,24.15,24.16,63003.34
2025-08-28 20:00:00+00:00,24.16,24.33,24.13,24.23,69540.97
2025-08-28 21:00:00+00:00,24.23,24.51,24.21,24.5,46053.02
2025-08-28 22:00:00+00:00,24.5,24.8,24.5,24.79,56574.34
2025-08-28 23:00:00+00:00,24.79,24.94,24.75,24.93,114332.3
2025-08-29 00:00:00+00:00,24.93,25.01,24.79,24.89,110795.82
2025-08-29 01:00:00+00:00,24.89,24.94,24.62,24.75,103877.26
2025-08-29 02:00:00+00:00,24.74,25.05,24.72,25.02,115997.95
2025-08-29 03:00:00+00:00,25.03,25.2,24.9,25.1,133880.34
2025-08-29 04:00:00+00:00,25.11,25.19,24.89,24.93,101193.62
2025-08-29 05:00:00+00:00,24.93,25.02,24.8,24.98,68090.68
2025-08-29 06:00:00+00:00,24.99,25.02,24.49,24.7,271059.43
2025-08-29 07:00:00+00:00,24.69,24.69,24.06,24.15,223105.77
2025-08-29 08:00:00+00:00,24.15,24.23,23.61,23.65,389185.26
2025-08-29 09:00:00+00:00,23.65,23.82,23.5,23.79,172995.75
2025-08-29 10:00:00+00:00,23.79,23.98,23.75,23.81,133483.11
2025-08-29 11:00:00+00:00,23.8,23.87,23.67,23.76,81640.8
2025-08-29 12:00:00+00:00,23.75,24.46,23.71,24.12,412118.02
2025-08-29 13:00:00+00:00,24.13,24.15,23.59,23.74,269946.5
2025-08-29 14:00:00+00:00,23.75,23.89,23.39,23.62,330388.29
2025-08-29 15:00:00+00:00,23.62,23.87,23.47,23.53,142742.23
2025-08-29 16:00:00+00:00,23.53,23.68,23.37,23.56,158799.59
2025-08-29 17:00:00+00:00,23.56,23.57,23.31,23.35,110354.36
2025-08-29 18:00:00+00:00,23.36,23.39,23.2,23.27,119468.11
2025-08-29 19:00:00+00:00,23.28,23.58,23.25,23.47,124666.03
2025-08-29 20:00:00+00:00,23.47,23.48,23.28,23.32,104361.73
2025-08-29 21:00:00+00:00,23.33,23.6,23.22,23.58,83799.62
2025-08-29 22:00:00+00:00,23.58,23.59,23.41,23.55,40697.28
2025-08-29 23:00:00+00:00,23.56,23.62,23.49,23.55,36179.97
2025-08-30 00:00:00+00:00,23.54,23.54,23.36,23.42,62025.86
2025-08-30 01:00:00+00:00,23.43,23.45,23.11,23.12,98131.44
2025-08-30 02:00:00+00:00,23.12,23.38,23.1,23.28,57511.92
2025-08-30 03:00:00+00:00,23.28,23.72,23.28,23.53,107369.59
2025-08-30 04:00:00+00:00,23.54,23.63,23.54,23.56,49618.52
2025-08-30 05:00:00+00:00,23.57,23.75,23.53,23.66,91775.62
2025-08-30 06:00:00+00:00,23.66,23.86,23.63,23.82,67951.87
2025-08-30 07:00:00+00:00,23.83,23.88,23.77,23.81,52459.99
2025-08-30 08:00:00+00:00,23.82,23.82,23.66,23.67,53935.63
2025-08-30 09:00:00+00:00,23.66,23.68,23.53,23.54,49356.78
2025-08-30 10:00:00+00:00,23.54,23.66,23.52,23.61,28217.61
2025-08-30 11:00:00+00:00,23.61,23.77,23.58,23.76,23753.23
2025-08-30 12:00:00+00:00,23.76,23.77,23.47,23.58,47176.16
2025-08-30 13:00:00+00:00,23.59,23.6,23.37,23.59,54218.72
2025-08-30 14:00:00+00:00,23.58,23.73,23.43,23.72,45296.52
2025-08-30 15:00:00+00:00,23.72,23.92,23.67,23.92,57126.84
2025-08-30 16:00:00+00:00,23.92,23.94,23.7,23.71,64984.32
2025-08-30 17:00:00+00:00,23.72,23.77,23.61,23.68,21933.04
2025-08-30 18:00:00+00:00,23.69,23.75,23.62,23.72,31155.83
2025-08-30 19:00:00+00:00,23.72,23.76,23.64,23.74,25598.43
2025-08-30 20:00:00+00:00,23.75,23.75,23.58,23.64,22271.73
2025-08-30 21:00:00+00:00,23.64,23.72,23.62,23.69,25104.91
2025-08-30 22:00:00+00:00,23.69,23.78,23.62,23.75,20660.05
2025-08-30 23:00:00+00:00,23.75,23.82,23.75,23.78,15979.8
2025-08-31 00:00:00+00:00,23.78,24.07,23.77,24.04,62314.9
2025-08-31 01:00:00+00:00,24.05,24.07,23.91,24.0,41592.35
2025-08-31 02:00:00+00:00,23.99,24.03,23.95,24.0,22625.52
2025-08-31 03:00:00+00:00,24.0,24.05,23.93,24.03,26680.16
2025-08-31 04:00:00+00:00,24.03,24.04,23.84,23.91,21129.96
2025-08-31 05:00:00+00:00,23.92,23.92,23.83,23.89,27015.93
2025-08-31 06:00:00+00:00,23.9,23.92,23.79,23.8,29691.21
2025-08-31 07:00:00+00:00,23.8,23.92,23.8,23.87,38178.41
2025-08-31 08:00:00+00:00,23.87,24.2,23.87,24.18,64696.51
2025-08-31 09:00:00+00:00,24.18,24.2,24.0,24.0,55935.7
2025-08-31 10:00:00+00:00,24.01,24.04,23.82,23.91,45781.34
2025-08-31 11:00:00+00:00,23.91,24.03,23.84,24.03,28746.29
2025-08-31 12:00:00+00:00,24.03,24.12,23.97,24.1,89335.97
2025-08-31 13:00:00+00:00,24.09,24.13,23.9,23.96,58387.28
2025-08-31 14:00:00+00:00,23.95,24.04,23.84,23.91,52822.73
2025-08-31 15:00:00+00:00,23.91,24.06,23.91,24.05,36166.91
2025-08-31 16:00:00+00:00,24.05,24.06,23.92,24.02,48149.88
2025-08-31 17:00:00+00:00,24.01,24.04,23.9,23.94,30697.44
2025-08-31 18:00:00+00:00,23.93,24.04,23.91,24.03,34625.1
2025-08-31 19:00:00+00:00,24.03,24.03,23.79,23.81,35026.49
2025-08-31 20:00:00+00:00,23.81,23.87,23.75,23.79,35052.17
2025-08-31 21:00:00+00:00,23.79,23.94,23.76,23.88,29221.11
2025-08-31 22:00:00+00:00,23.89,23.93,23.66,23.71,36597.02
2025-08-31 23:00:00+00:00,23.7,23.7,23.38,23.4,112419.11
2025-09-01 00:00:00+00:00,23.4,23.48,23.21,23.37,109854.67
2025-09-01 01:00:00+00:00,23.38,23.51,23.25,23.42,60898.03
2025-09-01 02:00:00+00:00,23.42,23.44,23.06,23.11,113718.29
2025-09-01 03:00:00+00:00,23.11,23.21,23.05,23.17,83062.46
2025-09-01 04:00:00+00:00,23.16,23.2,22.92,23.0,113584.58
2025-09-01 05:00:00+00:00,23.0,23.11,22.86,23.04,75350.22
2025-09-01 06:00:00+00:00,23.03,23.13,22.89,23.1,62325.75
2025-09-01 07:00:00+00:00,23.09,23.8,22.98,23.78,213456.15
2025-09-01 08:00:00+00:00,23.79,24.12,23.79,24.11,227276.29
2025-09-01 09:00:00+00:00,24.11,24.33,24.09,24.12,463494.38
2025-09-01 10:00:00+00:00,24.13,24.2,23.88,23.97,212018.08
2025-09-01 11:00:00+00:00,23.98,24.01,23.69,23.76,117566.93
2025-09-01 12:00:00+00:00,23.77,23.91,23.72,23.78,88395.76
2025-09-01 13:00:00+00:00,23.78,23.94,23.65,23.79,128325.65
2025-09-01 14:00:00+00:00,23.78,23.97,23.75,23.82,129087.45
2025-09-01 15:00:00+00:00,23.81,23.85,23.59,23.66,387907.94
2025-09-01 16:00:00+00:00,23.67,23.85,23.56,23.74,98022.63
2025-09-01 17:00:00+00:00,23.74,23.77,23.38,23.45,183415.17
2025-09-01 18:00:00+00:00,23.45,23.56,23.41,23.49,44572.83
2025-09-01 19:00:00+00:00,23.48,23.6,23.44,23.56,34500.18
2025-09-01 20:00:00+00:00,23.57,23.57,23.01,23.17,273719.06
2025-09-01 21:00:00+00:00,23.16,23.18,22.7,22.82,278652.64
2025-09-01 22:00:00+00:00,22.82,23.01,22.67,22.86,158624.87
2025-09-01 23:00:00+00:00,22.85,23.25,22.85,23.21,77705.6
2025-09-02 00:00:00+00:00,23.22,23.23,23.02,23.12,59927.53
2025-09-02 01:00:00+00:00,23.12,23.4,23.03,23.23,84816.14
2025-09-02 02:00:00+00:00,23.22,23.61,23.18,23.6,93611.62
2025-09-02 03:00:00+00:00,23.6,23.76,23.52,23.68,132470.04
2025-09-02 04:00:00+00:00,23.69,23.94,23.6,23.93,116678.92
2025-09-02 05:00:00+00:00,23.93,24.02,23.86,23.98,114777.11
2025-09-02 06:00:00+00:00,23.99,24.1,23.97,24.05,297002.97
2025-09-02 07:00:00+00:00,24.06,24.07,23.82,23.89,130060.71
2025-09-02 08:00:00+00:00,23.89,24.02,23.82,23.89,187779.62
2025-09-02 09:00:00+00:00,23.9,24.21,23.86,24.21,121044.49
2025-09-02 10:00:00+00:00,24.21,24.28,24.17,24.25,131496.77
2025-09-02 11:00:00+00:00,24.25,24.26,23.96,23.99,119524.96
2025-09-02 12:00:00+00:00,24.0,24.05,23.57,23.61,210893.2
2025-09-02 13:00:00+00:00,23.61,24.07,23.51,24.05,448178.0
2025-09-02 14:00:00+00:00,24.06,24.24,23.89,23.94,300881.5
2025-09-02 15:00:00+00:00,23.93,23.96,23.6,23.62,163351.61
2025-09-02 16:00:00+00:00,23.61,23.8,23.6,23.7,107074.04
2025-09-02 17:00:00+00:00,23.71,24.01,23.71,23.89,105482.96
2025-09-02 18:00:00+00:00,23.9,23.96,23.62,23.86,80616.43
2025-09-02 19:00:00+00:00,23.87,24.0,23.7,23.84,76530.94
2025-09-02 20:00:00+00:00,23.85,24.18,23.8,24.1,120319.08
2025-09-02 21:00:00+00:00,24.1,24.27,24.09,24.27,154462.58
2025-09-02 22:00:00+00:00,24.26,24.47,24.21,24.46,195013.49
2025-09-02 23:00:00+00:00,24.47,24.5,24.38,24.46,88162.05
2025-09-03 00:00:00+00:00,24.47,24.57,24.45,24.55,103944.05
2025-09-03 01:00:00+00:00,24.55,24.69,24.27,24.55,133077.71
2025-09-03 02:00:00+00:00,24.56,24.61,24.39,24.51,112883.85
2025-09-03 03:00:00+00:00,24.51,24.54,24.27,24.39,70564.98
2025-09-03 04:00:00+00:00,24.39,24.57,24.35,24.46,62972.84
2025-09-03 05:00:00+00:00,24.46,24.52,24.3,24.49,71429.84
2025-09-03 06:00:00+00:00,24.5,24.76,24.41,24.61,209303.24
2025-09-03 07:00:00+00:00,24.6,24.79,24.48,24.75,169421.58
2025-09-03 08:00:00+00:00,24.74,25.78,24.74,25.06,839102.2
2025-09-03 09:00:00+00:00,25.06,25.18,24.87,25.18,216554.5
2025-09-03 10:00:00+00:00,25.17,25.2,24.94,24.96,131811.01
2025-09-03 11:00:00+00:00,24.96,25.1,24.95,25.0,112892.43
2025-09-03 12:00:00+00:00,25.0,25.15,24.88,24.93,148892.12
2025-09-03 13:00:00+00:00,24.93,25.25,24.9,25.14,144950.67
2025-09-03 14:00:00+00:00,25.15,25.44,25.15,25.39,211180.5
2025-09-03 15:00:00+00:00,25.39,25.49,25.32,25.45,179537.19
2025-09-03 16:00:00+00:00,25.46,25.6,25.23,25.28,176709.92
2025-09-03 17:00:00+00:00,25.27,25.52,25.26,25.28,108339.05
2025-09-03 18:00:00+00:00,25.29,25.33,25.18,25.21,71619.44
2025-09-03 19:00:00+00:00,25.21,25.39,25.15,25.36,83587.56
2025-09-03 20:00:00+00:00,25.36,25.38,25.23,25.25,57051.41
2025-09-03 21:00:00+00:00,25.24,25.26,25.15,25.21,56279.19
2025-09-03 22:00:00+00:00,25.2,25.28,25.15,25.2,45643.28
2025-09-03 23:00:00+00:00,25.2,25.23,25.14,25.2,50139.76
2025-09-04 00:00:00+00:00,25.21,25.28,25.16,25.22,50272.31
2025-09-04 01:00:00+00:00,25.22,25.26,25.03,25.26,60267.53
2025-09-04 02:00:00+00:00,25.26,25.27,25.05,25.13,53547.75
2025-09-04 03:00:00+00:00,25.13,25.26,25.08,25.14,94634.76
2025-09-04 04:00:00+00:00,25.14,25.23,24.95,24.96,100314.21
2025-09-04 05:00:00+00:00,24.96,24.96,24.74,24.87,133079.43
2025-09-04 06:00:00+00:00,24.88,24.88,24.66,24.69,65095.52
2025-09-04 07:00:00+00:00,24.69,24.79,24.66,24.77,52744.66
2025-09-04 08:00:00+00:00,24.76,24.97,24.75,24.79,50125.93
2025-09-04 09:00:00+00:00,24.79,24.81,24.73,24.79,53672.35
2025-09-04 10:00:00+00:00,24.78,24.79,24.59,24.65,87820.67
2025-09-04 11:00:00+00:00,24.65,24.83,24.6,24.6,50823.04
2025-09-04 12:00:00+00:00,24.61,24.73,24.55,24.72,199271.5
2025-09-04 13:00:00+00:00,24.71,24.81,24.65,24.71,65212.34
2025-09-04 14:00:00+00:00,24.71,24.74,24.6,24.63,99442.72
2025-09-04 15:00:00+00:00,24.64,24.86,24.61,24.74,221794.34
2025-09-04 16:00:00+00:00,24.73,24.79,24.6,24.6,152356.52
2025-09-04 17:00:00+00:00,24.6,24.65,24.36,24.38,138509.75
2025-09-04 18:00:00+00:00,24.38,24.5,24.28,24.36,81810.04
2025-09-04 19:00:00+00:00,24.36,24.39,24.18,24.23,90117.39
2025-09-04 20:00:00+00:00,24.22,24.49,24.19,24.46,103535.67
2025-09-04 21:00:00+00:00,24.46,24.48,24.39,24.44,31729.76
2025-09-04 22:00:00+00:00,24.45,24.56,24.37,24.51,61448.26
2025-09-04 23:00:00+00:00,24.5,24.59,24.2,24.21,63031.86
2025-09-05 00:00:00+00:00,24.21,24.25,23.9,23.92,177833.93
2025-09-05 01:00:00+00:00,23.93,24.16,23.86,24.09,77232.38
2025-09-05 02:00:00+00:00,24.1,24.31,23.99,24.29,81678.07
2025-09-05 03:00:00+00:00,24.28,24.35,24.14,24.34,72308.68
2025-09-05 04:00:00+00:00,24.35,24.47,24.22,24.47,52252.89
2025-09-05 05:00:00+00:00,24.46,24.52,24.39,24.48,89687.49
2025-09-05 06:00:00+00:00,24.48,24.49,24.34,24.39,47375.84
2025-09-05 07:00:00+00:00,24.39,24.89,24.38,24.85,151291.17
2025-09-05 08:00:00+00:00,24.85,24.88,24.71,24.73,63150.89
2025-09-05 09:00:00+00:00,24.74,24.75,24.59,24.69,42909.45
2025-09-05 10:00:00+00:00,24.69,24.89,24.69,24.73,88549.49
2025-09-05 11:00:00+00:00,24.72,24.79,24.7,24.76,40684.47
2025-09-05 12:00:00+00:00,24.77,25.11,24.68,25.04,576398.41
2025-09-05 13:00:00+00:00,25.04,25.08,24.83,24.98,161663.67
2025-09-05 14:00:00+00:00,24.98,24.99,24.15,24.31,569186.9
2025-09-05 15:00:00+00:00,24.31,24.57,24.2,24.31,121249.72
2025-09-05 16:00:00+00:00,24.31,24.47,24.24,24.45,94083.49
2025-09-05 17:00:00+00:00,24.44,24.44,24.18,24.26,83710.81
2025-09-05 18:00:00+00:00,24.27,24.44,24.21,24.39,54632.67
2025-09-05 19:00:00+00:00,24.38,24.45,24.33,24.42,56606.73
2025-09-05 20:00:00+00:00,24.42,24.56,24.38,24.56,56934.97
2025-09-05 21:00:00+00:00,24.56,24.58,24.23,24.26,135162.78
2025-09-05 22:00:00+00:00,24.26,24.44,24.21,24.4,43704.61
2025-09-05 23:00:00+00:00,24.39,24.51,24.37,24.47,42553.97
2025-09-06 00:00:00+00:00,24.48,24.54,24.42,24.46,35821.74
2025-09-06 01:00:00+00:00,24.47,24.47,24.33,24.38,37754.66
2025-09-06 02:00:00+00:00,24.39,24.43,24.3,24.43,12223.01
2025-09-06 03:00:00+00:00,24.43,24.48,24.4,24.41,13350.03
2025-09-06 04:00:00+00:00,24.42,24.42,24.28,24.29,29010.85
2025-09-06 05:00:00+00:00,24.29,24.3,24.21,24.23,19789.38
2025-09-06 06:00:00+00:00,24.23,24.28,24.22,24.24,16946.95
2025-09-06 07:00:00+00:00,24.23,24.28,24.21,24.26,24369.45
2025-09-06 08:00:00+00:00,24.26,24.28,24.21,24.25,30280.19
2025-09-06 09:00:00+00:00,24.25,24.25,24.1,24.12,55478.28
2025-09-06 10:00:00+00:00,24.12,24.17,24.09,24.16,34004.75
2025-09-06 11:00:00+00:00,24.17,24.18,24.1,24.16,16076.68
2025-09-06 12:00:00+00:00,24.15,24.19,24.12,24.13,19066.31
2025-09-06 13:00:00+00:00,24.14,24.28,24.13,24.27,24139.94
2025-09-06 14:00:00+00:00,24.27,24.41,24.27,24.36,49024.52
2025-09-06 15:00:00+00:00,24.35,24.38,24.2,24.22,45670.91
2025-09-06 16:00:00+00:00,24.22,24.58,24.19,24.56,103953.54
2025-09-06 17:00:00+00:00,24.56,24.62,24.34,24.36,89660.34
2025-09-06 18:00:00+00:00,24.37,24.52,24.36,24.47,40851.94
2025-09-06 19:00:00+00:00,24.47,24.53,24.29,24.33,53669.07
2025-09-06 20:00:00+00:00,24.32,24.42,24.32,24.4,24326.62
2025-09-06 21:00:00+00:00,24.41,24.42,24.33,24.41,24083.29
2025-09-06 22:00:00+00:00,24.42,24.48,24.34,24.37,46196.78
2025-09-06 23:00:00+00:00,24.37,24.45,24.32,24.38,23501.39
2025-09-07 00:00:00+00:00,24.37,24.46,24.33,24.41,25813.71
2025-09-07 01:00:00+00:00,24.41,24.56,24.4,24.48,29119.79
2025-09-07 02:00:00+00:00,24.49,24.55,24.42,24.55,17393.07
2025-09-07 03:00:00+00:00,24.55,24.68,24.54,24.57,31696.86
2025-09-07 04:00:00+00:00,24.57,24.62,24.52,24.57,28148.43
2025-09-07 05:00:00+00:00,24.56,24.69,24.54,24.68,33684.73
2025-09-07 06:00:00+00:00,24.68,24.73,24.51,24.52,49182.15
2025-09-07 07:00:00+00:00,24.52,24.63,24.48,24.54,35348.93
2025-09-07 08:00:00+00:00,24.55,24.72,24.55,24.56,87402.32
2025-09-07 09:00:00+00:00,24.56,24.62,24.42,24.46,44124.36
2025-09-07 10:00:00+00:00,24.46,24.48,24.41,24.45,26252.35
2025-09-07 11:00:00+00:00,24.45,24.49,24.38,24.49,38740.05
2025-09-07 12:00:00+00:00,24.49,24.49,24.38,24.44,22592.22
2025-09-07 13:00:00+00:00,24.44,24.64,24.43,24.63,43433.73
2025-09-07 14:00:00+00:00,24.63,24.69,24.57,24.6,65641.48
2025-09-07 15:00:00+00:00,24.61,24.66,24.57,24.61,46146.84
2025-09-07 16:00:00+00:00,24.61,24.63,24.46,24.48,37907.65
2025-09-07 17:00:00+00:00,24.48,24.5,24.26,24.3,62891.12
2025-09-07 18:00:00+00:00,24.31,24.35,24.26,24.33,29711.81
2025-09-07 19:00:00+00:00,24.33,24.58,24.32,24.53,42005.67
2025-09-07 20:00:00+00:00,24.53,24.6,24.46,24.59,34603.78
2025-09-07 21:00:00+00:00,24.6,24.62,24.49,24.5,28388.0
2025-09-07 22:00:00+00:00,24.5,24.67,24.49,24.66,56278.45
2025-09-07 23:00:00+00:00,24.67,24.95,24.66,24.68,336788.64
2025-09-08 00:00:00+00:00,24.69,24.86,24.6,24.64,117832.13
2025-09-08 01:00:00+00:00,24.64,24.7,24.54,24.55,70198.98
2025-09-08 02:00:00+00:00,24.55,24.9,24.53,24.89,74964.82
2025-09-08 03:00:00+00:00,24.89,25.02,24.84,24.86,89908.53
2025-09-08 04:00:00+00:00,24.87,24.91,24.77,24.78,40521.61
2025-09-08 05:00:00+00:00,24.78,24.81,24.64,24.72,49948.55
2025-09-08 06:00:00+00:00,24.73,24.83,24.62,24.83,81850.04
2025-09-08 07:00:00+00:00,24.82,25.03,24.82,24.88,106544.04
2025-09-08 08:00:00+00:00,24.88,25.14,24.88,25.1,98902.87
2025-09-08 09:00:00+00:00,25.1,25.3,25.05,25.25,114374.1
2025-09-08 10:00:00+00:00,25.26,25.42,25.23,25.32,117497.26
2025-09-08 11:00:00+00:00,25.33,25.33,25.08,25.16,88768.79
2025-09-08 12:00:00+00:00,25.16,25.27,25.13,25.25,57054.59
2025-09-08 13:00:00+00:00,25.25,25.45,25.07,25.07,140711.27
2025-09-08 14:00:00+00:00,25.07,25.42,25.05,25.4,126999.36
2025-09-08 15:00:00+00:00,25.4,25.8,25.38,25.73,287177.86
2025-09-08 16:00:00+00:00,25.72,25.78,25.55,25.62,141048.44
2025-09-08 17:00:00+00:00,25.63,25.74,25.5,25.52,83672.07
2025-09-08 18:00:00+00:00,25.52,25.63,25.49,25.57,89732.44
2025-09-08 19:00:00+00:00,25.56,25.58,25.33,25.36,114455.53
2025-09-08 20:00:00+00:00,25.36,25.42,25.21,25.29,89937.66
2025-09-08 21:00:00+00:00,25.29,25.43,25.27,25.42,60920.4
2025-09-08 22:00:00+00:00,25.42,25.48,25.38,25.42,60704.34
2025-09-08 23:00:00+00:00,25.41,25.47,25.19,25.29,85632.73
2025-09-09 00:00:00+00:00,25.29,25.44,25.15,25.27,121904.33
2025-09-09 01:00:00+00:00,25.26,25.39,25.12,25.17,65876.43
2025-09-09 02:00:00+00:00,25.16,25.18,24.91,24.95,105595.65
2025-09-09 03:00:00+00:00,24.95,25.17,24.9,25.16,70104.29
2025-09-09 04:00:00+00:00,25.16,25.32,25.04,25.3,75841.82
2025-09-09 05:00:00+00:00,25.3,25.34,25.19,25.33,56257.43
2025-09-09 06:00:00+00:00,25.33,26.07,25.32,25.95,325905.49
2025-09-09 07:00:00+00:00,25.96,26.14,25.8,25.9,251316.73
2025-09-09 08:00:00+00:00,25.9,26.04,25.85,25.95,115872.45
2025-09-09 09:00:00+00:00,25.94,26.08,25.89,26.03,113935.81
2025-09-09 10:00:00+00:00,26.03,26.25,25.93,25.97,213131.21
2025-09-09 11:00:00+00:00,25.97,26.05,25.94,25.98,92985.71
2025-09-09 12:00:00+00:00,25.98,26.2,25.93,26.04,169402.63
2025-09-09 13:00:00+00:00,26.03,26.36,25.82,26.17,404972.77
2025-09-09 14:00:00+00:00,26.17,26.23,25.61,25.83,517540.01
2025-09-09 15:00:00+00:00,25.82,26.04,25.67,25.94,368563.89
2025-09-09 16:00:00+00:00,25.94,26.08,25.81,25.9,224529.68
2025-09-09 17:00:00+00:00,25.9,26.16,25.88,26.05,134128.37
2025-09-09 18:00:00+00:00,26.06,26.09,25.9,26.04,74355.87
2025-09-09 19:00:00+00:00,26.04,26.04,25.86,25.9,92383.15
2025-09-09 20:00:00+00:00,25.9,26.03,25.81,25.95,112160.53
2025-09-09 21:00:00+00:00,25.95,26.04,25.87,25.89,88145.62
2025-09-09 22:00:00+00:00,25.89,26.06,25.86,26.03,54770.35
2025-09-09 23:00:00+00:00,26.02,26.04,25.89,25.93,34230.62
2025-09-10 00:00:00+00:00,25.94,25.99,25.75,25.78,79805.43
2025-09-10 01:00:00+00:00,25.77,25.95,25.77,25.91,72432.31
2025-09-10 02:00:00+00:00,25.92,26.3,25.92,26.23,142939.09
2025-09-10 03:00:00+00:00,26.23,26.27,26.06,26.23,72384.8
2025-09-10 04:00:00+00:00,26.22,26.55,26.14,26.45,189595.04
2025-09-10 05:00:00+00:00,26.45,26.5,26.19,26.37,247508.67
2025-09-10 06:00:00+00:00,26.36,27.07,26.3,26.97,433681.55
2025-09-10 07:00:00+00:00,26.98,27.12,26.76,26.93,352795.76
2025-09-10 08:00:00+00:00,26.92,26.97,26.62,26.72,205449.4
2025-09-10 09:00:00+00:00,26.72,26.81,26.62,26.63,115886.11
2025-09-10 10:00:00+00:00,26.63,26.76,26.38,26.76,191654.37
2025-09-10 11:00:00+00:00,26.77,26.99,26.69,26.89,183676.43
2025-09-10 12:00:00+00:00,26.89,28.24,26.89,28.12,985720.39
2025-09-10 13:00:00+00:00,28.11,28.79,27.85,28.38,1149855.15
2025-09-10 14:00:00+00:00,28.38,28.59,28.19,28.55,569630.54
2025-09-10 15:00:00+00:00,28.54,28.97,28.47,28.66,568175.29
2025-09-10 16:00:00+00:00,28.67,29.15,28.39,29.08,617864.49
2025-09-10 17:00:00+00:00,29.07,29.17,28.42,28.65,334850.07
2025-09-10 18:00:00+00:00,28.64,28.88,28.58,28.85,181831.01
2025-09-10 19:00:00+00:00,28.85,28.86,28.43,28.53,202320.42
2025-09-10 20:00:00+00:00,28.54,28.82,28.48,28.8,144797.76
2025-09-10 21:00:00+00:00,28.79,29.46,28.76,29.31,319290.21
2025-09-10 22:00:00+00:00,29.3,29.34,28.9,29.12,252517.61
2025-09-10 23:00:00+00:00,29.12,29.52,29.12,29.48,221136.88
2025-09-11 00:00:00+00:00,29.47,29.49,29.06,29.08,188918.62
2025-09-11 01:00:00+00:00,29.07,29.25,29.04,29.11,121243.26
2025-09-11 02:00:00+00:00,29.12,29.13,28.81,28.9,133636.67
2025-09-11 03:00:00+00:00,28.91,29.46,28.81,29.41,218615.87
2025-09-11 04:00:00+00:00,29.4,29.99,28.95,29.13,588117.35
2025-09-11 05:00:00+00:00,29.14,29.17,28.54,28.63,249333.46
2025-09-11 06:00:00+00:00,28.64,28.86,28.55,28.74,173353.3
2025-09-11 07:00:00+00:00,28.75,28.94,28.7,28.77,128202.92
2025-09-11 08:00:00+00:00,28.78,28.9,28.71,28.83,71892.71
2025-09-11 09:00:00+00:00,28.83,29.12,28.71,29.09,133641.03
2025-09-11 10:00:00+00:00,29.09,29.16,28.96,28.98,163552.53
2025-09-11 11:00:00+00:00,28.99,29.12,28.91,28.96,127755.92
2025-09-11 12:00:00+00:00,28.96,29.2,28.3,28.96,671210.22
2025-09-11 13:00:00+00:00,28.97,29.01,28.59,28.99,353292.3
2025-09-11 14:00:00+00:00,29.0,29.01,28.69,28.85,216164.71
2025-09-11 15:00:00+00:00,28.84,29.09,28.78,28.94,151085.61
2025-09-11 16:00:00+00:00,28.95,29.08,28.83,28.9,91539.11
2025-09-11 17:00:00+00:00,28.89,29.12,28.85,29.07,114029.47
2025-09-11 18:00:00+00:00,29.07,29.09,28.97,28.99,95439.75
2025-09-11 19:00:00+00:00,28.99,29.05,28.96,28.98,67613.56
2025-09-11 20:00:00+00:00,28.98,29.03,28.73,28.73,75112.06
2025-09-11 21:00:00+00:00,28.73,28.89,28.72,28.89,43964.07
2025-09-11 22:00:00+00:00,28.89,29.17,28.83,29.11,136644.77
2025-09-11 23:00:00+00:00,29.1,29.23,29.1,29.15,95299.93
2025-09-12 00:00:00+00:00,29.14,29.4,29.14,29.27,156099.06
2025-09-12 01:00:00+00:00,29.27,29.35,28.84,28.88,247282.74
2025-09-12 02:00:00+00:00,28.88,29.01,28.86,28.93,66238.28
2025-09-12 03:00:00+00:00,28.92,28.93,28.72,28.79,125097.52
2025-09-12 04:00:00+00:00,28.78,28.8,28.43,28.53,227049.84
2025-09-12 05:00:00+00:00,28.53,29.01,28.52,29.0,227389.28
2025-09-12 06:00:00+00:00,29.0,29.08,28.8,28.82,125667.94
2025-09-12 07:00:00+00:00,28.83,28.89,28.66,28.68,87884.33
2025-09-12 08:00:00+00:00,28.68,28.68,28.54,28.6,78559.86
2025-09-12 09:00:00+00:00,28.6,28.63,28.51,28.54,75865.94
2025-09-12 10:00:00+00:00,28.54,28.54,28.39,28.43,77348.57
2025-09-12 11:00:00+00:00,28.43,28.52,28.32,28.34,89310.75
2025-09-12 12:00:00+00:00,28.35,28.46,28.25,28.44,229635.92
2025-09-12 13:00:00+00:00,28.44,28.52,28.37,28.49,82899.13
2025-09-12 14:00:00+00:00,28.48,28.78,28.42,28.73,264086.58
2025-09-12 15:00:00+00:00,28.73,28.83,28.44,28.55,126456.09
2025-09-12 16:00:00+00:00,28.55,28.6,28.48,28.54,84403.28
2025-09-12 17:00:00+00:00,28.53,28.63,28.42,28.6,152531.61
2025-09-12 18:00:00+00:00,28.59,28.67,28.54,28.61,139627.79
2025-09-12 19:00:00+00:00,28.61,28.68,28.52,28.63,196670.81
2025-09-12 20:00:00+00:00,28.63,28.75,28.51,28.62,177668.62
2025-09-12 21:00:00+00:00,28.63,28.64,28.53,28.56,71490.98
2025-09-12 22:00:00+00:00,28.56,28.79,28.54,28.71,193947.99
2025-09-12 23:00:00+00:00,28.72,29.0,28.64,28.99,182446.68
2025-09-13 00:00:00+00:00,28.98,29.13,28.88,28.94,172465.09
2025-09-13 01:00:00+00:00,28.93,29.04,28.76,28.81,126816.11
2025-09-13 02:00:00+00:00,28.8,29.88,28.74,29.86,652996.65
2025-09-13 03:00:00+00:00,29.86,30.32,29.58,30.24,709810.42
2025-09-13 04:00:00+00:00,30.25,30.83,30.1,30.73,649219.46
2025-09-13 05:00:00+00:00,30.73,31.25,30.65,31.19,644401.85
2025-09-13 06:00:00+00:00,31.19,31.23,30.59,30.73,359413.83
2025-09-13 07:00:00+00:00,30.74,30.94,30.7,30.85,177085.31
2025-09-13 08:00:00+00:00,30.86,31.12,30.75,30.76,150047.74
2025-09-13 09:00:00+00:00,30.76,30.91,30.38,30.45,423888.48
2025-09-13 10:00:00+00:00,30.44,30.5,29.98,30.15,550672.67
2025-09-13 11:00:00+00:00,30.16,30.49,30.05,30.47,260386.43
2025-09-13 12:00:00+00:00,30.47,30.51,30.32,30.34,140772.43
2025-09-13 13:00:00+00:00,30.35,30.38,29.69,29.94,299792.97
2025-09-13 14:00:00+00:00,29.95,30.04,29.76,29.9,191975.31
2025-09-13 15:00:00+00:00,29.9,30.08,29.76,29.83,148479.78
2025-09-13 16:00:00+00:00,29.83,29.95,29.42,29.53,244636.92
2025-09-13 17:00:00+00:00,29.54,29.65,29.27,29.59,171686.16
2025-09-13 18:00:00+00:00,29.58,29.72,29.53,29.64,83403.67
2025-09-13 19:00:00+00:00,29.64,29.67,29.59,29.62,54686.45
2025-09-13 20:00:00+00:00,29.62,29.87,29.61,29.81,124644.5
2025-09-13 21:00:00+00:00,29.81,29.99,29.79,29.93,137387.63
2025-09-13 22:00:00+00:00,29.93,29.97,29.82,29.9,43674.34
2025-09-13 23:00:00+00:00,29.91,30.1,29.86,30.08,136765.36
2025-09-14 00:00:00+00:00,30.08,30.22,29.89,30.02,181971.81
2025-09-14 01:00:00+00:00,30.01,30.03,29.79,29.96,113844.85
2025-09-14 02:00:00+00:00,29.96,30.21,29.9,30.0,158958.09
2025-09-14 03:00:00+00:00,30.01,30.02,29.73,29.77,152877.23
2025-09-14 04:00:00+00:00,29.77,30.32,29.62,30.14,216000.83
2025-09-14 05:00:00+00:00,30.15,30.61,30.07,30.58,360802.18
2025-09-14 06:00:00+00:00,30.58,30.64,30.09,30.18,150691.5
2025-09-14 07:00:00+00:00,30.17,30.29,29.84,29.96,170970.04
2025-09-14 08:00:00+00:00,29.96,30.12,29.87,29.99,82335.27
2025-09-14 09:00:00+00:00,29.98,30.23,29.96,30.19,59705.51
2025-09-14 10:00:00+00:00,30.19,30.37,29.99,30.01,114221.23
2025-09-14 11:00:00+00:00,30.01,30.04,29.62,29.67,134223.2
2025-09-14 12:00:00+00:00,29.67,29.88,29.4,29.54,163144.67
2025-09-14 13:00:00+00:00,29.54,29.54,29.08,29.32,300928.0
2025-09-14 14:00:00+00:00,29.32,29.44,28.96,29.15,280707.34
2025-09-14 15:00:00+00:00,29.15,29.23,29.0,29.13,125153.13
2025-09-14 16:00:00+00:00,29.12,29.6,29.06,29.52,134140.63
2025-09-14 17:00:00+00:00,29.51,29.74,29.42,29.61,154692.99
2025-09-14 18:00:00+00:00,29.6,29.64,29.48,29.52,70085.5
2025-09-14 19:00:00+00:00,29.52,29.81,29.44,29.61,99310.61
2025-09-14 20:00:00+00:00,29.6,29.71,29.48,29.53,102529.16
2025-09-14 21:00:00+00:00,29.52,29.55,29.38,29.5,66033.98
2025-09-14 22:00:00+00:00,29.5,30.41,29.33,30.21,351026.48
2025-09-14 23:00:00+00:00,30.21,30.4,29.43,29.44,281874.01
2025-09-15 00:00:00+00:00,29.44,29.79,29.4,29.51,107059.75
2025-09-15 01:00:00+00:00,29.5,29.79,29.22,29.58,125642.7
2025-09-15 02:00:00+00:00,29.57,29.77,29.5,29.55,65479.56
2025-09-15 03:00:00+00:00,29.56,29.71,29.54,29.63,48585.68
2025-09-15 04:00:00+00:00,29.64,29.87,29.57,29.8,128455.1
2025-09-15 05:00:00+00:00,29.79,30.3,29.74,30.1,160668.33
2025-09-15 06:00:00+00:00,30.11,30.19,29.42,29.52,158369.88
2025-09-15 07:00:00+00:00,29.51,29.74,29.05,29.19,249155.56
2025-09-15 08:00:00+00:00,29.18,29.18,28.22,28.34,810967.42
2025-09-15 09:00:00+00:00,28.34,28.7,28.26,28.58,197348.97
2025-09-15 10:00:00+00:00,28.58,28.79,28.37,28.76,159994.61
2025-09-15 11:00:00+00:00,28.76,28.9,28.68,28.84,93352.49
2025-09-15 12:00:00+00:00,28.84,28.84,28.65,28.72,90604.36
2025-09-15 13:00:00+00:00,28.72,29.02,28.67,28.91,123712.13
2025-09-15 14:00:00+00:00,28.91,28.98,28.61,28.62,104306.82
2025-09-15 15:00:00+00:00,28.62,28.7,28.31,28.49,144630.13
2025-09-15 16:00:00+00:00,28.49,28.79,28.29,28.49,117054.18
2025-09-15 17:00:00+00:00,28.49,28.81,28.47,28.81,55207.16
2025-09-15 18:00:00+00:00,28.8,28.88,28.7,28.82,58419.74
2025-09-15 19:00:00+00:00,28.82,29.25,28.75,29.12,167894.3
2025-09-15 20:00:00+00:00,29.12,30.02,29.08,30.01,510318.42
2025-09-15 21:00:00+00:00,30.02,30.45,29.66,30.29,516721.13
2025-09-15 22:00:00+00:00,30.3,30.41,29.7,29.75,373642.57
2025-09-15 23:00:00+00:00,29.75,29.92,29.65,29.81,254585.72
2025-09-16 00:00:00+00:00,29.81,29.9,29.44,29.51,145600.19
2025-09-16 01:00:00+00:00,29.51,29.76,29.35,29.38,92525.89
2025-09-16 02:00:00+00:00,29.38,29.59,29.34,29.41,75027.04
2025-09-16 03:00:00+00:00,29.41,29.51,29.31,29.34,36197.25
2025-09-16 04:00:00+00:00,29.35,29.53,29.17,29.42,93126.54
2025-09-16 05:00:00+00:00,29.43,29.76,29.35,29.68,121618.93
2025-09-16 06:00:00+00:00,29.67,29.82,29.47,29.7,90461.17
2025-09-16 07:00:00+00:00,29.71,30.68,29.71,30.63,357969.98
2025-09-16 08:00:00+00:00,30.62,30.99,30.42,30.61,475487.35
2025-09-16 09:00:00+00:00,30.61,31.0,30.42,30.64,385817.54
2025-09-16 10:00:00+00:00,30.64,30.79,30.54,30.67,139033.54
2025-09-16 11:00:00+00:00,30.66,30.68,30.36,30.44,205120.78
2025-09-16 12:00:00+00:00,30.45,30.53,30.25,30.49,165945.51
2025-09-16 13:00:00+00:00,30.49,30.58,29.99,30.29,413782.66
2025-09-16 14:00:00+00:00,30.28,30.28,29.69,29.9,279927.33
2025-09-16 15:00:00+00:00,29.9,30.18,29.67,30.13,191519.07
2025-09-16 16:00:00+00:00,30.13,30.15,29.9,30.06,114343.33
2025-09-16 17:00:00+00:00,30.06,30.45,30.02,30.24,179674.87
2025-09-16 18:00:00+00:00,30.24,30.37,30.0,30.03,88232.55
2025-09-16 19:00:00+00:00,30.03,30.11,29.96,29.98,53872.01
2025-09-16 20:00:00+00:00,29.98,30.06,29.9,30.04,57766.83
2025-09-16 21:00:00+00:00,30.04,30.16,30.0,30.16,60724.91
2025-09-16 22:00:00+00:00,30.16,30.21,30.0,30.11,123200.05
2025-09-16 23:00:00+00:00,30.11,30.11,29.98,30.08,99267.82
2025-09-17 00:00:00+00:00,30.07,30.09,29.95,30.02,68464.45
2025-09-17 01:00:00+00:00,30.03,30.12,29.91,30.06,73975.19
2025-09-17 02:00:00+00:00,30.06,30.22,29.97,30.04,82636.76
2025-09-17 03:00:00+00:00,30.03,30.11,29.72,29.72,103216.78
2025-09-17 04:00:00+00:00,29.72,29.83,29.56,29.63,115971.32
2025-09-17 05:00:00+00:00,29.63,29.74,29.53,29.72,84718.43
2025-09-17 06:00:00+00:00,29.72,30.26,29.69,30.15,120187.91
2025-09-17 07:00:00+00:00,30.14,30.22,30.02,30.13,59857.77
2025-09-17 08:00:00+00:00,30.12,30.16,29.95,30.11,138725.48
2025-09-17 09:00:00+00:00,30.11,30.12,29.97,30.01,52951.65
2025-09-17 10:00:00+00:00,30.02,30.1,29.82,29.89,123742.33
2025-09-17 11:00:00+00:00,29.89,30.05,29.84,29.91,55106.3
2025-09-17 12:00:00+00:00,29.92,30.01,29.82,29.84,53601.37
2025-09-17 13:00:00+00:00,29.83,29.91,29.63,29.68,116651.93
2025-09-17 14:00:00+00:00,29.68,29.81,29.57,29.59,104942.46
2025-09-17 15:00:00+00:00,29.59,29.65,29.38,29.52,121271.51
2025-09-17 16:00:00+00:00,29.51,29.68,29.4,29.67,132521.12
2025-09-17 17:00:00+00:00,29.66,30.3,29.55,29.67,349809.03
2025-09-17 18:00:00+00:00,29.67,30.34,29.61,29.79,717340.73
2025-09-17 19:00:00+00:00,29.79,30.14,29.77,30.06,221286.22
2025-09-17 20:00:00+00:00,30.06,30.29,29.89,29.95,224518.67
2025-09-17 21:00:00+00:00,29.95,30.16,29.75,30.1,126654.16
2025-09-17 22:00:00+00:00,30.1,31.87,30.1,31.56,596562.28
2025-09-17 23:00:00+00:00,31.55,32.0,31.54,31.82,652151.11
2025-09-18 00:00:00+00:00,31.82,32.02,31.63,31.9,494436.34
2025-09-18 01:00:00+00:00,31.9,32.63,31.88,32.51,508997.5
2025-09-18 02:00:00+00:00,32.52,32.85,32.22,32.79,468819.06
2025-09-18 03:00:00+00:00,32.79,33.04,32.71,32.91,316569.42
2025-09-18 04:00:00+00:00,32.9,33.29,32.62,32.81,355431.26
2025-09-18 05:00:00+00:00,32.81,32.87,32.53,32.74,251041.75
2025-09-18 06:00:00+00:00,32.75,32.81,32.39,32.56,265323.88
2025-09-18 07:00:00+00:00,32.57,32.95,32.45,32.81,333933.84
2025-09-18 08:00:00+00:00,32.8,33.15,32.73,32.93,281037.4
2025-09-18 09:00:00+00:00,32.93,33.01,32.8,32.92,151823.73
2025-09-18 10:00:00+00:00,32.91,32.92,32.66,32.86,113879.18
2025-09-18 11:00:00+00:00,32.86,33.13,32.66,32.78,219977.92
2025-09-18 12:00:00+00:00,32.77,33.5,32.71,33.38,240337.82
2025-09-18 13:00:00+00:00,33.38,33.48,33.05,33.18,305987.13
2025-09-18 14:00:00+00:00,33.18,33.42,32.98,33.07,253374.6
2025-09-18 15:00:00+00:00,33.07,33.21,32.85,33.14,198107.06
2025-09-18 16:00:00+00:00,33.14,33.28,33.1,33.26,138027.71
2025-09-18 17:00:00+00:00,33.26,34.39,33.21,34.32,796708.76
2025-09-18 18:00:00+00:00,34.32,34.89,34.23,34.76,444332.92
2025-09-18 19:00:00+00:00,34.77,34.95,34.28,34.71,406948.62
2025-09-18 20:00:00+00:00,34.71,35.24,34.62,34.82,457660.31
2025-09-18 21:00:00+00:00,34.81,35.22,34.6,35.18,246396.43
2025-09-18 22:00:00+00:00,35.18,35.43,34.67,34.81,516159.39
2025-09-18 23:00:00+00:00,34.82,35.38,34.63,35.19,321139.88
2025-09-19 00:00:00+00:00,35.19,35.57,34.93,35.21,344206.97
2025-09-19 01:00:00+00:00,35.2,35.81,35.02,35.36,383987.53
2025-09-19 02:00:00+00:00,35.36,35.78,35.19,35.48,264421.79
2025-09-19 03:00:00+00:00,35.49,35.6,34.7,34.77,412709.22
2025-09-19 04:00:00+00:00,34.77,34.89,34.42,34.78,363413.14
2025-09-19 05:00:00+00:00,34.78,34.82,34.17,34.37,242095.14
2025-09-19 06:00:00+00:00,34.37,34.4,33.96,34.02,288982.27
2025-09-19 07:00:00+00:00,34.01,34.54,33.9,34.44,320743.34
2025-09-19 08:00:00+00:00,34.43,34.63,34.25,34.27,230009.93
2025-09-19 09:00:00+00:00,34.28,34.31,34.0,34.12,175086.46
2025-09-19 10:00:00+00:00,34.12,34.48,34.07,34.39,189069.31
2025-09-19 11:00:00+00:00,34.39,34.42,33.78,33.97,260188.92
2025-09-19 12:00:00+00:00,33.97,34.31,33.96,34.14,115588.11
2025-09-19 13:00:00+00:00,34.14,34.31,33.97,34.24,184535.2
2025-09-19 14:00:00+00:00,34.23,34.23,33.66,33.87,376414.72
2025-09-19 15:00:00+00:00,33.88,34.04,33.51,33.95,289969.07
2025-09-19 16:00:00+00:00,33.95,34.4,33.89,34.05,242385.94
2025-09-19 17:00:00+00:00,34.05,34.05,33.87,33.9,94324.48
2025-09-19 18:00:00+00:00,33.89,34.06,33.76,33.99,116337.28
2025-09-19 19:00:00+00:00,33.99,34.01,33.79,33.8,69904.9
2025-09-19 20:00:00+00:00,33.81,33.9,33.55,33.65,111366.21
2025-09-19 21:00:00+00:00,33.65,33.86,33.59,33.82,62596.15
2025-09-19 22:00:00+00:00,33.82,33.98,33.77,33.94,43514.18
2025-09-19 23:00:00+00:00,33.94,33.96,33.34,33.75,171951.37
2025-09-20 00:00:00+00:00,33.74,33.93,33.73,33.9,83339.75
2025-09-20 01:00:00+00:00,33.9,34.11,33.78,33.95,105521.98
2025-09-20 02:00:00+00:00,33.95,33.99,33.73,33.76,83558.2
2025-09-20 03:00:00+00:00,33.75,33.77,33.48,33.66,73303.49
2025-09-20 04:00:00+00:00,33.66,34.06,33.64,33.95,111574.53
2025-09-20 05:00:00+00:00,33.94,33.95,33.78,33.84,69232.61
2025-09-20 06:00:00+00:00,33.84,33.88,33.75,33.79,56831.69
2025-09-20 07:00:00+00:00,33.8,33.96,33.79,33.94,84730.0
2025-09-20 08:00:00+00:00,33.93,33.95,33.64,33.69,139053.11
2025-09-20 09:00:00+00:00,33.69,33.79,33.64,33.67,63290.08
2025-09-20 10:00:00+00:00,33.66,33.81,33.12,33.13,269158.3
2025-09-20 11:00:00+00:00,33.13,33.24,32.86,33.09,177786.75
2025-09-20 12:00:00+00:00,33.08,33.08,32.9,32.98,91841.31
2025-09-20 13:00:00+00:00,32.98,33.36,32.9,33.25,125085.91
2025-09-20 14:00:00+00:00,33.24,33.81,33.15,33.74,212721.0
2025-09-20 15:00:00+00:00,33.73,34.03,33.47,33.61,406843.09
2025-09-20 16:00:00+00:00,33.62,33.78,33.52,33.68,151721.06
2025-09-20 17:00:00+00:00,33.68,33.7,33.43,33.47,76014.28
2025-09-20 18:00:00+00:00,33.46,33.49,33.0,33.21,184033.78
2025-09-20 19:00:00+00:00,33.21,33.39,33.13,33.27,72140.38
2025-09-20 20:00:00+00:00,33.27,33.33,33.2,33.29,48963.97
2025-09-20 21:00:00+00:00,33.3,33.45,33.26,33.36,53958.24
2025-09-20 22:00:00+00:00,33.35,33.36,33.23,33.34,37108.4
2025-09-20 23:00:00+00:00,33.33,33.35,33.09,33.17,49551.8
2025-09-21 00:00:00+00:00,33.17,33.21,32.97,33.04,86781.23
2025-09-21 01:00:00+00:00,33.04,33.08,32.9,32.95,75222.67
2025-09-21 02:00:00+00:00,32.95,33.04,32.79,33.03,103758.16
2025-09-21 03:00:00+00:00,33.03,33.3,33.01,33.28,103432.42
2025-09-21 04:00:00+00:00,33.29,33.31,32.95,33.05,145199.72
2025-09-21 05:00:00+00:00,33.04,33.08,32.97,33.06,52432.19
2025-09-21 06:00:00+00:00,33.06,33.09,32.93,32.96,89150.06
2025-09-21 07:00:00+00:00,32.97,33.04,32.87,32.97,58936.27
2025-09-21 08:00:00+00:00,32.96,33.01,32.68,32.69,125034.01
2025-09-21 09:00:00+00:00,32.69,33.16,32.58,33.13,180810.1
2025-09-21 10:00:00+00:00,33.13,33.61,33.12,33.17,201610.96
2025-09-21 11:00:00+00:00,33.17,33.21,32.86,32.86,119973.94
2025-09-21 12:00:00+00:00,32.87,33.06,32.84,32.84,88897.68
2025-09-21 13:00:00+00:00,32.83,33.07,32.82,32.99,108702.58
2025-09-21 14:00:00+00:00,32.99,33.09,32.9,32.92,66387.61
2025-09-21 15:00:00+00:00,32.92,33.15,32.89,33.05,92831.93
2025-09-21 16:00:00+00:00,33.05,33.06,32.7,32.81,113098.03
2025-09-21 17:00:00+00:00,32.82,32.96,32.62,32.96,109759.97
2025-09-21 18:00:00+00:00,32.96,33.02,32.87,33.01,46402.43
2025-09-21 19:00:00+00:00,33.01,33.29,32.82,33.23,101701.66
2025-09-21 20:00:00+00:00,33.23,33.31,32.98,33.0,127323.78
2025-09-21 21:00:00+00:00,33.0,33.22,32.97,33.1,72799.17
2025-09-21 22:00:00+00:00,33.1,33.19,33.01,33.13,44994.1
2025-09-21 23:00:00+00:00,33.14,33.16,33.01,33.04,39711.69
2025-09-22 00:00:00+00:00,33.05,33.13,31.81,31.84,561472.56
2025-09-22 01:00:00+00:00,31.84,32.03,31.53,31.84,353977.56
2025-09-22 02:00:00+00:00,31.83,31.96,31.28,31.52,294309.97
2025-09-22 03:00:00+00:00,31.51,31.85,31.48,31.8,98767.23
2025-09-22 04:00:00+00:00,31.81,31.94,31.62,31.64,102015.21
2025-09-22 05:00:00+00:00,31.63,31.66,31.01,31.04,203955.12
2025-09-22 06:00:00+00:00,31.04,31.07,29.41,30.93,1060943.91
2025-09-22 07:00:00+00:00,30.93,31.01,30.5,30.54,256902.52
2025-09-22 08:00:00+00:00,30.54,31.02,30.46,30.95,197565.77
2025-09-22 09:00:00+00:00,30.95,30.95,30.57,30.64,150010.48
2025-09-22 10:00:00+00:00,30.64,31.44,30.64,31.38,345248.6
2025-09-22 11:00:00+00:00,31.38,31.48,31.02,31.1,149579.43
2025-09-22 12:00:00+00:00,31.11,32.05,31.03,31.48,504423.82
2025-09-22 13:00:00+00:00,31.47,31.81,31.36,31.8,203890.73
2025-09-22 14:00:00+00:00,31.8,31.84,31.16,31.36,210576.68
2025-09-22 15:00:00+00:00,31.36,32.03,31.35,31.95,451084.44
2025-09-22 16:00:00+00:00,31.96,32.17,31.74,31.84,481180.41
2025-09-22 17:00:00+00:00,31.84,32.08,31.73,31.89,209170.97
2025-09-22 18:00:00+00:00,31.89,31.98,31.71,31.71,352253.13
2025-09-22 19:00:00+00:00,31.72,31.9,31.35,31.36,354826.27
2025-09-22 20:00:00+00:00,31.36,32.21,31.32,32.19,277159.21
2025-09-22 21:00:00+00:00,32.19,32.99,32.09,32.82,385812.28
2025-09-22 22:00:00+00:00,32.81,33.41,32.62,33.16,236335.73
2025-09-22 23:00:00+00:00,33.15,33.98,33.02,33.86,465288.9
2025-09-23 00:00:00+00:00,33.87,34.71,33.29,33.49,596912.06
2025-09-23 01:00:00+00:00,33.5,33.61,33.01,33.05,307252.37
2025-09-23 02:00:00+00:00,33.05,33.32,32.86,32.9,382817.18
2025-09-23 03:00:00+00:00,32.9,35.76,32.75,34.94,1278813.63
2025-09-23 04:00:00+00:00,34.93,35.59,34.0,34.13,762004.33
2025-09-23 05:00:00+00:00,34.13,34.69,34.13,34.68,381564.61
2025-09-23 06:00:00+00:00,34.67,35.31,34.48,35.21,384354.02
2025-09-23 07:00:00+00:00,35.22,35.36,34.84,34.97,336047.55
2025-09-23 08:00:00+00:00,34.96,35.53,34.95,35.35,373867.73
2025-09-23 09:00:00+00:00,35.35,35.41,34.62,34.67,253740.88
2025-09-23 10:00:00+00:00,34.66,34.91,34.57,34.76,192747.55
2025-09-23 11:00:00+00:00,34.76,34.77,34.26,34.44,315288.41
2025-09-23 12:00:00+00:00,34.45,34.7,34.35,34.39,197386.02
2025-09-23 13:00:00+00:00,34.39,34.48,34.06,34.27,244682.58
2025-09-23 14:00:00+00:00,34.26,35.65,34.22,35.27,805225.68
2025-09-23 15:00:00+00:00,35.27,36.16,35.05,35.14,749481.19
2025-09-23 16:00:00+00:00,35.15,35.26,34.76,34.95,286904.63
2025-09-23 17:00:00+00:00,34.95,34.98,34.36,34.42,211701.31
2025-09-23 18:00:00+00:00,34.43,34.55,34.06,34.14,286436.71
2025-09-23 19:00:00+00:00,34.15,34.36,33.65,33.79,337499.2
2025-09-23 20:00:00+00:00,33.78,34.0,33.62,33.88,170422.42
2025-09-23 21:00:00+00:00,33.88,33.88,33.63,33.7,111097.88
2025-09-23 22:00:00+00:00,33.69,33.8,33.44,33.68,147759.77
2025-09-23 23:00:00+00:00,33.68,33.82,33.43,33.61,224109.24
2025-09-24 00:00:00+00:00,33.6,34.81,33.58,34.59,450518.88
2025-09-24 01:00:00+00:00,34.59,34.62,34.17,34.32,154105.88
2025-09-24 02:00:00+00:00,34.32,34.32,33.6,33.77,182223.76
2025-09-24 03:00:00+00:00,33.78,33.93,33.21,33.25,277133.68
2025-09-24 04:00:00+00:00,33.25,33.89,32.92,33.65,332422.85
2025-09-24 05:00:00+00:00,33.65,34.14,33.58,34.08,177690.62
2025-09-24 06:00:00+00:00,34.09,34.5,33.93,34.45,217878.16
2025-09-24 07:00:00+00:00,34.45,34.5,34.1,34.13,143585.13
2025-09-24 08:00:00+00:00,34.14,34.34,34.0,34.33,113837.53
2025-09-24 09:00:00+00:00,34.33,34.43,34.17,34.21,113369.42
2025-09-24 10:00:00+00:00,34.21,34.35,34.13,34.27,77571.3
2025-09-24 11:00:00+00:00,34.27,34.43,34.14,34.15,121252.18
2025-09-24 12:00:00+00:00,34.15,34.39,34.11,34.35,136021.85
2025-09-24 13:00:00+00:00,34.36,34.49,34.17,34.19,152087.7
2025-09-24 14:00:00+00:00,34.2,34.71,34.2,34.5,269352.18
2025-09-24 15:00:00+00:00,34.5,34.75,34.32,34.49,228472.92
2025-09-24 16:00:00+00:00,34.49,34.85,34.43,34.61,248066.13
2025-09-24 17:00:00+00:00,34.61,34.79,34.48,34.56,136983.41
2025-09-24 18:00:00+00:00,34.55,34.62,34.49,34.55,58580.17
2025-09-24 19:00:00+00:00,34.55,34.61,34.2,34.23,140507.99
2025-09-24 20:00:00+00:00,34.23,34.28,33.54,33.55,180224.25
2025-09-24 21:00:00+00:00,33.55,33.7,32.91,32.96,265978.72
2025-09-24 22:00:00+00:00,32.96,33.09,32.29,32.4,396896.03
2025-09-24 23:00:00+00:00,32.39,32.57,32.26,32.31,191458.46
2025-09-25 00:00:00+00:00,32.31,32.46,32.06,32.32,177800.51
2025-09-25 01:00:00+00:00,32.32,32.8,32.22,32.46,297452.13
2025-09-25 02:00:00+00:00,32.45,32.61,32.28,32.37,220078.63
2025-09-25 03:00:00+00:00,32.37,32.39,31.7,31.84,296110.92
2025-09-25 04:00:00+00:00,31.84,31.84,30.9,31.2,494100.51
2025-09-25 05:00:00+00:00,31.2,31.51,31.12,31.32,233746.86
2025-09-25 06:00:00+00:00,31.33,31.41,30.83,30.85,195668.41
2025-09-25 07:00:00+00:00,30.85,31.07,30.68,30.72,283358.17
2025-09-25 08:00:00+00:00,30.72,30.89,30.43,30.72,433992.13
2025-09-25 09:00:00+00:00,30.73,31.14,30.66,30.8,297581.73
2025-09-25 10:00:00+00:00,30.81,30.97,30.77,30.84,153898.21
2025-09-25 11:00:00+00:00,30.85,30.85,30.43,30.6,290044.42
2025-09-25 12:00:00+00:00,30.6,30.75,30.05,30.64,471854.85
2025-09-25 13:00:00+00:00,30.64,30.72,30.05,30.23,472662.2
2025-09-25 14:00:00+00:00,30.23,30.53,30.22,30.23,304795.96
2025-09-25 15:00:00+00:00,30.23,30.36,30.15,30.25,136702.55
2025-09-25 16:00:00+00:00,30.26,30.27,29.55,29.57,355906.19
2025-09-25 17:00:00+00:00,29.56,29.68,29.09,29.2,448490.23
2025-09-25 18:00:00+00:00,29.2,29.85,28.83,29.83,581553.21
2025-09-25 19:00:00+00:00,29.83,30.1,29.43,29.48,368337.59
2025-09-25 20:00:00+00:00,29.49,29.52,28.96,29.08,183919.46
2025-09-25 21:00:00+00:00,29.08,29.37,28.82,29.1,142076.28
2025-09-25 22:00:00+00:00,29.09,29.33,28.93,29.07,112557.08
2025-09-25 23:00:00+00:00,29.07,29.21,28.51,28.64,200068.06
2025-09-26 00:00:00+00:00,28.63,29.07,28.56,28.91,149899.08
2025-09-26 01:00:00+00:00,28.91,28.99,28.61,28.79,115740.92
2025-09-26 02:00:00+00:00,28.8,28.99,27.92,28.4,367901.25
2025-09-26 03:00:00+00:00,28.4,28.42,27.96,28.26,172968.13
2025-09-26 04:00:00+00:00,28.26,28.49,28.11,28.2,93178.73
2025-09-26 05:00:00+00:00,28.2,28.45,27.98,27.98,123588.55
2025-09-26 06:00:00+00:00,27.99,28.27,27.59,28.13,251128.7
2025-09-26 07:00:00+00:00,28.13,28.4,28.01,28.28,143538.65
2025-09-26 08:00:00+00:00,28.28,28.58,28.26,28.4,152985.62
2025-09-26 09:00:00+00:00,28.4,28.45,27.94,28.12,140798.59
2025-09-26 10:00:00+00:00,28.13,28.16,27.59,27.66,271964.37
2025-09-26 11:00:00+00:00,27.66,27.73,27.41,27.57,270491.21
2025-09-26 12:00:00+00:00,27.57,27.89,27.34,27.6,390088.22
2025-09-26 13:00:00+00:00,27.6,27.89,27.52,27.84,277346.87
2025-09-26 14:00:00+00:00,27.84,27.88,27.07,27.16,450072.01
2025-09-26 15:00:00+00:00,27.17,27.91,27.14,27.89,341646.64
2025-09-26 16:00:00+00:00,27.9,28.88,27.82,28.81,589514.15
2025-09-26 17:00:00+00:00,28.81,29.6,28.67,29.52,665056.66
2025-09-26 18:00:00+00:00,29.52,29.55,28.97,29.11,469335.87
2025-09-26 19:00:00+00:00,29.11,29.32,28.48,28.71,409525.13
2025-09-26 20:00:00+00:00,28.72,28.84,28.59,28.7,187111.09
2025-09-26 21:00:00+00:00,28.69,28.79,28.62,28.71,122093.98
2025-09-26 22:00:00+00:00,28.72,29.0,28.71,28.87,147755.66
2025-09-26 23:00:00+00:00,28.88,29.13,28.72,29.09,118036.64
2025-09-27 00:00:00+00:00,29.1,29.11,28.91,28.98,96558.15
2025-09-27 01:00:00+00:00,28.98,29.0,28.73,28.94,83131.87
2025-09-27 02:00:00+00:00,28.93,28.96,28.76,28.79,37815.58
2025-09-27 03:00:00+00:00,28.79,28.97,28.65,28.76,107707.55
2025-09-27 04:00:00+00:00,28.75,28.97,28.73,28.95,40639.45
2025-09-27 05:00:00+00:00,28.94,28.95,28.78,28.79,48192.23
2025-09-27 06:00:00+00:00,28.79,28.81,28.69,28.81,38782.86
2025-09-27 07:00:00+00:00,28.81,28.84,28.61,28.68,84735.73
2025-09-27 08:00:00+00:00,28.68,28.68,28.4,28.41,98735.22
2025-09-27 09:00:00+00:00,28.41,28.49,28.29,28.49,80246.93
2025-09-27 10:00:00+00:00,28.48,28.55,28.37,28.39,77686.72
2025-09-27 11:00:00+00:00,28.39,28.48,28.31,28.35,81923.75
2025-09-27 12:00:00+00:00,28.36,28.46,28.23,28.43,101649.87
2025-09-27 13:00:00+00:00,28.43,28.54,28.3,28.47,74995.16
2025-09-27 14:00:00+00:00,28.47,28.86,28.4,28.76,180439.56
2025-09-27 15:00:00+00:00,28.76,28.77,28.36,28.68,142592.69
2025-09-27 16:00:00+00:00,28.69,28.79,28.54,28.61,83599.92
2025-09-27 17:00:00+00:00,28.62,28.7,28.4,28.63,108510.29
2025-09-27 18:00:00+00:00,28.62,28.69,28.45,28.55,57555.72
2025-09-27 19:00:00+00:00,28.54,28.79,28.47,28.77,51397.62
2025-09-27 20:00:00+00:00,28.77,28.83,28.6,28.69,44189.32
2025-09-27 21:00:00+00:00,28.69,28.8,28.64,28.76,47775.92
2025-09-27 22:00:00+00:00,28.76,28.98,28.75,28.85,79405.21
2025-09-27 23:00:00+00:00,28.86,28.93,28.73,28.74,33279.73
2025-09-28 00:00:00+00:00,28.75,28.9,28.63,28.71,83001.38
2025-09-28 01:00:00+00:00,28.71,28.78,28.45,28.5,93529.48
2025-09-28 02:00:00+00:00,28.49,28.54,28.29,28.31,74531.64
2025-09-28 03:00:00+00:00,28.31,28.39,28.19,28.26,28977.59
2025-09-28 04:00:00+00:00,28.27,28.37,28.21,28.36,31101.13
2025-09-28 05:00:00+00:00,28.36,28.43,28.23,28.27,35981.97
2025-09-28 06:00:00+00:00,28.26,28.34,28.08,28.22,72786.55
2025-09-28 07:00:00+00:00,28.23,28.41,28.15,28.39,62210.1
2025-09-28 08:00:00+00:00,28.38,28.49,28.21,28.3,61896.3
2025-09-28 09:00:00+00:00,28.29,28.78,28.16,28.35,153724.19
2025-09-28 10:00:00+00:00,28.35,28.4,28.19,28.27,86794.45
2025-09-28 11:00:00+00:00,28.27,28.31,28.04,28.12,72656.21
2025-09-28 12:00:00+00:00,28.12,28.13,27.92,28.04,97856.32
2025-09-28 13:00:00+00:00,28.04,28.92,28.02,28.9,175251.29
2025-09-28 14:00:00+00:00,28.91,28.94,28.73,28.86,164657.27
2025-09-28 15:00:00+00:00,28.86,28.91,28.69,28.83,86953.78
2025-09-28 16:00:00+00:00,28.83,29.13,28.81,28.98,250496.36
2025-09-28 17:00:00+00:00,28.98,29.04,28.82,28.97,116304.66
2025-09-28 18:00:00+00:00,28.97,29.0,28.89,28.99,63279.42
2025-09-28 19:00:00+00:00,29.0,29.04,28.91,29.01,63853.07
2025-09-28 20:00:00+00:00,29.0,29.31,28.97,29.12,127003.36
2025-09-28 21:00:00+00:00,29.12,29.23,28.94,29.02,102188.87
2025-09-28 22:00:00+00:00,29.02,29.94,29.02,29.79,223141.39
2025-09-28 23:00:00+00:00,29.8,30.3,29.79,30.01,669614.39
2025-09-29 00:00:00+00:00,30.01,30.25,29.86,29.97,415736.86
2025-09-29 01:00:00+00:00,29.96,30.07,29.57,29.58,223643.33
2025-09-29 02:00:00+00:00,29.58,29.83,29.42,29.79,333749.23
2025-09-29 03:00:00+00:00,29.8,29.82,29.64,29.76,93740.24
2025-09-29 04:00:00+00:00,29.76,29.8,29.5,29.52,127809.44
2025-09-29 05:00:00+00:00,29.53,29.53,29.24,29.41,185296.69
2025-09-29 06:00:00+00:00,29.41,29.69,29.31,29.54,248980.16
2025-09-29 07:00:00+00:00,29.54,29.83,29.32,29.58,153675.72
2025-09-29 08:00:00+00:00,29.58,29.93,29.52,29.78,179151.66
2025-09-29 09:00:00+00:00,29.78,30.04,29.67,29.81,215925.94
2025-09-29 10:00:00+00:00,29.81,29.96,29.36,29.38,203474.34
2025-09-29 11:00:00+00:00,29.38,29.91,29.13,29.69,470604.62
2025-09-29 12:00:00+00:00,29.69,29.89,29.31,29.34,129352.32
2025-09-29 13:00:00+00:00,29.33,29.8,29.16,29.68,208667.92
2025-09-29 14:00:00+00:00,29.68,30.29,29.58,30.19,456534.82
2025-09-29 15:00:00+00:00,30.19,30.54,30.05,30.46,515860.3
2025-09-29 16:00:00+00:00,30.46,30.71,30.11,30.12,298858.62
2025-09-29 17:00:00+00:00,30.12,30.52,30.03,30.47,194974.91
2025-09-29 18:00:00+00:00,30.46,30.47,30.13,30.36,132060.21
2025-09-29 19:00:00+00:00,30.36,30.58,30.27,30.48,145720.56
2025-09-29 20:00:00+00:00,30.48,30.82,30.44,30.71,120202.64
2025-09-29 21:00:00+00:00,30.72,30.78,30.54,30.54,93893.31
2025-09-29 22:00:00+00:00,30.54,30.62,30.45,30.48,97239.8
2025-09-29 23:00:00+00:00,30.47,30.54,30.35,30.41,86402.81
2025-09-30 00:00:00+00:00,30.41,30.72,30.38,30.42,259724.8
2025-09-30 01:00:00+00:00,30.43,30.46,29.9,30.0,267305.57
2025-09-30 02:00:00+00:00,29.99,30.04,29.84,29.88,99306.37
2025-09-30 03:00:00+00:00,29.88,30.02,29.85,29.88,67657.75
2025-09-30 04:00:00+00:00,29.88,29.89,29.77,29.79,85020.89
2025-09-30 05:00:00+00:00,29.79,29.95,29.71,29.78,84045.86
2025-09-30 06:00:00+00:00,29.77,29.87,29.67,29.73,80156.04
2025-09-30 07:00:00+00:00,29.73,29.78,29.43,29.52,123803.23
2025-09-30 08:00:00+00:00,29.51,29.58,29.34,29.35,197551.86
2025-09-30 09:00:00+00:00,29.35,29.55,29.2,29.35,157279.84
2025-09-30 10:00:00+00:00,29.35,29.76,29.28,29.59,157059.89
2025-09-30 11:00:00+00:00,29.59,29.65,29.41,29.44,53743.08
2025-09-30 12:00:00+00:00,29.43,29.43,29.26,29.26,104209.97
2025-09-30 13:00:00+00:00,29.26,29.48,29.07,29.18,213882.99
2025-09-30 14:00:00+00:00,29.17,29.35,29.02,29.32,153540.59
2025-09-30 15:00:00+00:00,29.32,29.34,28.83,29.08,272616.24
2025-09-30 16:00:00+00:00,29.07,29.08,28.81,28.85,102544.63
2025-09-30 17:00:00+00:00,28.85,29.13,28.84,28.95,134984.99
2025-09-30 18:00:00+00:00,28.96,29.49,28.87,29.47,133149.4
2025-09-30 19:00:00+00:00,29.48,30.09,29.41,30.01,253602.49
2025-09-30 20:00:00+00:00,30.01,30.27,29.87,30.25,400771.66
2025-09-30 21:00:00+00:00,30.25,30.38,29.91,29.91,284493.65
2025-09-30 22:00:00+00:00,29.91,30.06,29.77,29.87,206247.02
2025-09-30 23:00:00+00:00,29.87,30.02,29.77,30.01,115526.47
2025-10-01 00:00:00+00:00,30.02,30.1,29.79,30.0,110176.07
2025-10-01 01:00:00+00:00,30.0,30.24,29.94,30.19,139857.36
2025-10-01 02:00:00+00:00,30.2,30.21,29.89,29.93,82730.88
2025-10-01 03:00:00+00:00,29.94,29.97,29.62,29.65,107482.6
2025-10-01 04:00:00+00:00,29.64,30.04,29.61,29.9,123016.65
2025-10-01 05:00:00+00:00,29.9,30.04,29.87,29.9,64675.87
2025-10-01 06:00:00+00:00,29.89,29.97,29.68,29.69,99162.88
2025-10-01 07:00:00+00:00,29.68,30.1,29.67,30.01,148461.53
2025-10-01 08:00:00+00:00,30.01,30.93,30.0,30.88,461484.69
2025-10-01 09:00:00+00:00,30.88,31.09,30.81,31.08,348274.62
2025-10-01 10:00:00+00:00,31.08,31.1,30.6,30.73,168455.31
2025-10-01 11:00:00+00:00,30.74,30.87,30.71,30.8,107301.91
2025-10-01 12:00:00+00:00,30.8,30.84,30.52,30.55,179886.88
2025-10-01 13:00:00+00:00,30.54,30.7,30.36,30.53,176745.43
2025-10-01 14:00:00+00:00,30.52,30.78,30.43,30.45,258404.8
2025-10-01 15:00:00+00:00,30.45,30.67,30.43,30.59,256862.55
2025-10-01 16:00:00+00:00,30.58,30.64,30.46,30.55,167781.44
2025-10-01 17:00:00+00:00,30.54,30.59,30.48,30.52,107506.76
2025-10-01 18:00:00+00:00,30.52,30.63,30.51,30.53,113737.71
2025-10-01 19:00:00+00:00,30.53,30.73,30.52,30.61,162571.98
2025-10-01 20:00:00+00:00,30.6,30.65,30.52,30.57,111711.42
2025-10-01 21:00:00+00:00,30.57,30.61,30.44,30.56,106154.25
2025-10-01 22:00:00+00:00,30.57,30.61,30.49,30.57,138037.23
2025-10-01 23:00:00+00:00,30.57,30.74,30.52,30.73,142711.11
2025-10-02 00:00:00+00:00,30.74,31.35,30.52,30.55,331368.07
2025-10-02 01:00:00+00:00,30.56,31.01,30.45,30.95,279758.0
2025-10-02 02:00:00+00:00,30.94,31.38,30.75,31.31,204615.71
2025-10-02 03:00:00+00:00,31.3,31.33,30.77,30.86,353551.83
2025-10-02 04:00:00+00:00,30.86,30.91,30.59,30.9,213398.51
2025-10-02 05:00:00+00:00,30.89,30.96,30.73,30.75,198385.61
2025-10-02 06:00:00+00:00,30.75,30.94,30.58,30.76,278145.77
2025-10-02 07:00:00+00:00,30.76,30.76,30.58,30.59,191857.37
2025-10-02 08:00:00+00:00,30.59,30.65,30.49,30.53,216801.06
2025-10-02 09:00:00+00:00,30.52,30.63,30.42,30.53,223805.92
2025-10-02 10:00:00+00:00,30.53,30.64,30.49,30.58,178222.76
2025-10-02 11:00:00+00:00,30.57,30.66,30.5,30.52,138113.96
2025-10-02 12:00:00+00:00,30.52,30.75,30.51,30.61,200190.14
2025-10-02 13:00:00+00:00,30.62,30.67,29.48,30.28,1262674.54
2025-10-02 14:00:00+00:00,30.28,30.42,29.66,29.77,585497.63
2025-10-02 15:00:00+00:00,29.77,30.05,29.54,30.01,361231.22
2025-10-02 16:00:00+00:00,30.02,30.3,29.94,30.23,421048.71
2025-10-02 17:00:00+00:00,30.23,30.52,30.17,30.5,176846.31
2025-10-02 18:00:00+00:00,30.5,30.76,30.49,30.69,163869.69
2025-10-02 19:00:00+00:00,30.7,31.15,30.61,31.01,392908.32
2025-10-02 20:00:00+00:00,31.02,31.25,30.81,30.92,276647.4
2025-10-02 21:00:00+00:00,30.91,31.03,30.82,30.89,146784.75
2025-10-02 22:00:00+00:00,30.9,31.04,30.86,30.94,109909.79
2025-10-02 23:00:00+00:00,30.94,31.03,30.84,30.98,91827.9
2025-10-03 00:00:00+00:00,30.97,30.99,30.67,30.75,183309.54
2025-10-03 01:00:00+00:00,30.76,30.81,30.46,30.48,140825.27
2025-10-03 02:00:00+00:00,30.48,30.89,30.47,30.88,90126.67
2025-10-03 03:00:00+00:00,30.88,31.02,30.73,30.76,166506.48
2025-10-03 04:00:00+00:00,30.75,30.92,30.68,30.82,87449.69
2025-10-03 05:00:00+00:00,30.83,30.84,30.51,30.58,125507.94
2025-10-03 06:00:00+00:00,30.58,30.63,30.2,30.27,171422.04
2025-10-03 07:00:00+00:00,30.27,30.27,30.08,30.18,133899.68
2025-10-03 08:00:00+00:00,30.18,30.33,29.99,30.32,138709.38
2025-10-03 09:00:00+00:00,30.32,30.39,30.17,30.35,136430.89
2025-10-03 10:00:00+00:00,30.36,30.5,30.3,30.36,107095.99
2025-10-03 11:00:00+00:00,30.36,30.37,30.12,30.16,147358.63
2025-10-03 12:00:00+00:00,30.15,30.33,30.12,30.27,84137.12
2025-10-03 13:00:00+00:00,30.26,30.6,30.04,30.34,192662.06
2025-10-03 14:00:00+00:00,30.34,30.58,30.03,30.5,195318.59
2025-10-03 15:00:00+00:00,30.5,31.26,30.37,31.24,521178.37
2025-10-03 16:00:00+00:00,31.24,31.57,31.05,31.08,531616.55
2025-10-03 17:00:00+00:00,31.08,31.22,30.49,30.94,573686.14
2025-10-03 18:00:00+00:00,30.94,31.28,30.74,31.23,302299.09
2025-10-03 19:00:00+00:00,31.22,31.36,31.12,31.18,155845.31
2025-10-03 20:00:00+00:00,31.17,31.28,31.12,31.21,237331.86
2025-10-03 21:00:00+00:00,31.21,31.3,31.16,31.24,151576.57
2025-10-03 22:00:00+00:00,31.25,31.49,31.24,31.37,97222.89
2025-10-03 23:00:00+00:00,31.36,31.48,31.3,31.31,80850.92
2025-10-04 00:00:00+00:00,31.32,31.44,31.16,31.24,122332.31
2025-10-04 01:00:00+00:00,31.25,31.26,31.12,31.22,83134.94
2025-10-04 02:00:00+00:00,31.21,31.27,31.06,31.18,83631.12
2025-10-04 03:00:00+00:00,31.18,31.27,31.08,31.23,89340.46
2025-10-04 04:00:00+00:00,31.22,31.31,31.15,31.19,55583.24
2025-10-04 05:00:00+00:00,31.19,31.39,31.12,31.2,78619.14
2025-10-04 06:00:00+00:00,31.2,31.24,31.09,31.14,65002.31
2025-10-04 07:00:00+00:00,31.13,31.15,30.78,30.81,104795.96
2025-10-04 08:00:00+00:00,30.81,30.82,30.53,30.61,167345.24
2025-10-04 09:00:00+00:00,30.61,30.7,30.48,30.53,101284.11
2025-10-04 10:00:00+00:00,30.53,30.65,30.36,30.41,99857.59
2025-10-04 11:00:00+00:00,30.4,30.44,30.25,30.33,119525.97
2025-10-04 12:00:00+00:00,30.32,30.35,30.18,30.2,107847.09
2025-10-04 13:00:00+00:00,30.19,30.55,30.16,30.38,193589.04
2025-10-04 14:00:00+00:00,30.37,30.38,29.87,29.89,272633.84
2025-10-04 15:00:00+00:00,29.9,30.03,29.85,29.93,267783.51
2025-10-04 16:00:00+00:00,29.93,30.1,29.87,30.04,142549.26
2025-10-04 17:00:00+00:00,30.04,30.09,29.89,29.96,90911.26
2025-10-04 18:00:00+00:00,29.97,30.06,29.9,29.94,49607.75
2025-10-04 19:00:00+00:00,29.94,30.08,29.94,30.04,32792.25
2025-10-04 20:00:00+00:00,30.04,30.15,30.02,30.07,68977.26
2025-10-04 21:00:00+00:00,30.06,30.17,30.05,30.1,67113.54
2025-10-04 22:00:00+00:00,30.1,30.3,30.05,30.18,54126.19
2025-10-04 23:00:00+00:00,30.18,30.19,30.1,30.12,53931.89
2025-10-05 00:00:00+00:00,30.12,30.17,29.86,29.88,97463.71
2025-10-05 01:00:00+00:00,29.89,29.98,29.82,29.93,65220.63
2025-10-05 02:00:00+00:00,29.93,30.52,29.87,30.49,150794.07
2025-10-05 03:00:00+00:00,30.5,30.69,30.34,30.48,124438.75
2025-10-05 04:00:00+00:00,30.47,31.0,30.36,30.88,189378.01
2025-10-05 05:00:00+00:00,30.89,31.07,30.79,30.84,140730.69
2025-10-05 06:00:00+00:00,30.84,30.9,30.66,30.7,105999.13
2025-10-05 07:00:00+00:00,30.7,31.09,30.7,31.08,166630.45
2025-10-05 08:00:00+00:00,31.08,31.21,30.85,30.98,125929.4
2025-10-05 09:00:00+00:00,30.99,31.02,30.62,30.65,177268.47
2025-10-05 10:00:00+00:00,30.65,30.66,30.36,30.43,157642.8
2025-10-05 11:00:00+00:00,30.43,30.5,30.06,30.33,190885.97
2025-10-05 12:00:00+00:00,30.33,30.33,30.1,30.13,120101.23
2025-10-05 13:00:00+00:00,30.13,30.2,30.09,30.11,117178.64
2025-10-05 14:00:00+00:00,30.11,30.19,29.97,30.07,129381.86
2025-10-05 15:00:00+00:00,30.08,30.35,30.03,30.24,75521.79
2025-10-05 16:00:00+00:00,30.24,30.31,30.03,30.24,126722.12
2025-10-05 17:00:00+00:00,30.24,30.29,29.89,29.93,116760.5
2025-10-05 18:00:00+00:00,29.92,30.04,29.74,29.95,128073.54
2025-10-05 19:00:00+00:00,29.95,29.96,29.67,29.71,102364.93
2025-10-05 20:00:00+00:00,29.7,29.93,29.63,29.82,84135.79
2025-10-05 21:00:00+00:00,29.81,29.89,29.77,29.85,33567.67
2025-10-05 22:00:00+00:00,29.85,29.95,29.75,29.9,48809.46
2025-10-05 23:00:00+00:00,29.89,30.11,29.8,30.07,218145.8
2025-10-06 00:00:00+00:00,30.07,30.39,29.95,30.03,218401.39
2025-10-06 01:00:00+00:00,30.02,30.3,29.94,30.2,132082.55
2025-10-06 02:00:00+00:00,30.19,30.37,30.05,30.29,78298.1
2025-10-06 03:00:00+00:00,30.28,30.31,30.13,30.25,55972.41
2025-10-06 04:00:00+00:00,30.25,30.45,30.21,30.26,61389.77
2025-10-06 05:00:00+00:00,30.26,30.3,30.13,30.22,56387.23
2025-10-06 06:00:00+00:00,30.22,30.47,30.12,30.34,112568.58
2025-10-06 07:00:00+00:00,30.35,30.42,30.14,30.3,111845.75
2025-10-06 08:00:00+00:00,30.3,30.47,30.3,30.39,90457.58
2025-10-06 09:00:00+00:00,30.4,30.8,30.39,30.57,175035.91
2025-10-06 10:00:00+00:00,30.57,30.6,30.38,30.5,87033.74
2025-10-06 11:00:00+00:00,30.5,30.63,30.4,30.5,90322.97
2025-10-06 12:00:00+00:00,30.5,30.71,30.49,30.53,98934.2
2025-10-06 13:00:00+00:00,30.52,30.68,30.42,30.56,178059.05
2025-10-06 14:00:00+00:00,30.56,30.94,30.53,30.63,392862.89
2025-10-06 15:00:00+00:00,30.64,30.98,30.63,30.83,180684.3
2025-10-06 16:00:00+00:00,30.83,30.94,30.63,30.78,141882.43
2025-10-06 17:00:00+00:00,30.78,31.03,30.71,30.9,276262.89
2025-10-06 18:00:00+00:00,30.89,30.98,30.74,30.9,94364.61
2025-10-06 19:00:00+00:00,30.91,30.91,30.7,30.84,103230.6
2025-10-06 20:00:00+00:00,30.84,30.94,30.71,30.76,87815.07
2025-10-06 21:00:00+00:00,30.76,30.8,30.53,30.69,109744.42
2025-10-06 22:00:00+00:00,30.69,30.77,30.56,30.59,74277.2
2025-10-06 23:00:00+00:00,30.59,30.75,30.52,30.61,77487.97
2025-10-07 00:00:00+00:00,30.61,30.73,30.43,30.58,83868.93
2025-10-07 01:00:00+00:00,30.57,30.57,30.31,30.42,68963.65
2025-10-07 02:00:00+00:00,30.41,30.45,30.31,30.33,57545.17
2025-10-07 03:00:00+00:00,30.33,30.4,30.3,30.34,41348.05
2025-10-07 04:00:00+00:00,30.34,30.59,30.21,30.5,117756.37
2025-10-07 05:00:00+00:00,30.5,30.57,30.35,30.46,74681.26
2025-10-07 06:00:00+00:00,30.46,30.49,30.11,30.15,133804.21
2025-10-07 07:00:00+00:00,30.16,30.24,30.04,30.1,112789.34
2025-10-07 08:00:00+00:00,30.1,30.11,29.52,29.8,385923.22
2025-10-07 09:00:00+00:00,29.79,29.86,29.72,29.76,129374.65
2025-10-07 10:00:00+00:00,29.75,30.02,29.66,29.94,204237.01
2025-10-07 11:00:00+00:00,29.93,30.06,29.91,30.02,93325.2
2025-10-07 12:00:00+00:00,30.02,30.02,29.77,29.96,260519.05
2025-10-07 13:00:00+00:00,29.97,29.99,29.13,29.35,555447.42
2025-10-07 14:00:00+00:00,29.35,29.37,28.83,28.88,549373.73
2025-10-07 15:00:00+00:00,28.89,28.94,28.43,28.54,496046.73
2025-10-07 16:00:00+00:00,28.54,28.77,28.3,28.58,274399.93
2025-10-07 17:00:00+00:00,28.58,28.66,28.39,28.41,121988.42
2025-10-07 18:00:00+00:00,28.41,28.44,28.24,28.32,133713.31
2025-10-07 19:00:00+00:00,28.31,28.46,28.08,28.1,317995.19
2025-10-07 20:00:00+00:00,28.1,28.42,28.08,28.3,169298.71
2025-10-07 21:00:00+00:00,28.31,28.43,28.16,28.26,143948.38
2025-10-07 22:00:00+00:00,28.26,28.4,28.13,28.19,136174.07
2025-10-07 23:00:00+00:00,28.19,28.2,27.81,27.93,227840.4
2025-10-08 00:00:00+00:00,27.92,28.26,27.87,28.26,143207.28
2025-10-08 01:00:00+00:00,28.26,28.36,28.12,28.32,69801.83
2025-10-08 02:00:00+00:00,28.32,28.36,28.18,28.22,120034.9
2025-10-08 03:00:00+00:00,28.22,28.24,27.92,27.97,116598.08
2025-10-08 04:00:00+00:00,27.97,28.25,27.84,28.24,94546.38
2025-10-08 05:00:00+00:00,28.23,28.24,27.98,28.12,56811.12
2025-10-08 06:00:00+00:00,28.12,28.24,28.03,28.16,50357.49
2025-10-08 07:00:00+00:00,28.16,28.3,28.05,28.29,65686.6
2025-10-08 08:00:00+00:00,28.3,28.46,28.16,28.35,118396.65
2025-10-08 09:00:00+00:00,28.35,28.37,28.19,28.29,52249.28
2025-10-08 10:00:00+00:00,28.3,28.41,28.25,28.36,53152.37
2025-10-08 11:00:00+00:00,28.36,28.49,28.25,28.3,59525.75
2025-10-08 12:00:00+00:00,28.3,28.5,28.26,28.46,52361.08
2025-10-08 13:00:00+00:00,28.46,28.56,28.2,28.52,126748.19
2025-10-08 14:00:00+00:00,28.53,28.75,28.33,28.36,186136.76
2025-10-08 15:00:00+00:00,28.36,28.48,28.25,28.3,114077.92
2025-10-08 16:00:00+00:00,28.29,28.53,28.24,28.51,81128.53
2025-10-08 17:00:00+00:00,28.52,29.19,28.51,28.96,321351.47
2025-10-08 18:00:00+00:00,28.97,29.63,28.88,29.34,371191.75
2025-10-08 19:00:00+00:00,29.33,29.38,29.12,29.2,156538.85
2025-10-08 20:00:00+00:00,29.19,29.26,28.92,28.94,77554.52
2025-10-08 21:00:00+00:00,28.93,29.0,28.82,28.87,66762.2
2025-10-08 22:00:00+00:00,28.87,28.94,28.79,28.81,49719.72
2025-10-08 23:00:00+00:00,28.81,28.88,28.77,28.82,47661.25
2025-10-09 00:00:00+00:00,28.82,28.9,28.57,28.57,45411.84
2025-10-09 01:00:00+00:00,28.57,28.58,28.41,28.5,71088.94
2025-10-09 02:00:00+00:00,28.49,28.51,28.1,28.17,89510.29
2025-10-09 03:00:00+00:00,28.16,28.47,28.16,28.4,45581.43
2025-10-09 04:00:00+00:00,28.41,28.53,28.38,28.53,29535.61
2025-10-09 05:00:00+00:00,28.53,28.57,28.42,28.5,34828.16
2025-10-09 06:00:00+00:00,28.51,28.52,28.36,28.39,34553.07
2025-10-09 07:00:00+00:00,28.38,28.5,28.28,28.36,51450.04
2025-10-09 08:00:00+00:00,28.36,28.4,27.96,27.99,131024.14
2025-10-09 09:00:00+00:00,28.0,28.19,27.98,28.09,85850.69
2025-10-09 10:00:00+00:00,28.09,28.25,27.97,28.15,60035.16
2025-10-09 11:00:00+00:00,28.16,28.46,28.16,28.31,74391.16
2025-10-09 12:00:00+00:00,28.3,28.72,28.29,28.65,108073.26
2025-10-09 13:00:00+00:00,28.64,28.68,28.12,28.16,111482.81
2025-10-09 14:00:00+00:00,28.15,28.31,27.89,28.07,177512.65
2025-10-09 15:00:00+00:00,28.08,28.2,27.83,27.97,105463.75
2025-10-09 16:00:00+00:00,27.97,28.07,27.58,27.66,201387.17
2025-10-09 17:00:00+00:00,27.65,28.08,27.63,28.06,172412.83
2025-10-09 18:00:00+00:00,28.06,28.11,27.91,27.95,189269.49
2025-10-09 19:00:00+00:00,27.96,28.19,27.95,28.08,103907.39
2025-10-09 20:00:00+00:00,28.07,28.16,27.96,28.06,68438.33
2025-10-09 21:00:00+00:00,28.06,28.16,27.98,28.13,75407.9
2025-10-09 22:00:00+00:00,28.13,28.46,28.08,28.38,103378.49
2025-10-09 23:00:00+00:00,28.38,28.42,28.28,28.38,99496.21
2025-10-10 00:00:00+00:00,28.38,28.42,28.32,28.4,91999.09
2025-10-10 01:00:00+00:00,28.4,28.47,28.31,28.36,85458.57
2025-10-10 02:00:00+00:00,28.36,28.47,28.28,28.36,104800.38
2025-10-10 03:00:00+00:00,28.36,28.57,28.26,28.36,146532.91
2025-10-10 04:00:00+00:00,28.36,28.52,28.31,28.41,84403.52
2025-10-10 05:00:00+00:00,28.41,28.56,28.31,28.54,71928.7
2025-10-10 06:00:00+00:00,28.54,28.62,28.28,28.36,89173.41
2025-10-10 07:00:00+00:00,28.35,28.37,28.19,28.21,128419.7
2025-10-10 08:00:00+00:00,28.21,28.41,28.19,28.4,89787.93
2025-10-10 09:00:00+00:00,28.4,28.4,28.03,28.08,119287.82
2025-10-10 10:00:00+00:00,28.08,28.27,28.04,28.25,82775.08
2025-10-10 11:00:00+00:00,28.24,28.34,28.15,28.26,59942.23
2025-10-10 12:00:00+00:00,28.26,28.37,28.2,28.31,76414.58
2025-10-10 13:00:00+00:00,28.31,28.49,28.18,28.29,191265.49
2025-10-10 14:00:00+00:00,28.29,28.4,27.85,27.92,271207.22
2025-10-10 15:00:00+00:00,27.92,27.94,26.61,26.99,1125521.23
2025-10-10 16:00:00+00:00,26.99,27.12,26.78,26.84,404323.46
2025-10-10 17:00:00+00:00,26.84,27.0,26.67,26.72,302485.01
2025-10-10 18:00:00+00:00,26.71,26.76,26.41,26.5,361565.18
2025-10-10 19:00:00+00:00,26.5,26.58,26.05,26.44,426277.9
2025-10-10 20:00:00+00:00,26.44,26.7,24.36,25.03,1247526.29
2025-10-10 21:00:00+00:00,25.01,27.8,8.52,21.86,4305325.98
2025-10-10 22:00:00+00:00,21.86,22.01,19.58,20.79,2998217.84
2025-10-10 23:00:00+00:00,20.79,21.97,20.37,20.68,2523272.5
2025-10-11 00:00:00+00:00,20.67,22.26,20.27,21.23,1646517.4
2025-10-11 01:00:00+00:00,21.22,21.53,20.64,20.99,615901.88
2025-10-11 02:00:00+00:00,20.99,22.87,20.95,22.67,726677.68
2025-10-11 03:00:00+00:00,22.67,22.69,21.75,21.94,469035.39
2025-10-11 04:00:00+00:00,21.95,22.24,21.79,22.18,443825.35
2025-10-11 05:00:00+00:00,22.19,22.25,21.73,22.04,324090.08
2025-10-11 06:00:00+00:00,22.03,22.67,21.98,22.22,336775.16
2025-10-11 07:00:00+00:00,22.23,22.44,22.13,22.2,295324.53
2025-10-11 08:00:00+00:00,22.21,23.18,22.11,23.12,302139.74
2025-10-11 09:00:00+00:00,23.12,23.38,22.73,22.78,295595.01
2025-10-11 10:00:00+00:00,22.79,23.05,22.66,22.72,178857.87
2025-10-11 11:00:00+00:00,22.72,22.77,22.43,22.68,133212.84
2025-10-11 12:00:00+00:00,22.68,22.8,22.28,22.37,164931.69
2025-10-11 13:00:00+00:00,22.37,22.87,21.99,22.59,485858.89
2025-10-11 14:00:00+00:00,22.6,22.88,22.54,22.72,372280.64
2025-10-11 15:00:00+00:00,22.73,22.97,22.62,22.81,301839.91
2025-10-11 16:00:00+00:00,22.82,23.03,22.67,22.9,200812.06
2025-10-11 17:00:00+00:00,22.91,23.15,22.89,22.98,221045.67
2025-10-11 18:00:00+00:00,22.97,22.98,22.63,22.64,103872.21
2025-10-11 19:00:00+00:00,22.65,22.65,21.78,21.9,528230.81
2025-10-11 20:00:00+00:00,21.9,21.96,21.18,21.33,450452.4
2025-10-11 21:00:00+00:00,21.34,21.62,20.92,21.42,325336.66
2025-10-11 22:00:00+00:00,21.43,21.71,21.35,21.63,109793.65
2025-10-11 23:00:00+00:00,21.63,21.66,21.41,21.46,89763.11
2025-10-12 00:00:00+00:00,21.45,21.48,20.87,20.9,134725.44
2025-10-12 01:00:00+00:00,20.9,21.23,20.82,20.86,160749.09
2025-10-12 02:00:00+00:00,20.85,21.15,20.66,20.78,152348.95
2025-10-12 03:00:00+00:00,20.78,21.26,20.73,21.02,185621.81
2025-10-12 04:00:00+00:00,21.03,21.46,21.0,21.32,141371.54
2025-10-12 05:00:00+00:00,21.32,21.45,21.25,21.38,118274.72
2025-10-12 06:00:00+00:00,21.37,21.57,21.32,21.51,109669.64
2025-10-12 07:00:00+00:00,21.5,21.5,21.29,21.37,64808.13
2025-10-12 08:00:00+00:00,21.37,21.46,21.13,21.14,117471.31
2025-10-12 09:00:00+00:00,21.14,21.27,20.92,21.25,162610.21
2025-10-12 10:00:00+00:00,21.26,21.37,20.98,20.99,132356.42
2025-10-12 11:00:00+00:00,21.0,21.19,20.99,21.1,99670.64
2025-10-12 12:00:00+00:00,21.09,21.37,21.09,21.29,147022.43
2025-10-12 13:00:00+00:00,21.29,21.44,20.77,20.83,266982.58
2025-10-12 14:00:00+00:00,20.84,22.14,20.82,21.81,880167.72
2025-10-12 15:00:00+00:00,21.81,22.56,21.72,22.37,847123.6
2025-10-12 16:00:00+00:00,22.36,22.91,22.3,22.58,818029.48
2025-10-12 17:00:00+00:00,22.58,22.98,22.51,22.75,534328.38
2025-10-12 18:00:00+00:00,22.74,23.13,22.45,22.61,418921.59
2025-10-12 19:00:00+00:00,22.6,23.04,22.6,23.02,224059.19
2025-10-12 20:00:00+00:00,23.03,23.34,22.83,22.95,446450.56
2025-10-12 21:00:00+00:00,22.95,23.12,22.38,22.69,347803.57
2025-10-12 22:00:00+00:00,22.7,22.93,22.48,22.61,323880.94
2025-10-12 23:00:00+00:00,22.6,22.61,22.26,22.51,248823.63
2025-10-13 00:00:00+00:00,22.5,22.59,21.87,22.01,548624.33
2025-10-13 01:00:00+00:00,22.01,22.41,21.89,22.39,293898.97
2025-10-13 02:00:00+00:00,22.39,22.48,21.99,22.21,234188.35
2025-10-13 03:00:00+00:00,22.21,22.33,22.13,22.23,242171.97
2025-10-13 04:00:00+00:00,22.24,22.53,22.13,22.51,239149.49
2025-10-13 05:00:00+00:00,22.5,22.54,22.28,22.34,252021.83
2025-10-13 06:00:00+00:00,22.34,22.68,22.18,22.6,259151.62
2025-10-13 07:00:00+00:00,22.59,22.89,22.5,22.7,453170.38
2025-10-13 08:00:00+00:00,22.71,22.99,22.61,22.87,389104.43
2025-10-13 09:00:00+00:00,22.86,22.93,22.69,22.93,166198.12
2025-10-13 10:00:00+00:00,22.92,23.05,22.62,22.66,411748.05
2025-10-13 11:00:00+00:00,22.66,22.68,21.68,22.19,881743.85
2025-10-13 12:00:00+00:00,22.19,22.67,22.03,22.36,280080.93
2025-10-13 13:00:00+00:00,22.35,22.95,22.24,22.83,1157356.22
2025-10-13 14:00:00+00:00,22.83,22.94,22.32,22.42,663318.64
2025-10-13 15:00:00+00:00,22.43,22.93,22.4,22.79,247762.42
2025-10-13 16:00:00+00:00,22.8,23.06,22.64,23.0,340762.02
2025-10-13 17:00:00+00:00,22.99,23.49,22.97,23.45,452150.82
2025-10-13 18:00:00+00:00,23.45,23.73,23.34,23.51,571870.38
2025-10-13 19:00:00+00:00,23.51,24.07,23.48,23.85,418378.39
2025-10-13 20:00:00+00:00,23.85,24.05,23.7,23.96,331495.73
2025-10-13 21:00:00+00:00,23.96,24.02,23.72,23.78,165889.64
2025-10-13 22:00:00+00:00,23.78,23.89,23.78,23.85,163026.21
2025-10-13 23:00:00+00:00,23.85,23.9,23.77,23.8,114597.54
2025-10-14 00:00:00+00:00,23.8,23.9,23.76,23.85,113445.7
2025-10-14 01:00:00+00:00,23.84,23.89,23.73,23.83,299486.29
2025-10-14 02:00:00+00:00,23.83,23.85,23.3,23.36,255880.43
2025-10-14 03:00:00+00:00,23.36,23.5,23.18,23.34,248237.42
2025-10-14 04:00:00+00:00,23.34,23.37,22.87,22.96,223251.04
2025-10-14 05:00:00+00:00,22.96,23.26,22.68,22.83,324468.81
2025-10-14 06:00:00+00:00,22.82,23.01,22.0,22.34,549356.31
2025-10-14 07:00:00+00:00,22.33,22.43,22.05,22.14,455565.55
2025-10-14 08:00:00+00:00,22.14,22.47,22.0,22.39,239670.98
2025-10-14 09:00:00+00:00,22.38,22.76,22.37,22.55,154341.08
2025-10-14 10:00:00+00:00,22.54,22.54,21.95,22.23,302414.59
2025-10-14 11:00:00+00:00,22.24,22.63,22.21,22.42,202745.08
2025-10-14 12:00:00+00:00,22.42,22.42,22.07,22.11,172416.92
2025-10-14 13:00:00+00:00,22.11,22.37,21.81,22.19,351686.05
2025-10-14 14:00:00+00:00,22.18,22.59,22.05,22.29,279657.06
2025-10-14 15:00:00+00:00,22.3,22.84,22.13,22.8,326947.18
2025-10-14 16:00:00+00:00,22.8,23.14,22.65,22.8,578194.64
2025-10-14 17:00:00+00:00,22.79,23.0,22.49,22.82,475508.97
2025-10-14 18:00:00+00:00,22.83,22.95,22.71,22.79,387777.24
2025-10-14 19:00:00+00:00,22.8,22.91,22.34,22.56,384981.21
2025-10-14 20:00:00+00:00,22.57,22.74,22.47,22.71,133597.56
2025-10-14 21:00:00+00:00,22.72,22.74,22.56,22.67,121298.54
2025-10-14 22:00:00+00:00,22.67,22.84,22.61,22.67,160199.57
2025-10-14 23:00:00+00:00,22.67,22.82,22.66,22.74,100520.54
2025-10-15 00:00:00+00:00,22.73,22.76,22.53,22.68,113423.33
2025-10-15 01:00:00+00:00,22.68,22.74,22.47,22.61,153573.29
2025-10-15 02:00:00+00:00,22.61,22.91,22.58,22.67,210329.39
2025-10-15 03:00:00+00:00,22.67,22.71,22.37,22.47,106359.02
2025-10-15 04:00:00+00:00,22.48,22.74,22.4,22.71,88746.13
2025-10-15 05:00:00+00:00,22.72,22.84,22.65,22.75,103091.85
2025-10-15 06:00:00+00:00,22.75,22.87,22.54,22.83,160332.88
2025-10-15 07:00:00+00:00,22.83,23.0,22.74,22.98,162445.77
2025-10-15 08:00:00+00:00,22.97,23.29,22.93,23.04,253851.48
2025-10-15 09:00:00+00:00,23.04,23.06,22.79,22.84,93410.9
2025-10-15 10:00:00+00:00,22.84,22.87,22.57,22.61,112672.59
2025-10-15 11:00:00+00:00,22.61,22.67,22.41,22.56,94491.9
2025-10-15 12:00:00+00:00,22.57,22.59,22.25,22.33,175703.13
2025-10-15 13:00:00+00:00,22.33,22.46,21.86,22.25,343091.08
2025-10-15 14:00:00+00:00,22.24,22.53,21.93,22.07,192926.75
2025-10-15 15:00:00+00:00,22.07,22.2,21.77,21.93,262001.61
2025-10-15 16:00:00+00:00,21.93,22.0,21.8,21.87,141412.18
2025-10-15 17:00:00+00:00,21.87,21.98,21.6,21.97,161641.05
2025-10-15 18:00:00+00:00,21.97,22.1,21.86,22.08,66368.9
2025-10-15 19:00:00+00:00,22.08,22.17,21.9,21.99,234512.82
2025-10-15 20:00:00+00:00,22.0,22.09,21.56,21.91,172150.84
2025-10-15 21:00:00+00:00,21.9,22.08,21.69,21.83,128799.3
2025-10-15 22:00:00+00:00,21.84,21.99,21.75,21.8,59719.33
2025-10-15 23:00:00+00:00,21.8,21.98,21.77,21.9,66198.81
2025-10-16 00:00:00+00:00,21.9,21.98,21.79,21.8,54415.61
2025-10-16 01:00:00+00:00,21.79,22.13,21.79,22.06,76501.53
2025-10-16 02:00:00+00:00,22.07,22.14,21.89,22.08,60465.47
2025-10-16 03:00:00+00:00,22.08,22.11,21.91,21.93,40484.73
2025-10-16 04:00:00+00:00,21.93,22.1,21.86,21.87,54536.34
2025-10-16 05:00:00+00:00,21.87,22.02,21.7,21.83,84953.19
2025-10-16 06:00:00+00:00,21.83,22.08,21.81,22.06,47557.17
2025-10-16 07:00:00+00:00,22.06,22.07,21.77,21.88,74843.12
2025-10-16 08:00:00+00:00,21.87,21.91,21.67,21.79,93754.83
2025-10-16 09:00:00+00:00,21.78,22.07,21.0,21.99,668628.14
2025-10-16 10:00:00+00:00,21.99,22.32,21.99,22.18,168815.13
2025-10-16 11:00:00+00:00,22.18,22.27,22.05,22.25,95755.84
2025-10-16 12:00:00+00:00,22.26,22.39,22.13,22.14,161584.18
2025-10-16 13:00:00+00:00,22.13,22.22,21.93,21.98,167700.28
2025-10-16 14:00:00+00:00,21.98,22.12,21.67,21.83,232896.11
2025-10-16 15:00:00+00:00,21.83,21.87,21.04,21.15,385873.14
2025-10-16 16:00:00+00:00,21.14,21.52,20.84,21.5,458953.54
2025-10-16 17:00:00+00:00,21.5,21.5,21.11,21.16,194960.6
2025-10-16 18:00:00+00:00,21.16,21.22,20.92,21.09,227848.46
2025-10-16 19:00:00+00:00,21.09,21.11,20.58,20.78,294162.05
2025-10-16 20:00:00+00:00,20.79,20.92,20.59,20.75,362618.75
2025-10-16 21:00:00+00:00,20.75,20.96,20.66,20.94,112803.82
2025-10-16 22:00:00+00:00,20.95,20.98,20.71,20.74,102021.05
2025-10-16 23:00:00+00:00,20.73,21.02,20.71,20.98,126691.53
2025-10-17 00:00:00+00:00,20.97,21.12,20.93,21.08,69238.27
2025-10-17 01:00:00+00:00,21.09,21.27,20.94,21.02,87980.62
2025-10-17 02:00:00+00:00,21.02,21.06,20.85,20.94,72650.08
2025-10-17 03:00:00+00:00,20.95,21.03,20.87,20.97,81337.59
2025-10-17 04:00:00+00:00,20.97,20.98,20.69,20.74,119699.2
2025-10-17 05:00:00+00:00,20.74,20.78,20.54,20.58,193809.32
2025-10-17 06:00:00+00:00,20.59,20.68,19.83,19.91,601506.23
2025-10-17 07:00:00+00:00,19.91,19.93,19.35,19.4,534725.83
2025-10-17 08:00:00+00:00,19.4,19.45,19.03,19.12,585043.79
2025-10-17 09:00:00+00:00,19.12,19.8,19.08,19.46,400754.68
2025-10-17 10:00:00+00:00,19.45,19.58,19.13,19.47,399533.01
2025-10-17 11:00:00+00:00,19.47,20.03,19.44,19.82,449751.1
2025-10-17 12:00:00+00:00,19.82,19.94,19.75,19.76,153479.4
2025-10-17 13:00:00+00:00,19.76,19.99,19.58,19.87,316599.87
2025-10-17 14:00:00+00:00,19.87,19.92,19.4,19.62,281688.09
2025-10-17 15:00:00+00:00,19.61,19.95,19.54,19.94,176868.79
2025-10-17 16:00:00+00:00,19.94,20.25,19.82,19.89,382373.66
2025-10-17 17:00:00+00:00,19.9,20.06,19.82,20.0,172187.35
2025-10-17 18:00:00+00:00,19.99,20.16,19.95,19.99,157892.46
2025-10-17 19:00:00+00:00,19.99,20.06,19.81,19.93,129660.08
2025-10-17 20:00:00+00:00,19.93,20.16,19.88,20.09,108113.59
2025-10-17 21:00:00+00:00,20.08,20.26,20.05,20.2,151507.59
2025-10-17 22:00:00+00:00,20.19,20.32,19.99,20.07,137187.59
2025-10-17 23:00:00+00:00,20.07,20.07,19.9,19.96,48664.84
2025-10-18 00:00:00+00:00,19.95,20.06,19.89,19.99,40591.09
2025-10-18 01:00:00+00:00,20.0,20.18,19.98,20.16,62321.28
2025-10-18 02:00:00+00:00,20.17,20.21,19.97,20.01,67950.92
2025-10-18 03:00:00+00:00,20.0,20.12,19.99,20.04,29646.06
2025-10-18 04:00:00+00:00,20.04,20.05,19.86,19.89,46565.64
2025-10-18 05:00:00+00:00,19.89,20.12,19.88,20.09,56003.25
2025-10-18 06:00:00+00:00,20.08,20.21,20.05,20.14,80236.19
2025-10-18 07:00:00+00:00,20.14,20.42,20.13,20.17,232140.11
2025-10-18 08:00:00+00:00,20.17,20.26,20.16,20.19,61747.88
2025-10-18 09:00:00+00:00,20.19,20.35,20.16,20.3,79833.41
2025-10-18 10:00:00+00:00,20.31,20.32,20.1,20.17,62481.3
2025-10-18 11:00:00+00:00,20.17,20.25,20.12,20.21,154742.51
2025-10-18 12:00:00+00:00,20.22,20.31,20.11,20.11,76836.62
2025-10-18 13:00:00+00:00,20.12,20.12,19.92,19.93,95619.14
2025-10-18 14:00:00+00:00,19.93,20.09,19.86,20.04,93605.29
2025-10-18 15:00:00+00:00,20.04,20.09,19.92,20.03,36545.02
2025-10-18 16:00:00+00:00,20.03,20.04,19.82,19.96,76500.17
2025-10-18 17:00:00+00:00,19.96,20.18,19.9,20.16,72844.49
2025-10-18 18:00:00+00:00,20.15,20.19,20.09,20.11,63722.91
2025-10-18 19:00:00+00:00,20.1,20.18,20.06,20.17,51363.04
2025-10-18 20:00:00+00:00,20.16,20.28,20.15,20.17,52308.71
2025-10-18 21:00:00+00:00,20.17,20.27,20.09,20.24,41494.43
2025-10-18 22:00:00+00:00,20.24,20.28,20.18,20.2,25067.46
2025-10-18 23:00:00+00:00,20.2,20.22,20.15,20.21,16418.25
2025-10-19 00:00:00+00:00,20.22,20.23,20.02,20.07,41581.15
2025-10-19 01:00:00+00:00,20.07,20.13,19.99,20.12,29859.67
2025-10-19 02:00:00+00:00,20.13,20.19,20.08,20.13,21859.27
2025-10-19 03:00:00+00:00,20.13,20.29,20.1,20.28,29951.09
2025-10-19 04:00:00+00:00,20.28,20.29,20.21,20.23,23462.04
2025-10-19 05:00:00+00:00,20.24,20.28,20.13,20.16,28261.51
2025-10-19 06:00:00+00:00,20.16,20.21,19.94,19.98,54597.07
2025-10-19 07:00:00+00:00,19.99,20.04,19.87,19.96,53465.12
2025-10-19 08:00:00+00:00,19.95,20.19,19.81,19.89,195182.53
2025-10-19 09:00:00+00:00,19.88,20.28,19.75,20.16,210829.25
2025-10-19 10:00:00+00:00,20.16,20.53,20.09,20.43,168850.09
2025-10-19 11:00:00+00:00,20.43,20.61,20.36,20.4,159321.58
2025-10-19 12:00:00+00:00,20.4,20.46,20.3,20.46,53283.39
2025-10-19 13:00:00+00:00,20.45,20.78,20.4,20.74,158281.27
2025-10-19 14:00:00+00:00,20.74,20.84,20.62,20.78,219983.85
2025-10-19 15:00:00+00:00,20.77,20.79,20.65,20.74,71972.69
2025-10-19 16:00:00+00:00,20.74,20.75,20.54,20.65,101497.75
2025-10-19 17:00:00+00:00,20.65,20.84,20.63,20.68,179672.9
2025-10-19 18:00:00+00:00,20.69,20.79,20.68,20.79,57499.41
2025-10-19 19:00:00+00:00,20.78,20.81,20.68,20.73,72545.6
2025-10-19 20:00:00+00:00,20.72,20.81,20.67,20.8,69274.63
2025-10-19 21:00:00+00:00,20.81,20.82,20.62,20.67,48998.53
2025-10-19 22:00:00+00:00,20.68,20.8,20.68,20.74,48817.86
2025-10-19 23:00:00+00:00,20.74,20.74,20.57,20.59,44135.85
2025-10-20 00:00:00+00:00,20.59,20.6,20.17,20.39,136382.32
2025-10-20 01:00:00+00:00,20.4,20.45,20.3,20.35,41755.33
2025-10-20 02:00:00+00:00,20.34,20.53,20.2,20.46,49006.72
2025-10-20 03:00:00+00:00,20.46,21.08,20.38,21.02,185742.09
2025-10-20 04:00:00+00:00,21.02,21.1,20.97,21.04,216578.13
2025-10-20 05:00:00+00:00,21.05,21.06,20.84,20.95,230411.11
2025-10-20 06:00:00+00:00,20.95,21.21,20.91,21.06,228795.39
2025-10-20 07:00:00+00:00,21.06,21.09,20.86,20.92,154866.45
2025-10-20 08:00:00+00:00,20.92,20.95,20.77,20.8,113863.22
2025-10-20 09:00:00+00:00,20.81,20.81,20.71,20.77,91359.32
2025-10-20 10:00:00+00:00,20.78,20.89,20.66,20.72,105848.06
2025-10-20 11:00:00+00:00,20.71,20.78,20.61,20.78,79810.92
2025-10-20 12:00:00+00:00,20.78,20.78,20.62,20.68,82910.75
2025-10-20 13:00:00+00:00,20.68,20.81,20.55,20.78,114167.91
2025-10-20 14:00:00+00:00,20.78,20.8,20.55,20.74,119039.0
2025-10-20 15:00:00+00:00,20.74,20.88,20.61,20.61,149949.0
2025-10-20 16:00:00+00:00,20.61,20.61,20.24,20.35,325517.03
2025-10-20 17:00:00+00:00,20.35,20.51,20.24,20.37,178212.09
2025-10-20 18:00:00+00:00,20.36,20.46,20.31,20.45,60708.64
2025-10-20 19:00:00+00:00,20.45,20.6,20.35,20.53,55530.03
2025-10-20 20:00:00+00:00,20.52,20.58,20.47,20.55,56556.65
2025-10-20 21:00:00+00:00,20.55,20.63,20.37,20.39,71835.54
2025-10-20 22:00:00+00:00,20.38,20.46,20.34,20.42,52101.77
2025-10-20 23:00:00+00:00,20.41,20.45,20.33,20.34,54576.57
2025-10-21 00:00:00+00:00,20.34,20.37,20.27,20.29,54453.96
2025-10-21 01:00:00+00:00,20.29,20.3,20.05,20.1,123993.16
2025-10-21 02:00:00+00:00,20.1,20.11,19.93,19.95,77336.47
2025-10-21 03:00:00+00:00,19.95,19.99,19.82,19.85,68488.79
2025-10-21 04:00:00+00:00,19.85,19.85,19.46,19.51,226216.79
2025-10-21 05:00:00+00:00,19.52,19.62,19.47,19.49,96558.88
2025-10-21 06:00:00+00:00,19.5,19.68,19.48,19.66,83994.78
2025-10-21 07:00:00+00:00,19.65,19.78,19.58,19.78,52171.3
2025-10-21 08:00:00+00:00,19.78,19.78,19.6,19.75,51689.32
2025-10-21 09:00:00+00:00,19.74,19.86,19.72,19.8,45849.2
2025-10-21 10:00:00+00:00,19.8,20.0,19.73,19.94,93984.9
2025-10-21 11:00:00+00:00,19.93,20.03,19.86,19.99,91202.82
2025-10-21 12:00:00+00:00,19.99,20.18,19.93,20.03,133531.08
2025-10-21 13:00:00+00:00,20.03,20.07,19.81,19.86,154768.49
2025-10-21 14:00:00+00:00,19.87,20.57,19.87,20.54,345096.73
2025-10-21 15:00:00+00:00,20.55,20.85,20.45,20.76,452852.33
2025-10-21 16:00:00+00:00,20.77,20.84,20.35,20.4,478581.37
2025-10-21 17:00:00+00:00,20.41,20.51,20.23,20.44,303355.5
2025-10-21 18:00:00+00:00,20.45,20.52,20.33,20.47,130359.53
2025-10-21 19:00:00+00:00,20.47,20.54,20.39,20.4,69938.18
2025-10-21 20:00:00+00:00,20.4,20.42,20.11,20.13,155141.16
2025-10-21 21:00:00+00:00,20.12,20.2,19.85,20.1,187092.7
2025-10-21 22:00:00+00:00,20.09,20.1,19.72,19.78,173619.78
2025-10-21 23:00:00+00:00,19.77,19.82,19.48,19.54,107582.01
2025-10-22 00:00:00+00:00,19.54,19.66,19.37,19.38,289680.91
2025-10-22 01:00:00+00:00,19.38,19.59,19.34,19.54,93288.57
2025-10-22 02:00:00+00:00,19.55,19.62,19.46,19.47,50917.48
2025-10-22 03:00:00+00:00,19.47,19.47,19.35,19.46,51513.45
2025-10-22 04:00:00+00:00,19.45,19.61,19.44,19.61,55871.04
2025-10-22 05:00:00+00:00,19.61,19.65,19.29,19.45,152413.61
2025-10-22 06:00:00+00:00,19.44,19.52,19.4,19.42,50396.77
2025-10-22 07:00:00+00:00,19.42,19.6,19.34,19.56,77707.1
2025-10-22 08:00:00+00:00,19.56,19.69,19.49,19.59,96357.88
2025-10-22 09:00:00+00:00,19.59,19.63,19.37,19.44,69794.42
2025-10-22 10:00:00+00:00,19.44,19.5,19.35,19.4,63805.5
2025-10-22 11:00:00+00:00,19.4,19.64,19.12,19.59,192688.21
2025-10-22 12:00:00+00:00,19.59,19.69,19.5,19.52,112666.58
2025-10-22 13:00:00+00:00,19.52,19.69,19.41,19.65,129850.92
2025-10-22 14:00:00+00:00,19.64,19.65,19.25,19.63,246114.06
2025-10-22 15:00:00+00:00,19.64,19.71,19.37,19.54,180966.55
2025-10-22 16:00:00+00:00,19.53,19.59,19.33,19.45,190882.07
2025-10-22 17:00:00+00:00,19.45,19.51,19.24,19.29,125541.18
2025-10-22 18:00:00+00:00,19.29,19.35,19.17,19.21,79123.47
2025-10-22 19:00:00+00:00,19.2,19.39,18.84,19.08,237045.17
2025-10-22 20:00:00+00:00,19.08,19.13,18.88,18.93,147253.84
2025-10-22 21:00:00+00:00,18.93,18.94,18.42,18.69,444702.57
2025-10-22 22:00:00+00:00,18.68,18.84,18.65,18.75,93106.64
2025-10-22 23:00:00+00:00,18.75,19.05,18.75,19.02,104398.8
2025-10-23 00:00:00+00:00,19.02,19.09,18.98,19.04,53954.92
2025-10-23 01:00:00+00:00,19.05,19.16,19.03,19.09,67529.24
2025-10-23 02:00:00+00:00,19.09,19.21,19.08,19.12,42513.34
2025-10-23 03:00:00+00:00,19.11,19.18,19.07,19.12,34501.01
2025-10-23 04:00:00+00:00,19.12,19.24,19.09,19.2,35555.54
2025-10-23 05:00:00+00:00,19.2,19.34,19.2,19.34,33914.06
2025-10-23 06:00:00+00:00,19.33,19.58,19.29,19.57,147820.14
2025-10-23 07:00:00+00:00,19.57,19.57,19.44,19.55,58271.53
2025-10-23 08:00:00+00:00,19.55,19.62,19.51,19.53,47699.4
2025-10-23 09:00:00+00:00,19.52,19.56,19.47,19.54,65463.45
2025-10-23 10:00:00+00:00,19.55,19.6,19.52,19.53,47714.56
2025-10-23 11:00:00+00:00,19.53,19.53,19.39,19.42,109141.05
2025-10-23 12:00:00+00:00,19.41,19.42,19.25,19.38,137584.93
2025-10-23 13:00:00+00:00,19.37,19.49,19.26,19.44,146211.35
2025-10-23 14:00:00+00:00,19.44,19.49,19.27,19.42,126550.29
2025-10-23 15:00:00+00:00,19.42,19.62,19.39,19.54,189712.51
2025-10-23 16:00:00+00:00,19.55,19.74,19.52,19.68,142778.48
2025-10-23 17:00:00+00:00,19.69,19.73,19.53,19.68,205884.18
2025-10-23 18:00:00+00:00,19.67,19.69,19.47,19.5,159729.07
2025-10-23 19:00:00+00:00,19.5,19.53,19.36,19.38,240881.23
2025-10-23 20:00:00+00:00,19.38,19.38,19.08,19.15,199766.26
2025-10-23 21:00:00+00:00,19.14,19.21,19.09,19.1,123230.72
2025-10-23 22:00:00+00:00,19.1,19.18,19.05,19.07,104791.32
2025-10-23 23:00:00+00:00,19.07,19.15,18.98,19.14,95154.72
2025-10-24 00:00:00+00:00,19.13,19.28,19.02,19.22,118300.2
2025-10-24 01:00:00+00:00,19.22,19.28,19.07,19.22,46194.49
2025-10-24 02:00:00+00:00,19.21,19.23,19.1,19.2,41395.56
2025-10-24 03:00:00+00:00,19.2,19.23,19.13,19.23,27002.06
2025-10-24 04:00:00+00:00,19.22,19.63,19.17,19.56,137874.31
2025-10-24 05:00:00+00:00,19.55,19.66,19.51,19.61,96826.89
2025-10-24 06:00:00+00:00,19.61,19.63,19.55,19.61,67549.53
2025-10-24 07:00:00+00:00,19.61,19.63,19.4,19.49,66106.62
2025-10-24 08:00:00+00:00,19.5,19.67,19.41,19.59,86671.72
2025-10-24 09:00:00+00:00,19.6,19.62,19.54,19.56,46832.02
2025-10-24 10:00:00+00:00,19.57,19.58,19.49,19.5,35172.25
2025-10-24 11:00:00+00:00,19.5,19.52,19.37,19.5,56060.98
2025-10-24 12:00:00+00:00,19.5,19.96,19.48,19.61,284484.7
2025-10-24 13:00:00+00:00,19.62,19.67,19.49,19.64,203161.85
2025-10-24 14:00:00+00:00,19.64,19.64,19.25,19.31,197280.15
2025-10-24 15:00:00+00:00,19.31,19.45,19.23,19.26,97414.39
2025-10-24 16:00:00+00:00,19.27,19.36,19.12,19.22,99761.27
2025-10-24 17:00:00+00:00,19.21,19.35,19.2,19.24,75062.54
2025-10-24 18:00:00+00:00,19.24,19.4,19.23,19.39,34093.04
2025-10-24 19:00:00+00:00,19.4,19.57,19.39,19.51,125320.66
2025-10-24 20:00:00+00:00,19.51,19.65,19.5,19.58,139924.29
2025-10-24 21:00:00+00:00,19.58,19.63,19.53,19.6,122390.95
2025-10-24 22:00:00+00:00,19.6,19.62,19.53,19.56,88594.89
2025-10-24 23:00:00+00:00,19.55,19.55,19.47,19.49,104897.3
2025-10-25 00:00:00+00:00,19.49,19.52,19.37,19.41,98826.16
2025-10-25 01:00:00+00:00,19.42,19.52,19.37,19.45,72529.89
2025-10-25 02:00:00+00:00,19.44,19.46,19.37,19.39,44052.35
2025-10-25 03:00:00+00:00,19.39,19.41,19.32,19.34,64409.32
2025-10-25 04:00:00+00:00,19.34,19.42,19.32,19.32,84122.64
2025-10-25 05:00:00+00:00,19.33,19.37,19.31,19.35,79515.93
2025-10-25 06:00:00+00:00,19.35,19.38,19.29,19.31,66686.74
2025-10-25 07:00:00+00:00,19.31,19.46,19.3,19.36,75603.66
2025-10-25 08:00:00+00:00,19.36,19.44,19.34,19.43,51378.88
2025-10-25 09:00:00+00:00,19.43,19.45,19.32,19.33,50865.32
2025-10-25 10:00:00+00:00,19.33,19.35,19.24,19.3,59000.68
2025-10-25 11:00:00+00:00,19.3,19.37,19.27,19.33,22881.41
2025-10-25 12:00:00+00:00,19.34,19.57,19.32,19.55,61708.42
2025-10-25 13:00:00+00:00,19.55,19.56,19.46,19.51,58336.67
2025-10-25 14:00:00+00:00,19.51,19.56,19.47,19.55,47890.43
2025-10-25 15:00:00+00:00,19.55,19.56,19.48,19.53,32822.86
2025-10-25 16:00:00+00:00,19.53,19.54,19.45,19.49,26832.08
2025-10-25 17:00:00+00:00,19.48,19.55,19.47,19.52,21765.96
2025-10-25 18:00:00+00:00,19.51,19.72,19.5,19.7,90304.84
2025-10-25 19:00:00+00:00,19.71,19.83,19.7,19.74,176757.74
2025-10-25 20:00:00+00:00,19.74,19.77,19.66,19.67,57255.41
2025-10-25 21:00:00+00:00,19.67,19.71,19.64,19.7,50850.22
2025-10-25 22:00:00+00:00,19.7,19.77,19.65,19.76,56884.58
2025-10-25 23:00:00+00:00,19.75,19.76,19.69,19.71,30144.56
2025-10-26 00:00:00+00:00,19.72,19.81,19.63,19.67,79022.77
2025-10-26 01:00:00+00:00,19.67,19.68,19.46,19.53,89687.89
2025-10-26 02:00:00+00:00,19.53,19.54,19.37,19.43,57672.35
2025-10-26 03:00:00+00:00,19.43,19.43,19.34,19.39,27376.32
2025-10-26 04:00:00+00:00,19.38,19.53,19.36,19.49,42749.38
2025-10-26 05:00:00+00:00,19.49,19.67,19.45,19.66,52104.9
2025-10-26 06:00:00+00:00,19.67,19.69,19.6,19.65,43102.72
2025-10-26 07:00:00+00:00,19.66,19.72,19.62,19.7,30752.38
2025-10-26 08:00:00+00:00,19.71,20.11,19.71,20.01,358959.65
2025-10-26 09:00:00+00:00,20.01,20.14,19.92,20.07,225198.96
2025-10-26 10:00:00+00:00,20.07,20.1,19.97,20.0,60857.99
2025-10-26 11:00:00+00:00,19.99,20.4,19.91,20.37,311149.28
2025-10-26 12:00:00+00:00,20.37,20.43,20.27,20.35,212299.17
2025-10-26 13:00:00+00:00,20.35,20.67,20.34,20.59,333015.49
2025-10-26 14:00:00+00:00,20.59,20.63,20.41,20.46,113560.15
2025-10-26 15:00:00+00:00,20.45,20.47,20.27,20.41,161993.91
2025-10-26 16:00:00+00:00,20.41,20.42,20.24,20.28,77250.21
2025-10-26 17:00:00+00:00,20.28,20.33,20.22,20.26,48081.67
2025-10-26 18:00:00+00:00,20.26,20.32,20.24,20.27,39644.55
2025-10-26 19:00:00+00:00,20.27,20.31,20.21,20.31,44452.8
2025-10-26 20:00:00+00:00,20.3,20.31,20.14,20.18,56929.84
2025-10-26 21:00:00+00:00,20.19,20.3,20.1,20.26,51693.68
2025-10-26 22:00:00+00:00,20.26,20.78,20.26,20.72,382283.17
2025-10-26 23:00:00+00:00,20.72,20.96,20.7,20.82,176620.03
2025-10-27 00:00:00+00:00,20.83,20.98,20.79,20.79,100380.35
2025-10-27 01:00:00+00:00,20.8,20.99,20.73,20.97,81259.31
2025-10-27 02:00:00+00:00,20.97,21.04,20.82,20.91,85171.92
2025-10-27 03:00:00+00:00,20.91,20.97,20.77,20.8,53418.25
2025-10-27 04:00:00+00:00,20.81,21.0,20.77,20.98,65402.35
2025-10-27 05:00:00+00:00,20.97,21.1,20.94,20.95,131155.4
2025-10-27 06:00:00+00:00,20.95,21.02,20.83,20.98,122375.48
2025-10-27 07:00:00+00:00,20.97,21.04,20.67,20.81,135288.23
2025-10-27 08:00:00+00:00,20.81,20.9,20.61,20.66,115424.04
2025-10-27 09:00:00+00:00,20.66,20.67,20.45,20.53,125200.67
2025-10-27 10:00:00+00:00,20.54,20.62,20.43,20.57,62617.03
2025-10-27 11:00:00+00:00,20.57,20.66,20.43,20.57,70029.07
2025-10-27 12:00:00+00:00,20.57,20.57,20.37,20.38,74482.29
2025-10-27 13:00:00+00:00,20.38,20.56,20.24,20.5,134400.86
2025-10-27 14:00:00+00:00,20.5,20.52,20.29,20.36,66920.1
2025-10-27 15:00:00+00:00,20.36,20.5,20.36,20.46,52116.16
2025-10-27 16:00:00+00:00,20.45,20.76,20.45,20.73,90632.48
2025-10-27 17:00:00+00:00,20.73,20.74,20.61,20.67,72567.47
2025-10-27 18:00:00+00:00,20.66,20.79,20.6,20.66,65335.26
2025-10-27 19:00:00+00:00,20.67,20.68,20.56,20.6,123914.78
2025-10-27 20:00:00+00:00,20.6,20.65,20.47,20.48,218121.52
2025-10-27 21:00:00+00:00,20.48,20.57,20.37,20.47,106874.84
2025-10-27 22:00:00+00:00,20.48,20.55,20.3,20.32,111045.01
2025-10-27 23:00:00+00:00,20.32,20.35,20.17,20.33,106502.82
2025-10-28 00:00:00+00:00,20.33,20.44,20.25,20.32,58414.35
2025-10-28 01:00:00+00:00,20.33,20.48,20.33,20.43,24903.18
2025-10-28 02:00:00+00:00,20.44,20.46,20.2,20.31,58509.46
2025-10-28 03:00:00+00:00,20.31,20.39,20.16,20.22,90633.46
2025-10-28 04:00:00+00:00,20.22,20.44,20.16,20.38,45287.43
2025-10-28 05:00:00+00:00,20.39,20.45,19.99,20.02,130708.34
2025-10-28 06:00:00+00:00,20.02,20.39,20.0,20.38,57846.87
2025-10-28 07:00:00+00:00,20.38,20.5,20.28,20.31,66288.92
2025-10-28 08:00:00+00:00,20.31,20.52,20.26,20.46,74217.81
2025-10-28 09:00:00+00:00,20.47,20.48,20.25,20.32,51612.88
2025-10-28 10:00:00+00:00,20.33,20.33,20.2,20.29,41397.16
2025-10-28 11:00:00+00:00,20.28,20.35,20.16,20.18,57468.18
2025-10-28 12:00:00+00:00,20.19,20.45,20.17,20.31,172901.01
2025-10-28 13:00:00+00:00,20.32,20.44,20.29,20.37,126009.89
2025-10-28 14:00:00+00:00,20.37,20.49,19.77,20.1,310875.32
2025-10-28 15:00:00+00:00,20.1,20.19,19.93,20.01,104436.4
2025-10-28 16:00:00+00:00,20.0,20.19,19.92,20.13,101281.47
2025-10-28 17:00:00+00:00,20.12,20.17,20.05,20.09,45720.94
2025-10-28 18:00:00+00:00,20.09,20.11,19.92,19.98,102102.4
2025-10-28 19:00:00+00:00,19.98,20.02,19.57,19.64,204831.14
2025-10-28 20:00:00+00:00,19.64,19.64,19.22,19.34,359743.1
2025-10-28 21:00:00+00:00,19.34,19.5,19.13,19.4,259895.4
2025-10-28 22:00:00+00:00,19.41,19.58,19.34,19.55,72033.44
2025-10-28 23:00:00+00:00,19.55,19.55,19.46,19.47,51391.35
2025-10-29 00:00:00+00:00,19.47,19.55,19.37,19.4,34375.49
2025-10-29 01:00:00+00:00,19.4,19.54,19.36,19.44,49863.48
2025-10-29 02:00:00+00:00,19.44,19.56,19.42,19.52,23344.94
2025-10-29 03:00:00+00:00,19.51,19.53,19.42,19.47,53410.78
2025-10-29 04:00:00+00:00,19.46,19.54,19.45,19.49,25817.44
2025-10-29 05:00:00+00:00,19.49,19.62,19.47,19.53,54261.55
2025-10-29 06:00:00+00:00,19.54,19.58,19.49,19.53,26922.91
2025-10-29 07:00:00+00:00,19.54,19.64,19.5,19.6,28013.64
2025-10-29 08:00:00+00:00,19.6,19.62,19.47,19.51,57551.61
2025-10-29 09:00:00+00:00,19.5,19.54,19.43,19.49,61559.84
2025-10-29 10:00:00+00:00,19.48,19.74,19.47,19.63,51411.41
2025-10-29 11:00:00+00:00,19.63,19.77,19.6,19.74,46103.76
2025-10-29 12:00:00+00:00,19.73,19.75,19.66,19.7,28952.94
2025-10-29 13:00:00+00:00,19.7,19.85,19.66,19.66,97163.03
2025-10-29 14:00:00+00:00,19.67,19.69,19.49,19.59,100286.38
2025-10-29 15:00:00+00:00,19.59,19.64,19.34,19.44,106860.19
2025-10-29 16:00:00+00:00,19.44,19.58,19.33,19.53,55754.26
2025-10-29 17:00:00+00:00,19.52,20.05,19.52,20.05,106818.58
2025-10-29 18:00:00+00:00,20.06,20.2,19.31,19.91,830132.12
2025-10-29 19:00:00+00:00,19.91,20.16,19.75,19.94,193860.52
2025-10-29 20:00:00+00:00,19.95,20.16,19.83,20.08,184134.1
2025-10-29 21:00:00+00:00,20.08,20.14,19.97,20.03,81909.14
2025-10-29 22:00:00+00:00,20.03,20.06,19.94,19.98,43521.86
2025-10-29 23:00:00+00:00,19.97,19.97,19.55,19.66,127545.19
2025-10-30 00:00:00+00:00,19.66,19.76,19.52,19.73,41265.18
2025-10-30 01:00:00+00:00,19.74,19.84,19.61,19.76,35507.52
2025-10-30 02:00:00+00:00,19.75,19.96,19.7,19.96,35724.83
2025-10-30 03:00:00+00:00,19.95,19.97,19.77,19.84,37962.88
2025-10-30 04:00:00+00:00,19.84,19.84,19.06,19.3,386730.77
2025-10-30 05:00:00+00:00,19.3,19.71,19.2,19.66,115953.34
2025-10-30 06:00:00+00:00,19.66,19.75,19.51,19.67,50945.34
2025-10-30 07:00:00+00:00,19.67,19.88,19.6,19.83,61410.23
2025-10-30 08:00:00+00:00,19.84,19.89,19.62,19.64,73831.83
2025-10-30 09:00:00+00:00,19.63,19.65,19.41,19.44,76425.08
2025-10-30 10:00:00+00:00,19.43,19.49,19.24,19.26,68967.76
2025-10-30 11:00:00+00:00,19.27,19.34,19.21,19.24,61690.24
2025-10-30 12:00:00+00:00,19.25,19.26,18.68,18.78,318568.56
2025-10-30 13:00:00+00:00,18.77,18.86,18.42,18.5,301370.79
2025-10-30 14:00:00+00:00,18.49,18.63,18.36,18.45,235493.33
2025-10-30 15:00:00+00:00,18.46,18.5,18.14,18.23,217297.09
2025-10-30 16:00:00+00:00,18.24,18.34,18.14,18.24,139761.37
2025-10-30 17:00:00+00:00,18.24,18.24,17.85,18.13,229091.92
2025-10-30 18:00:00+00:00,18.13,18.14,17.83,17.91,131003.21
2025-10-30 19:00:00+00:00,17.9,17.94,17.51,17.59,994545.69
2025-10-30 20:00:00+00:00,17.58,17.95,17.54,17.94,267439.1
2025-10-30 21:00:00+00:00,17.94,18.03,17.83,18.0,128712.59
2025-10-30 22:00:00+00:00,18.01,18.1,17.96,18.09,85867.81
2025-10-30 23:00:00+00:00,18.1,18.16,17.97,18.11,154810.6
2025-10-31 00:00:00+00:00,18.12,18.31,18.05,18.25,99737.71
2025-10-31 01:00:00+00:00,18.26,18.41,18.2,18.39,95304.35
2025-10-31 02:00:00+00:00,18.39,18.39,18.11,18.22,58842.12
2025-10-31 03:00:00+00:00,18.22,18.31,18.15,18.26,51961.2
2025-10-31 04:00:00+00:00,18.27,18.48,18.25,18.43,110804.71
2025-10-31 05:00:00+00:00,18.43,18.44,18.31,18.34,68589.11
2025-10-31 06:00:00+00:00,18.34,18.42,18.28,18.41,168758.75
2025-10-31 07:00:00+00:00,18.41,18.47,18.23,18.25,128112.66
2025-10-31 08:00:00+00:00,18.26,18.36,18.2,18.33,64741.89
2025-10-31 09:00:00+00:00,18.33,18.37,18.22,18.24,57000.05
2025-10-31 10:00:00+00:00,18.24,18.31,18.21,18.26,59266.81
2025-10-31 11:00:00+00:00,18.27,18.53,18.21,18.5,133280.4
2025-10-31 12:00:00+00:00,18.5,18.58,18.35,18.35,166990.68
2025-10-31 13:00:00+00:00,18.35,18.51,18.29,18.44,111058.15
2025-10-31 14:00:00+00:00,18.45,18.52,18.26,18.49,163562.18
2025-10-31 15:00:00+00:00,18.48,18.53,18.25,18.27,204367.24
2025-10-31 16:00:00+00:00,18.26,18.3,17.91,17.93,220294.96
2025-10-31 17:00:00+00:00,17.92,17.99,17.78,17.88,146626.9
2025-10-31 18:00:00+00:00,17.88,18.1,17.83,17.99,164648.76
2025-10-31 19:00:00+00:00,17.99,18.38,17.88,18.28,144687.99
2025-10-31 20:00:00+00:00,18.27,18.28,18.07,18.1,81270.08
2025-10-31 21:00:00+00:00,18.1,18.17,18.05,18.14,54405.75
2025-10-31 22:00:00+00:00,18.13,18.26,18.11,18.19,35099.64
2025-10-31 23:00:00+00:00,18.2,18.24,18.18,18.19,23620.33
2025-11-01 00:00:00+00:00,18.19,18.21,18.07,18.17,83535.8
2025-11-01 01:00:00+00:00,18.18,18.31,18.17,18.24,46522.21
2025-11-01 02:00:00+00:00,18.25,18.35,18.17,18.34,28648.78
2025-11-01 03:00:00+00:00,18.34,18.45,18.33,18.41,49641.56
2025-11-01 04:00:00+00:00,18.42,18.47,18.35,18.41,34946.5
2025-11-01 05:00:00+00:00,18.42,18.44,18.32,18.33,19553.24
2025-11-01 06:00:00+00:00,18.34,18.39,18.29,18.35,29732.12
2025-11-01 07:00:00+00:00,18.36,18.52,18.32,18.51,81834.45
2025-11-01 08:00:00+00:00,18.51,18.56,18.45,18.55,70430.82
2025-11-01 09:00:00+00:00,18.55,18.66,18.5,18.56,97164.0
2025-11-01 10:00:00+00:00,18.57,18.69,18.51,18.63,81213.6
2025-11-01 11:00:00+00:00,18.64,18.71,18.58,18.66,72032.23
2025-11-01 12:00:00+00:00,18.66,18.71,18.63,18.69,43230.21
2025-11-01 13:00:00+00:00,18.69,18.74,18.51,18.59,114717.82
2025-11-01 14:00:00+00:00,18.59,18.63,18.41,18.5,71725.93
2025-11-01 15:00:00+00:00,18.49,18.65,18.48,18.63,79349.27
2025-11-01 16:00:00+00:00,18.64,18.74,18.6,18.68,93654.3
2025-11-01 17:00:00+00:00,18.68,18.69,18.56,18.57,40085.19
2025-11-01 18:00:00+00:00,18.57,18.66,18.56,18.65,31320.08
2025-11-01 19:00:00+00:00,18.65,18.66,18.59,18.64,18749.49
2025-11-01 20:00:00+00:00,18.64,18.73,18.64,18.67,49022.09
2025-11-01 21:00:00+00:00,18.68,18.7,18.51,18.51,25232.03
2025-11-01 22:00:00+00:00,18.52,18.62,18.5,18.6,26629.3
2025-11-01 23:00:00+00:00,18.6,18.73,18.57,18.73,42208.21
2025-11-02 00:00:00+00:00,18.72,18.74,18.64,18.68,58793.82
2025-11-02 01:00:00+00:00,18.69,18.72,18.63,18.67,25278.48
2025-11-02 02:00:00+00:00,18.67,18.81,18.64,18.72,52160.68
2025-11-02 03:00:00+00:00,18.71,18.74,18.62,18.69,29411.48
2025-11-02 04:00:00+00:00,18.68,18.91,18.66,18.9,66429.7
2025-11-02 05:00:00+00:00,18.9,18.92,18.75,18.88,64544.48
2025-11-02 06:00:00+00:00,18.88,18.99,18.82,18.94,55802.55
2025-11-02 07:00:00+00:00,18.94,19.01,18.85,18.96,69212.34
2025-11-02 08:00:00+00:00,18.96,18.99,18.82,18.84,47809.49
2025-11-02 09:00:00+00:00,18.85,18.96,18.75,18.76,73591.27
2025-11-02 10:00:00+00:00,18.76,18.8,18.59,18.68,68820.11
2025-11-02 11:00:00+00:00,18.67,18.85,18.66,18.83,66958.19
2025-11-02 12:00:00+00:00,18.83,18.85,18.71,18.73,49191.39
2025-11-02 13:00:00+00:00,18.74,18.76,18.49,18.54,55023.74
2025-11-02 14:00:00+00:00,18.53,18.57,18.2,18.28,111025.23
2025-11-02 15:00:00+00:00,18.27,18.4,18.19,18.28,85815.08
2025-11-02 16:00:00+00:00,18.27,18.33,18.1,18.31,86512.27
2025-11-02 17:00:00+00:00,18.31,18.31,18.2,18.27,25745.35
2025-11-02 18:00:00+00:00,18.27,18.29,18.19,18.24,22399.94
2025-11-02 19:00:00+00:00,18.23,18.25,18.1,18.16,34645.11
2025-11-02 20:00:00+00:00,18.17,18.28,18.1,18.26,41540.14
2025-11-02 21:00:00+00:00,18.27,18.35,18.23,18.3,51705.2
2025-11-02 22:00:00+00:00,18.3,18.38,18.25,18.35,31595.1
2025-11-02 23:00:00+00:00,18.36,18.91,18.36,18.8,117893.34
2025-11-03 00:00:00+00:00,18.81,18.91,18.57,18.58,69908.01
2025-11-03 01:00:00+00:00,18.57,18.6,18.25,18.27,83337.42
2025-11-03 02:00:00+00:00,18.27,18.29,18.01,18.14,181861.17
2025-11-03 03:00:00+00:00,18.13,18.17,17.51,17.54,247350.57
2025-11-03 04:00:00+00:00,17.54,17.63,17.38,17.63,251602.73
2025-11-03 05:00:00+00:00,17.63,17.78,17.43,17.46,152327.72
2025-11-03 06:00:00+00:00,17.45,17.51,17.16,17.39,250719.31
2025-11-03 07:00:00+00:00,17.4,17.6,17.31,17.48,184747.74
2025-11-03 08:00:00+00:00,17.48,17.53,17.31,17.47,124047.72
2025-11-03 09:00:00+00:00,17.47,17.64,17.34,17.35,116536.89
2025-11-03 10:00:00+00:00,17.35,17.44,17.2,17.25,115574.69
2025-11-03 11:00:00+00:00,17.26,17.58,17.26,17.48,144669.04
2025-11-03 12:00:00+00:00,17.49,17.67,17.45,17.47,117634.26
2025-11-03 13:00:00+00:00,17.47,17.58,17.4,17.45,126121.76
2025-11-03 14:00:00+00:00,17.46,17.69,17.35,17.5,312235.36
2025-11-03 15:00:00+00:00,17.5,17.54,15.91,16.36,1932442.8
2025-11-03 16:00:00+00:00,16.36,16.84,16.28,16.74,387264.31
2025-11-03 17:00:00+00:00,16.74,17.1,16.71,17.01,321728.07
2025-11-03 18:00:00+00:00,17.01,17.05,16.88,16.91,173395.85
2025-11-03 19:00:00+00:00,16.9,16.93,16.74,16.78,210841.71
2025-11-03 20:00:00+00:00,16.79,16.82,16.42,16.53,157899.15
2025-11-03 21:00:00+00:00,16.53,16.8,16.42,16.76,164924.66
2025-11-03 22:00:00+00:00,16.76,16.78,16.49,16.62,115745.98
2025-11-03 23:00:00+00:00,16.61,16.72,16.47,16.65,106353.84
2025-11-04 00:00:00+00:00,16.66,16.88,16.47,16.75,140255.77
2025-11-04 01:00:00+00:00,16.76,16.97,16.69,16.86,99122.32
2025-11-04 02:00:00+00:00,16.85,16.95,16.78,16.84,73873.86
2025-11-04 03:00:00+00:00,16.84,17.0,16.8,16.91,64770.18
2025-11-04 04:00:00+00:00,16.91,17.01,16.76,16.77,90178.9
2025-11-04 05:00:00+00:00,16.76,16.79,15.97,15.99,567217.82
2025-11-04 06:00:00+00:00,15.99,16.61,15.97,16.32,252448.84
2025-11-04 07:00:00+00:00,16.32,16.35,16.03,16.15,309862.71
2025-11-04 08:00:00+00:00,16.15,16.59,16.08,16.41,219982.73
2025-11-04 09:00:00+00:00,16.4,16.64,16.37,16.63,150749.61
2025-11-04 10:00:00+00:00,16.63,16.71,16.54,16.64,115367.56
2025-11-04 11:00:00+00:00,16.64,16.81,16.61,16.72,110699.5
2025-11-04 12:00:00+00:00,16.71,16.73,16.45,16.54,140665.58
2025-11-04 13:00:00+00:00,16.54,16.57,16.39,16.43,82296.24
2025-11-04 14:00:00+00:00,16.42,16.85,16.32,16.75,292770.87
2025-11-04 15:00:00+00:00,16.76,16.84,16.39,16.42,250464.75
2025-11-04 16:00:00+00:00,16.41,16.48,15.95,15.98,261281.55
2025-11-04 17:00:00+00:00,15.97,16.04,15.55,15.89,509988.85
2025-11-04 18:00:00+00:00,15.89,15.9,15.31,15.85,528482.77
2025-11-04 19:00:00+00:00,15.84,15.97,15.57,15.59,186767.6
2025-11-04 20:00:00+00:00,15.6,15.82,15.0,15.66,865380.79
2025-11-04 21:00:00+00:00,15.67,15.74,15.04,15.67,711663.27
2025-11-04 22:00:00+00:00,15.68,16.19,15.6,16.13,354636.32
2025-11-04 23:00:00+00:00,16.14,16.2,15.97,15.98,158983.76
2025-11-05 00:00:00+00:00,15.98,16.07,15.71,15.83,257327.87
2025-11-05 01:00:00+00:00,15.84,15.87,15.29,15.78,302507.21
2025-11-05 02:00:00+00:00,15.79,16.38,15.79,16.34,279064.1
2025-11-05 03:00:00+00:00,16.35,16.48,16.26,16.44,112802.49
2025-11-05 04:00:00+00:00,16.43,16.59,16.32,16.48,136571.34
2025-11-05 05:00:00+00:00,16.48,16.6,16.46,16.52,108626.57
2025-11-05 06:00:00+00:00,16.52,16.53,16.4,16.53,106271.59
2025-11-05 07:00:00+00:00,16.53,16.63,16.38,16.55,103560.79
2025-11-05 08:00:00+00:00,16.54,16.54,16.25,16.36,107188.38
2025-11-05 09:00:00+00:00,16.35,16.49,16.32,16.43,70635.7
2025-11-05 10:00:00+00:00,16.43,16.46,16.23,16.24,84731.75
2025-11-05 11:00:00+00:00,16.23,16.59,16.22,16.56,110135.84
2025-11-05 12:00:00+00:00,16.56,16.76,16.48,16.69,127651.97
2025-11-05 13:00:00+00:00,16.68,16.82,16.6,16.72,106471.75
2025-11-05 14:00:00+00:00,16.72,16.79,16.47,16.66,128699.64
2025-11-05 15:00:00+00:00,16.65,16.78,16.59,16.76,147541.77
2025-11-05 16:00:00+00:00,16.77,16.9,16.58,16.88,171772.52
2025-11-05 17:00:00+00:00,16.87,16.99,16.81,16.93,187471.44
2025-11-05 18:00:00+00:00,16.92,16.99,16.83,16.93,137800.23
2025-11-05 19:00:00+00:00,16.93,16.94,16.74,16.78,119793.36
2025-11-05 20:00:00+00:00,16.77,16.85,16.63,16.69,149334.2
2025-11-05 21:00:00+00:00,16.68,16.68,16.56,16.63,117947.2
2025-11-05 22:00:00+00:00,16.62,16.72,16.57,16.7,106690.73
2025-11-05 23:00:00+00:00,16.71,16.79,16.59,16.61,496007.15
2025-11-06 00:00:00+00:00,16.61,16.65,16.53,16.62,116797.85
2025-11-06 01:00:00+00:00,16.61,16.61,16.37,16.54,137262.17
2025-11-06 02:00:00+00:00,16.55,16.69,16.38,16.62,117966.87
2025-11-06 03:00:00+00:00,16.62,16.7,16.6,16.64,56059.56
2025-11-06 04:00:00+00:00,16.64,16.73,16.61,16.68,69355.42
2025-11-06 05:00:00+00:00,16.67,16.67,16.31,16.35,107210.15
2025-11-06 06:00:00+00:00,16.35,16.42,16.3,16.31,69539.55
2025-11-06 07:00:00+00:00,16.3,16.38,16.22,16.29,108736.77
2025-11-06 08:00:00+00:00,16.28,16.33,16.2,16.28,74543.76
2025-11-06 09:00:00+00:00,16.28,16.37,16.22,16.29,62148.58
2025-11-06 10:00:00+00:00,16.29,16.44,16.23,16.37,76368.47
2025-11-06 11:00:00+00:00,16.37,16.37,16.24,16.29,99716.96
2025-11-06 12:00:00+00:00,16.29,16.3,16.07,16.12,134127.26
2025-11-06 13:00:00+00:00,16.11,16.42,16.1,16.33,106021.82
2025-11-06 14:00:00+00:00,16.34,16.38,16.03,16.05,183166.9
2025-11-06 15:00:00+00:00,16.05,16.18,15.77,15.85,280239.77
2025-11-06 16:00:00+00:00,15.85,15.96,15.61,15.8,252859.42
2025-11-06 17:00:00+00:00,15.8,15.99,15.74,15.97,144553.8
2025-11-06 18:00:00+00:00,15.96,16.16,15.79,16.08,111703.22
2025-11-06 19:00:00+00:00,16.07,16.18,16.02,16.13,110903.42
2025-11-06 20:00:00+00:00,16.13,16.21,15.9,16.03,213373.81
2025-11-06 21:00:00+00:00,16.03,16.21,15.96,16.15,77881.55
2025-11-06 22:00:00+00:00,16.16,16.2,15.98,16.14,71717.96
2025-11-06 23:00:00+00:00,16.13,16.13,15.96,16.13,73028.85
2025-11-07 00:00:00+00:00,16.13,16.31,16.09,16.28,108371.6
2025-11-07 01:00:00+00:00,16.29,16.34,16.05,16.28,129005.47
2025-11-07 02:00:00+00:00,16.29,16.42,16.14,16.41,120484.08
2025-11-07 03:00:00+00:00,16.42,16.52,16.4,16.46,88671.38
2025-11-07 04:00:00+00:00,16.46,16.48,16.33,16.45,59274.42
2025-11-07 05:00:00+00:00,16.46,16.69,16.43,16.67,112755.92
2025-11-07 06:00:00+00:00,16.67,16.76,16.66,16.66,88680.99
2025-11-07 07:00:00+00:00,16.67,16.94,16.67,16.92,155726.27
2025-11-07 08:00:00+00:00,16.91,17.03,16.8,16.87,204807.26
2025-11-07 09:00:00+00:00,16.87,16.87,16.56,16.73,230728.7
2025-11-07 10:00:00+00:00,16.72,16.84,16.55,16.6,148217.84
2025-11-07 11:00:00+00:00,16.6,16.6,16.27,16.46,259700.68
2025-11-07 12:00:00+00:00,16.46,16.54,16.12,16.22,228591.13
2025-11-07 13:00:00+00:00,16.21,16.46,16.14,16.39,186484.7
2025-11-07 14:00:00+00:00,16.38,16.7,16.08,16.64,374855.41
2025-11-07 15:00:00+00:00,16.65,16.89,16.51,16.81,424344.54
2025-11-07 16:00:00+00:00,16.82,17.44,16.74,17.32,769554.12
2025-11-07 17:00:00+00:00,17.32,17.77,17.23,17.73,537428.96
2025-11-07 18:00:00+00:00,17.73,17.96,17.67,17.73,450302.09
2025-11-07 19:00:00+00:00,17.73,17.9,17.65,17.82,271140.59
2025-11-07 20:00:00+00:00,17.82,17.87,17.68,17.78,264410.06
2025-11-07 21:00:00+00:00,17.79,18.01,17.75,17.99,229326.18
2025-11-07 22:00:00+00:00,18.0,18.07,17.85,18.01,433916.36
2025-11-07 23:00:00+00:00,18.01,18.02,17.65,17.74,633832.45
2025-11-08 00:00:00+00:00,17.75,18.0,17.67,17.68,282148.94
2025-11-08 01:00:00+00:00,17.68,18.04,17.67,18.0,134485.86
2025-11-08 02:00:00+00:00,18.01,18.41,17.99,18.09,259104.33
2025-11-08 03:00:00+00:00,18.08,18.19,17.83,17.84,169011.55
2025-11-08 04:00:00+00:00,17.84,18.08,17.82,17.92,111448.43
2025-11-08 05:00:00+00:00,17.93,17.99,17.74,17.77,111573.81
2025-11-08 06:00:00+00:00,17.77,17.81,17.56,17.69,149128.87
2025-11-08 07:00:00+00:00,17.7,17.89,17.58,17.87,90958.4
2025-11-08 08:00:00+00:00,17.86,17.99,17.73,17.96,90492.12
2025-11-08 09:00:00+00:00,17.97,17.97,17.66,17.7,144291.88
2025-11-08 10:00:00+00:00,17.7,17.9,17.69,17.87,78654.27
2025-11-08 11:00:00+00:00,17.86,17.98,17.74,17.79,102893.15
2025-11-08 12:00:00+00:00,17.79,17.79,17.59,17.68,135798.3
2025-11-08 13:00:00+00:00,17.68,17.68,17.36,17.37,195620.08
2025-11-08 14:00:00+00:00,17.38,17.45,17.22,17.4,181417.09
2025-11-08 15:00:00+00:00,17.41,17.42,17.09,17.13,134458.56
2025-11-08 16:00:00+00:00,17.14,17.23,17.02,17.13,484924.86
2025-11-08 17:00:00+00:00,17.13,17.27,17.06,17.26,143369.87
2025-11-08 18:00:00+00:00,17.26,17.38,17.21,17.33,66522.98
2025-11-08 19:00:00+00:00,17.33,17.33,17.11,17.29,92665.03
2025-11-08 20:00:00+00:00,17.29,17.4,17.24,17.37,94034.85
2025-11-08 21:00:00+00:00,17.36,17.4,17.28,17.37,48462.05
2025-11-08 22:00:00+00:00,17.36,17.48,17.34,17.45,46662.45
2025-11-08 23:00:00+00:00,17.45,17.5,17.41,17.5,17559.91
2025-11-09 00:00:00+00:00,17.5,17.52,17.24,17.27,84848.88
2025-11-09 01:00:00+00:00,17.27,17.38,17.17,17.25,47154.62
2025-11-09 02:00:00+00:00,17.25,17.26,16.88,16.91,173839.58
2025-11-09 03:00:00+00:00,16.91,16.98,16.81,16.89,134231.28
2025-11-09 04:00:00+00:00,16.89,17.07,16.88,16.98,68049.54
2025-11-09 05:00:00+00:00,16.97,17.04,16.88,17.02,58548.38
2025-11-09 06:00:00+00:00,17.02,17.14,16.96,17.01,59389.2
2025-11-09 07:00:00+00:00,17.01,17.14,16.99,17.13,49219.06
2025-11-09 08:00:00+00:00,17.13,17.13,16.99,17.05,50336.98
2025-11-09 09:00:00+00:00,17.06,17.17,16.94,16.98,77380.48
2025-11-09 10:00:00+00:00,16.97,17.19,16.89,17.18,88353.69
2025-11-09 11:00:00+00:00,17.19,17.36,17.19,17.28,90738.6
2025-11-09 12:00:00+00:00,17.28,17.38,17.24,17.34,109102.0
2025-11-09 13:00:00+00:00,17.34,17.51,17.32,17.48,93263.63
2025-11-09 14:00:00+00:00,17.48,17.89,17.39,17.6,413567.83
2025-11-09 15:00:00+00:00,17.61,17.85,17.61,17.69,159803.35
2025-11-09 16:00:00+00:00,17.7,17.82,17.61,17.78,111351.44
2025-11-09 17:00:00+00:00,17.79,17.81,17.54,17.56,87860.63
2025-11-09 18:00:00+00:00,17.57,17.75,17.45,17.73,72323.31
2025-11-09 19:00:00+00:00,17.73,17.9,17.65,17.89,63325.09
2025-11-09 20:00:00+00:00,17.89,17.91,17.77,17.78,80383.73
2025-11-09 21:00:00+00:00,17.78,17.84,17.7,17.75,82232.1
2025-11-09 22:00:00+00:00,17.75,17.76,17.59,17.75,72471.67
2025-11-09 23:00:00+00:00,17.75,17.9,17.67,17.77,93656.95
2025-11-10 00:00:00+00:00,17.77,18.12,17.64,18.02,185687.4
2025-11-10 01:00:00+00:00,18.02,18.08,17.9,17.91,139897.3
2025-11-10 02:00:00+00:00,17.91,18.0,17.87,18.0,60578.42
2025-11-10 03:00:00+00:00,18.0,18.12,17.95,17.99,111112.33
2025-11-10 04:00:00+00:00,17.99,18.04,17.88,18.01,78862.83
2025-11-10 05:00:00+00:00,18.01,18.09,17.88,18.0,65234.71
2025-11-10 06:00:00+00:00,18.0,18.08,17.9,18.02,71739.49
2025-11-10 07:00:00+00:00,18.03,18.13,17.92,18.0,96133.86
2025-11-10 08:00:00+00:00,18.01,18.01,17.79,17.9,131418.13
2025-11-10 09:00:00+00:00,17.91,18.31,17.88,18.25,173328.25
2025-11-10 10:00:00+00:00,18.26,18.3,17.98,18.08,158702.78
2025-11-10 11:00:00+00:00,18.08,18.19,18.06,18.09,84375.2
2025-11-10 12:00:00+00:00,18.1,18.24,17.99,18.13,206078.28
2025-11-10 13:00:00+00:00,18.14,18.35,18.13,18.26,144318.72
2025-11-10 14:00:00+00:00,18.25,18.26,17.81,17.92,338429.94
2025-11-10 15:00:00+00:00,17.92,18.16,17.85,17.93,161030.78
2025-11-10 16:00:00+00:00,17.94,18.07,17.7,17.79,133540.38
2025-11-10 17:00:00+00:00,17.79,18.09,17.73,18.06,108528.29
2025-11-10 18:00:00+00:00,18.06,18.1,17.91,17.92,66529.44
2025-11-10 19:00:00+00:00,17.92,18.14,17.9,18.01,96930.69
2025-11-10 20:00:00+00:00,18.0,18.18,17.99,18.11,64887.33
2025-11-10 21:00:00+00:00,18.1,18.11,17.81,17.94,78695.33
2025-11-10 22:00:00+00:00,17.94,18.36,17.87,18.33,142245.54
2025-11-10 23:00:00+00:00,18.34,18.35,18.14,18.18,70330.39
2025-11-11 00:00:00+00:00,18.19,18.27,17.98,18.14,87478.78
2025-11-11 01:00:00+00:00,18.15,18.61,18.06,18.09,201462.42
2025-11-11 02:00:00+00:00,18.09,18.5,18.0,18.37,158765.83
2025-11-11 03:00:00+00:00,18.38,18.51,18.3,18.36,98354.86
2025-11-11 04:00:00+00:00,18.36,18.37,17.99,17.99,90211.54
2025-11-11 05:00:00+00:00,17.99,18.0,17.79,17.81,151135.23
2025-11-11 06:00:00+00:00,17.81,17.88,17.67,17.77,163627.2
2025-11-11 07:00:00+00:00,17.77,17.79,17.53,17.56,155045.69
2025-11-11 08:00:00+00:00,17.57,17.68,17.49,17.65,107717.9
2025-11-11 09:00:00+00:00,17.66,17.82,17.62,17.66,91509.07
2025-11-11 10:00:00+00:00,17.66,17.79,17.65,17.76,47102.82
2025-11-11 11:00:00+00:00,17.77,17.88,17.73,17.79,55889.96
2025-11-11 12:00:00+00:00,17.8,17.9,17.67,17.74,60621.21
2025-11-11 13:00:00+00:00,17.75,17.87,17.69,17.72,104814.67
2025-11-11 14:00:00+00:00,17.73,17.86,17.63,17.86,230947.59
2025-11-11 15:00:00+00:00,17.85,17.85,17.56,17.63,183602.9
2025-11-11 16:00:00+00:00,17.63,17.72,17.53,17.61,78298.9
2025-11-11 17:00:00+00:00,17.62,17.73,17.45,17.54,130053.65
2025-11-11 18:00:00+00:00,17.53,17.58,17.37,17.41,127559.39
2025-11-11 19:00:00+00:00,17.41,17.41,17.24,17.27,115399.91
2025-11-11 20:00:00+00:00,17.26,17.29,17.11,17.15,139559.65
2025-11-11 21:00:00+00:00,17.15,17.23,17.0,17.06,117260.25
2025-11-11 22:00:00+00:00,17.05,17.22,16.97,17.18,137789.35
2025-11-11 23:00:00+00:00,17.18,17.19,16.98,17.0,104716.41
2025-11-12 00:00:00+00:00,17.01,17.1,16.91,16.94,150359.99
2025-11-12 01:00:00+00:00,16.95,17.15,16.92,17.12,74066.03
2025-11-12 02:00:00+00:00,17.12,17.16,16.95,17.05,57390.37
2025-11-12 03:00:00+00:00,17.05,17.16,17.02,17.12,30266.63
2025-11-12 04:00:00+00:00,17.12,17.14,17.06,17.14,29460.49
2025-11-12 05:00:00+00:00,17.14,17.31,17.13,17.26,35661.65
2025-11-12 06:00:00+00:00,17.27,17.47,17.25,17.29,63283.79
2025-11-12 07:00:00+00:00,17.28,17.37,17.12,17.14,67059.44
2025-11-12 08:00:00+00:00,17.15,17.48,17.15,17.41,75835.79
2025-11-12 09:00:00+00:00,17.41,17.55,17.38,17.52,100504.47
2025-11-12 10:00:00+00:00,17.52,17.62,17.51,17.6,66101.59
2025-11-12 11:00:00+00:00,17.6,17.65,17.5,17.56,84546.09
2025-11-12 12:00:00+00:00,17.56,17.68,17.47,17.59,67762.72
2025-11-12 13:00:00+00:00,17.6,17.76,17.53,17.72,49774.86
2025-11-12 14:00:00+00:00,17.71,17.77,17.23,17.38,217638.36
2025-11-12 15:00:00+00:00,17.38,17.49,16.98,17.04,249306.5
2025-11-12 16:00:00+00:00,17.04,17.08,16.71,16.79,309177.92
2025-11-12 17:00:00+00:00,16.79,16.97,16.64,16.85,177863.99
2025-11-12 18:00:00+00:00,16.85,16.99,16.84,16.85,121321.77
2025-11-12 19:00:00+00:00,16.86,16.92,16.69,16.79,101075.7
2025-11-12 20:00:00+00:00,16.8,16.98,16.75,16.87,62189.54
2025-11-12 21:00:00+00:00,16.88,16.99,16.87,16.93,41095.87
2025-11-12 22:00:00+00:00,16.92,16.97,16.81,16.96,41667.4
2025-11-12 23:00:00+00:00,16.95,16.95,16.78,16.82,68411.3
2025-11-13 00:00:00+00:00,16.81,16.98,16.8,16.87,73910.1
2025-11-13 01:00:00+00:00,16.86,17.16,16.85,17.03,131693.98
2025-11-13 02:00:00+00:00,17.02,17.16,16.98,17.08,74713.0
2025-11-13 03:00:00+00:00,17.09,17.65,16.82,17.44,264513.28
2025-11-13 04:00:00+00:00,17.44,17.59,17.31,17.41,160351.16
2025-11-13 05:00:00+00:00,17.41,17.65,17.28,17.58,118072.6
2025-11-13 06:00:00+00:00,17.59,17.69,17.52,17.58,109727.2
2025-11-13 07:00:00+00:00,17.59,17.62,17.36,17.39,96544.39
2025-11-13 08:00:00+00:00,17.4,17.53,17.36,17.42,124795.83
2025-11-13 09:00:00+00:00,17.43,17.45,17.23,17.25,88634.97
2025-11-13 10:00:00+00:00,17.25,17.4,17.22,17.24,39819.63
2025-11-13 11:00:00+00:00,17.24,17.33,17.24,17.27,49115.75
2025-11-13 12:00:00+00:00,17.27,17.4,17.22,17.39,63148.37
2025-11-13 13:00:00+00:00,17.39,17.43,17.13,17.17,142389.36
2025-11-13 14:00:00+00:00,17.17,17.38,16.91,17.25,255830.23
2025-11-13 15:00:00+00:00,17.24,17.31,16.88,16.96,159069.21
2025-11-13 16:00:00+00:00,16.96,17.04,16.69,16.72,186972.49
2025-11-13 17:00:00+00:00,16.72,16.75,16.36,16.38,267586.31
2025-11-13 18:00:00+00:00,16.38,16.42,16.1,16.19,320097.11
2025-11-13 19:00:00+00:00,16.19,16.28,15.92,15.99,281211.49
2025-11-13 20:00:00+00:00,15.98,16.04,15.81,15.88,253433.74
2025-11-13 21:00:00+00:00,15.88,15.97,15.76,15.91,162636.55
2025-11-13 22:00:00+00:00,15.9,16.16,15.85,16.12,211980.54
2025-11-13 23:00:00+00:00,16.12,16.33,16.06,16.1,148357.17
2025-11-14 00:00:00+00:00,16.1,16.18,15.89,15.94,183099.27
2025-11-14 01:00:00+00:00,15.94,16.08,15.89,15.95,113766.26
2025-11-14 02:00:00+00:00,15.96,16.08,15.94,16.01,98902.16
2025-11-14 03:00:00+00:00,16.02,16.03,15.88,15.93,72132.51
2025-11-14 04:00:00+00:00,15.92,15.93,15.36,15.7,308959.38
2025-11-14 05:00:00+00:00,15.7,15.94,15.69,15.87,147568.76
2025-11-14 06:00:00+00:00,15.88,16.05,15.63,16.05,182721.35
2025-11-14 07:00:00+00:00,16.04,16.08,15.9,15.92,174625.67
2025-11-14 08:00:00+00:00,15.93,15.94,15.72,15.77,129501.01
2025-11-14 09:00:00+00:00,15.77,15.82,15.51,15.53,207804.81
2025-11-14 10:00:00+00:00,15.53,15.68,15.51,15.56,262367.77
2025-11-14 11:00:00+00:00,15.56,15.57,15.31,15.39,293985.67
2025-11-14 12:00:00+00:00,15.39,15.44,15.08,15.43,420695.27
2025-11-14 13:00:00+00:00,15.42,15.53,15.18,15.33,242415.07
2025-11-14 14:00:00+00:00,15.33,15.57,15.15,15.41,428178.97
2025-11-14 15:00:00+00:00,15.41,15.67,15.23,15.51,345366.3
2025-11-14 16:00:00+00:00,15.52,15.7,15.41,15.66,269126.84
2025-11-14 17:00:00+00:00,15.67,15.73,15.32,15.39,129482.06
2025-11-14 18:00:00+00:00,15.39,15.56,15.34,15.41,133917.4
2025-11-14 19:00:00+00:00,15.41,15.71,15.39,15.66,102396.26
2025-11-14 20:00:00+00:00,15.66,15.66,15.14,15.26,203867.49
2025-11-14 21:00:00+00:00,15.25,15.45,15.18,15.35,107298.96
2025-11-14 22:00:00+00:00,15.34,15.42,15.18,15.29,115129.8
2025-11-14 23:00:00+00:00,15.28,15.29,14.84,15.13,316469.38
2025-11-15 00:00:00+00:00,15.13,15.34,15.11,15.34,82788.19
2025-11-15 01:00:00+00:00,15.33,15.51,15.27,15.47,53781.73
2025-11-15 02:00:00+00:00,15.47,15.6,15.43,15.6,69730.69
2025-11-15 03:00:00+00:00,15.6,15.61,15.53,15.6,71099.95
2025-11-15 04:00:00+00:00,15.6,15.67,15.52,15.55,66648.4
2025-11-15 05:00:00+00:00,15.54,15.68,15.52,15.65,51677.93
2025-11-15 06:00:00+00:00,15.65,15.73,15.62,15.64,54591.24
2025-11-15 07:00:00+00:00,15.64,15.68,15.59,15.63,41784.43
2025-11-15 08:00:00+00:00,15.64,15.64,15.33,15.38,80293.8
2025-11-15 09:00:00+00:00,15.38,15.51,15.35,15.41,68439.91
2025-11-15 10:00:00+00:00,15.41,15.54,15.36,15.5,54922.61
2025-11-15 11:00:00+00:00,15.51,15.55,15.41,15.46,31495.22
2025-11-15 12:00:00+00:00,15.45,15.62,15.42,15.59,38539.74
2025-11-15 13:00:00+00:00,15.59,15.67,15.54,15.6,62077.32
2025-11-15 14:00:00+00:00,15.6,15.62,15.54,15.6,37884.95
2025-11-15 15:00:00+00:00,15.61,15.69,15.57,15.62,48486.19
2025-11-15 16:00:00+00:00,15.62,15.62,15.49,15.59,64067.55
2025-11-15 17:00:00+00:00,15.58,15.76,15.53,15.75,83686.31
2025-11-15 18:00:00+00:00,15.75,15.79,15.66,15.69,81785.0
2025-11-15 19:00:00+00:00,15.68,15.75,15.63,15.69,39952.99
2025-11-15 20:00:00+00:00,15.7,15.72,15.53,15.55,55815.92
2025-11-15 21:00:00+00:00,15.55,15.64,15.45,15.49,53629.67
2025-11-15 22:00:00+00:00,15.49,15.61,15.46,15.6,36395.19
2025-11-15 23:00:00+00:00,15.61,15.62,15.52,15.53,26023.99
2025-11-16 00:00:00+00:00,15.52,15.55,15.38,15.47,54984.24
2025-11-16 01:00:00+00:00,15.46,15.5,15.27,15.44,85560.25
2025-11-16 02:00:00+00:00,15.44,15.67,15.39,15.66,85318.9
2025-11-16 03:00:00+00:00,15.67,15.72,15.62,15.7,42631.46
2025-11-16 04:00:00+00:00,15.69,15.71,15.58,15.64,46088.07
2025-11-16 05:00:00+00:00,15.64,15.78,15.64,15.66,39670.31
2025-11-16 06:00:00+00:00,15.67,15.71,15.61,15.62,26640.75
2025-11-16 07:00:00+00:00,15.62,15.75,15.61,15.75,29432.23
2025-11-16 08:00:00+00:00,15.75,15.76,15.63,15.69,40831.85
2025-11-16 09:00:00+00:00,15.7,15.84,15.63,15.84,75528.35
2025-11-16 10:00:00+00:00,15.84,15.86,15.79,15.8,42725.75
2025-11-16 11:00:00+00:00,15.8,15.81,15.42,15.44,155530.9
2025-11-16 12:00:00+00:00,15.45,15.57,15.41,15.5,87166.28
2025-11-16 13:00:00+00:00,15.49,15.52,15.26,15.29,131268.5
2025-11-16 14:00:00+00:00,15.3,15.47,15.24,15.44,68916.41
2025-11-16 15:00:00+00:00,15.45,15.45,15.06,15.09,180609.91
2025-11-16 16:00:00+00:00,15.08,15.2,14.84,14.88,321522.03
2025-11-16 17:00:00+00:00,14.88,14.92,14.62,14.79,280603.1
2025-11-16 18:00:00+00:00,14.78,15.12,14.72,14.81,259488.15
2025-11-16 19:00:00+00:00,14.8,15.04,14.78,14.95,181982.34
2025-11-16 20:00:00+00:00,14.95,15.08,14.91,14.92,104669.78
2025-11-16 21:00:00+00:00,14.92,14.93,14.75,14.89,148210.8
2025-11-16 22:00:00+00:00,14.89,15.06,14.77,15.01,203795.99
2025-11-16 23:00:00+00:00,15.02,15.26,14.72,15.15,315810.97
2025-11-17 00:00:00+00:00,15.14,15.34,14.97,15.26,155936.06
2025-11-17 01:00:00+00:00,15.26,15.28,15.09,15.1,85759.57
2025-11-17 02:00:00+00:00,15.11,15.52,15.07,15.5,176672.99
2025-11-17 03:00:00+00:00,15.51,15.69,15.47,15.54,149984.28
2025-11-17 04:00:00+00:00,15.55,15.69,15.55,15.56,102136.71
2025-11-17 05:00:00+00:00,15.57,15.62,15.51,15.59,75952.77
2025-11-17 06:00:00+00:00,15.6,15.75,15.56,15.74,129053.17
2025-11-17 07:00:00+00:00,15.74,15.78,15.62,15.63,82206.63
2025-11-17 08:00:00+00:00,15.64,15.67,15.59,15.64,49242.57
2025-11-17 09:00:00+00:00,15.63,15.72,15.59,15.66,57223.17
2025-11-17 10:00:00+00:00,15.65,15.72,15.63,15.65,47246.58
2025-11-17 11:00:00+00:00,15.66,15.72,15.6,15.61,44746.39
2025-11-17 12:00:00+00:00,15.62,15.65,15.54,15.64,63309.67
2025-11-17 13:00:00+00:00,15.63,15.66,15.11,15.2,215973.59
2025-11-17 14:00:00+00:00,15.2,15.85,15.13,15.53,435531.24
2025-11-17 15:00:00+00:00,15.54,15.65,15.18,15.25,240307.71
2025-11-17 16:00:00+00:00,15.25,15.33,14.95,15.32,280440.79
2025-11-17 17:00:00+00:00,15.32,15.37,14.73,14.76,410334.86
2025-11-17 18:00:00+00:00,14.75,14.87,14.49,14.59,412039.27
2025-11-17 19:00:00+00:00,14.59,14.65,14.3,14.38,402755.9
2025-11-17 20:00:00+00:00,14.37,14.49,14.26,14.38,239628.3
2025-11-17 21:00:00+00:00,14.38,14.48,14.3,14.45,115425.9
2025-11-17 22:00:00+00:00,14.45,14.72,14.39,14.55,216837.9
2025-11-17 23:00:00+00:00,14.56,14.59,14.46,14.53,67089.72
2025-11-18 00:00:00+00:00,14.53,14.57,14.22,14.45,170646.89
2025-11-18 01:00:00+00:00,14.45,14.46,14.15,14.17,193909.62
2025-11-18 02:00:00+00:00,14.17,14.43,14.05,14.16,322695.65
2025-11-18 03:00:00+00:00,14.15,14.53,14.03,14.48,272537.47
2025-11-18 04:00:00+00:00,14.49,14.63,14.35,14.62,236541.63
2025-11-18 05:00:00+00:00,14.61,14.69,14.5,14.52,144965.94
2025-11-18 06:00:00+00:00,14.52,14.56,14.38,14.39,119097.88
2025-11-18 07:00:00+00:00,14.39,14.6,14.33,14.54,139781.51
2025-11-18 08:00:00+00:00,14.54,14.73,14.54,14.63,196338.58
2025-11-18 09:00:00+00:00,14.63,14.67,14.55,14.64,80440.56
2025-11-18 10:00:00+00:00,14.64,14.64,14.53,14.63,53138.34
2025-11-18 11:00:00+00:00,14.62,14.65,14.54,14.59,66888.5
2025-11-18 12:00:00+00:00,14.59,14.68,14.49,14.62,68442.59
2025-11-18 13:00:00+00:00,14.61,14.61,14.43,14.53,69518.2
2025-11-18 14:00:00+00:00,14.54,14.71,14.43,14.44,259037.17
2025-11-18 15:00:00+00:00,14.44,14.82,14.36,14.73,346806.19
2025-11-18 16:00:00+00:00,14.74,14.93,14.68,14.83,265461.3
2025-11-18 17:00:00+00:00,14.83,14.84,14.68,14.72,114125.47
2025-11-18 18:00:00+00:00,14.72,14.85,14.7,14.8,142734.91
2025-11-18 19:00:00+00:00,14.79,14.84,14.69,14.74,65344.79
2025-11-18 20:00:00+00:00,14.74,14.79,14.69,14.7,57437.27
2025-11-18 21:00:00+00:00,14.7,14.7,14.5,14.51,68188.0
2025-11-18 22:00:00+00:00,14.5,14.7,14.5,14.67,77537.09
2025-11-18 23:00:00+00:00,14.67,14.67,14.55,14.58,54048.6
2025-11-19 00:00:00+00:00,14.59,14.62,14.39,14.58,95633.22
2025-11-19 01:00:00+00:00,14.58,14.66,14.49,14.55,78987.12
2025-11-19 02:00:00+00:00,14.55,14.7,14.51,14.64,45372.86
2025-11-19 03:00:00+00:00,14.63,14.66,14.41,14.43,61874.5
2025-11-19 04:00:00+00:00,14.44,14.47,14.31,14.33,74013.98
2025-11-19 05:00:00+00:00,14.33,14.35,13.95,14.04,218896.54
2025-11-19 06:00:00+00:00,14.05,14.22,14.0,14.2,133315.66
2025-11-19 07:00:00+00:00,14.19,14.4,14.17,14.36,91509.9
2025-11-19 08:00:00+00:00,14.36,14.48,14.32,14.39,105050.61
2025-11-19 09:00:00+00:00,14.38,14.39,14.25,14.34,72622.07
2025-11-19 10:00:00+00:00,14.34,14.6,14.32,14.44,104449.77
2025-11-19 11:00:00+00:00,14.44,14.53,14.42,14.45,51633.79
2025-11-19 12:00:00+00:00,14.45,14.59,14.43,14.56,71351.88
2025-11-19 13:00:00+00:00,14.57,14.58,14.3,14.31,100082.61
2025-11-19 14:00:00+00:00,14.31,14.37,14.08,14.29,182214.37
2025-11-19 15:00:00+00:00,14.3,14.53,14.03,14.07,217634.3
2025-11-19 16:00:00+00:00,14.06,14.15,13.88,13.92,325318.84
2025-11-19 17:00:00+00:00,13.92,13.99,13.76,13.94,248985.62
2025-11-19 18:00:00+00:00,13.93,13.99,13.71,13.85,192158.57
2025-11-19 19:00:00+00:00,13.86,13.9,13.75,13.78,182646.39
2025-11-19 20:00:00+00:00,13.78,14.09,13.74,14.05,143210.7
2025-11-19 21:00:00+00:00,14.04,14.31,14.01,14.26,228577.36
2025-11-19 22:00:00+00:00,14.26,14.27,14.15,14.23,105305.74
2025-11-19 23:00:00+00:00,14.23,14.34,14.22,14.28,184748.75
2025-11-20 00:00:00+00:00,14.28,14.33,14.22,14.26,132654.58
2025-11-20 01:00:00+00:00,14.26,14.35,14.25,14.33,126533.57
2025-11-20 02:00:00+00:00,14.33,14.4,14.3,14.35,173962.76
2025-11-20 03:00:00+00:00,14.36,14.38,14.32,14.34,123588.49
2025-11-20 04:00:00+00:00,14.34,14.43,14.3,14.43,122040.47
2025-11-20 05:00:00+00:00,14.43,14.45,14.28,14.3,94416.02
2025-11-20 06:00:00+00:00,14.3,14.32,14.23,14.27,110761.04
2025-11-20 07:00:00+00:00,14.27,14.38,14.25,14.37,90260.07
2025-11-20 08:00:00+00:00,14.36,14.38,14.32,14.35,66257.14
2025-11-20 09:00:00+00:00,14.34,14.35,14.24,14.27,95747.37
2025-11-20 10:00:00+00:00,14.28,14.32,14.22,14.29,64548.28
2025-11-20 11:00:00+00:00,14.29,14.41,14.26,14.41,74880.26
2025-11-20 12:00:00+00:00,14.41,14.46,14.33,14.43,106559.86
2025-11-20 13:00:00+00:00,14.43,14.53,14.38,14.39,262457.12
2025-11-20 14:00:00+00:00,14.4,14.48,14.27,14.44,328255.38
2025-11-20 15:00:00+00:00,14.44,14.44,14.2,14.23,212586.93
2025-11-20 16:00:00+00:00,14.23,14.24,13.64,13.71,715639.05
2025-11-20 17:00:00+00:00,13.7,13.84,13.5,13.74,488582.86
2025-11-20 18:00:00+00:00,13.74,13.88,13.59,13.62,252699.26
2025-11-20 19:00:00+00:00,13.61,13.79,13.51,13.77,217602.31
2025-11-20 20:00:00+00:00,13.77,13.9,13.64,13.78,140456.54
2025-11-20 21:00:00+00:00,13.79,13.95,13.75,13.89,167020.32
2025-11-20 22:00:00+00:00,13.88,13.98,13.86,13.94,95026.96
2025-11-20 23:00:00+00:00,13.95,13.95,13.79,13.81,119823.31
2025-11-21 00:00:00+00:00,13.81,13.97,13.8,13.93,105046.46
2025-11-21 01:00:00+00:00,13.94,13.99,13.89,13.95,86815.97
2025-11-21 02:00:00+00:00,13.94,13.98,13.68,13.71,211244.93
2025-11-21 03:00:00+00:00,13.7,13.87,13.7,13.77,132794.42
2025-11-21 04:00:00+00:00,13.77,13.79,13.57,13.72,127328.32
2025-11-21 05:00:00+00:00,13.73,13.79,13.66,13.68,96625.98
2025-11-21 06:00:00+00:00,13.68,13.77,13.61,13.7,108118.9
2025-11-21 07:00:00+00:00,13.7,13.75,12.57,13.19,1031567.39
2025-11-21 08:00:00+00:00,13.19,13.41,13.09,13.33,283972.77
2025-11-21 09:00:00+00:00,13.33,13.43,12.98,13.0,247245.17
2025-11-21 10:00:00+00:00,13.01,13.11,12.94,12.98,285626.08
2025-11-21 11:00:00+00:00,12.98,13.13,12.86,12.92,145901.6
2025-11-21 12:00:00+00:00,12.93,13.21,12.64,13.12,531282.2
2025-11-21 13:00:00+00:00,13.13,13.24,13.06,13.14,245762.17
2025-11-21 14:00:00+00:00,13.14,13.32,13.04,13.22,378254.74
2025-11-21 15:00:00+00:00,13.22,13.24,12.95,13.0,323629.9
2025-11-21 16:00:00+00:00,13.0,13.32,12.84,13.29,422213.19
2025-11-21 17:00:00+00:00,13.29,13.46,13.25,13.32,356681.83
2025-11-21 18:00:00+00:00,13.32,13.39,13.21,13.32,297496.55
2025-11-21 19:00:00+00:00,13.32,13.35,13.25,13.29,104227.96
2025-11-21 20:00:00+00:00,13.29,13.32,13.22,13.29,227713.06
2025-11-21 21:00:00+00:00,13.28,13.37,13.26,13.33,153125.88
2025-11-21 22:00:00+00:00,13.33,13.36,13.18,13.22,205108.34
2025-11-21 23:00:00+00:00,13.22,13.34,13.2,13.28,242269.12
2025-11-22 00:00:00+00:00,13.29,13.32,13.25,13.28,83167.54
2025-11-22 01:00:00+00:00,13.29,13.32,13.25,13.3,91543.62
2025-11-22 02:00:00+00:00,13.3,13.3,13.25,13.29,96046.95
2025-11-22 03:00:00+00:00,13.29,13.3,13.25,13.28,117405.26
2025-11-22 04:00:00+00:00,13.28,13.3,13.22,13.29,176284.46
2025-11-22 05:00:00+00:00,13.29,13.31,13.22,13.26,136803.15
2025-11-22 06:00:00+00:00,13.27,13.33,13.25,13.31,129514.79
2025-11-22 07:00:00+00:00,13.31,13.32,13.26,13.29,80968.23
2025-11-22 08:00:00+00:00,13.29,13.3,13.16,13.28,198022.94
2025-11-22 09:00:00+00:00,13.27,13.34,13.24,13.27,130681.08
2025-11-22 10:00:00+00:00,13.27,13.3,13.23,13.27,119405.81
2025-11-22 11:00:00+00:00,13.27,13.32,13.24,13.28,111119.34
2025-11-22 12:00:00+00:00,13.27,13.27,13.14,13.16,194318.28
2025-11-22 13:00:00+00:00,13.16,13.17,13.03,13.12,209611.29
2025-11-22 14:00:00+00:00,13.12,13.28,13.11,13.24,144059.2
2025-11-22 15:00:00+00:00,13.23,13.26,13.11,13.19,100712.58
2025-11-22 16:00:00+00:00,13.18,13.28,13.17,13.25,111820.0
2025-11-22 17:00:00+00:00,13.26,13.26,13.22,13.25,92285.44
2025-11-22 18:00:00+00:00,13.24,13.27,13.22,13.25,75234.76
2025-11-22 19:00:00+00:00,13.24,13.27,13.21,13.23,56999.73
2025-11-22 20:00:00+00:00,13.24,13.27,13.19,13.23,65016.72
2025-11-22 21:00:00+00:00,13.23,13.26,13.21,13.25,44316.98
2025-11-22 22:00:00+00:00,13.26,13.39,13.2,13.31,230321.65
2025-11-22 23:00:00+00:00,13.31,13.32,13.2,13.23,97469.48
2025-11-23 00:00:00+00:00,13.24,13.27,13.21,13.24,73065.52
2025-11-23 01:00:00+00:00,13.24,13.33,13.23,13.29,121326.36
2025-11-23 02:00:00+00:00,13.29,13.39,13.27,13.34,147760.92
2025-11-23 03:00:00+00:00,13.35,13.36,13.29,13.35,32862.89
2025-11-23 04:00:00+00:00,13.35,13.44,13.35,13.36,113081.06
2025-11-23 05:00:00+00:00,13.37,13.37,13.31,13.37,55445.86
2025-11-23 06:00:00+00:00,13.37,13.39,13.33,13.34,72499.52
2025-11-23 07:00:00+00:00,13.33,13.34,13.23,13.29,96598.93
2025-11-23 08:00:00+00:00,13.3,13.34,13.27,13.33,56402.06
2025-11-23 09:00:00+00:00,13.33,13.38,13.32,13.32,52977.11
2025-11-23 10:00:00+00:00,13.32,13.33,13.27,13.29,74406.86
2025-11-23 11:00:00+00:00,13.3,13.32,13.23,13.3,62977.87
2025-11-23 12:00:00+00:00,13.29,13.39,13.29,13.33,102684.76
2025-11-23 13:00:00+00:00,13.32,13.37,13.3,13.36,47517.75
2025-11-23 14:00:00+00:00,13.37,13.43,13.27,13.29,142742.5
2025-11-23 15:00:00+00:00,13.29,13.43,13.27,13.41,124765.91
2025-11-23 16:00:00+00:00,13.42,13.44,13.31,13.32,157348.5
2025-11-23 17:00:00+00:00,13.33,13.35,13.27,13.29,104209.72
2025-11-23 18:00:00+00:00,13.29,13.39,13.29,13.35,64075.73
2025-11-23 19:00:00+00:00,13.34,13.42,13.33,13.38,83380.55
2025-11-23 20:00:00+00:00,13.37,13.41,13.36,13.39,62375.89
2025-11-23 21:00:00+00:00,13.38,13.46,13.34,13.46,123557.55
2025-11-23 22:00:00+00:00,13.46,13.47,13.37,13.4,103045.67
2025-11-23 23:00:00+00:00,13.41,13.43,13.27,13.27,187076.08
2025-11-24 00:00:00+00:00,13.28,13.29,13.16,13.23,166702.23
2025-11-24 01:00:00+00:00,13.23,13.3,13.18,13.3,140660.21
2025-11-24 02:00:00+00:00,13.3,13.5,13.28,13.4,247692.02
2025-11-24 03:00:00+00:00,13.41,13.49,13.37,13.45,97441.02
2025-11-24 04:00:00+00:00,13.46,13.48,13.29,13.34,115598.09
2025-11-24 05:00:00+00:00,13.34,13.59,13.32,13.5,180913.68
2025-11-24 06:00:00+00:00,13.51,13.52,13.39,13.5,172474.4
2025-11-24 07:00:00+00:00,13.49,13.51,13.42,13.44,70923.14
2025-11-24 08:00:00+00:00,13.44,13.47,13.4,13.44,73078.37
2025-11-24 09:00:00+00:00,13.45,13.45,13.27,13.31,107582.33
2025-11-24 10:00:00+00:00,13.31,13.38,13.28,13.32,74775.45
2025-11-24 11:00:00+00:00,13.32,13.42,13.29,13.39,81236.87
2025-11-24 12:00:00+00:00,13.4,13.4,13.3,13.32,64347.82
2025-11-24 13:00:00+00:00,13.33,13.44,13.31,13.39,158174.49
2025-11-24 14:00:00+00:00,13.39,13.51,13.26,13.43,258795.81
2025-11-24 15:00:00+00:00,13.44,13.58,13.37,13.51,259618.58
2025-11-24 16:00:00+00:00,13.51,13.65,13.5,13.59,233475.46
2025-11-24 17:00:00+00:00,13.59,13.91,13.56,13.9,394707.69
2025-11-24 18:00:00+00:00,13.9,13.96,13.84,13.93,225720.07
2025-11-24 19:00:00+00:00,13.93,14.0,13.88,13.92,162163.68
2025-11-24 20:00:00+00:00,13.92,14.05,13.9,14.0,168353.76
2025-11-24 21:00:00+00:00,14.0,14.01,13.89,13.91,117951.0
2025-11-24 22:00:00+00:00,13.91,13.97,13.86,13.93,111325.82
2025-11-24 23:00:00+00:00,13.92,13.94,13.89,13.89,70698.26
2025-11-25 00:00:00+00:00,13.89,13.95,13.87,13.9,93726.17
2025-11-25 01:00:00+00:00,13.91,13.94,13.87,13.88,56244.05
2025-11-25 02:00:00+00:00,13.87,13.95,13.84,13.93,78390.74
2025-11-25 03:00:00+00:00,13.93,13.95,13.87,13.9,48136.61
2025-11-25 04:00:00+00:00,13.91,13.95,13.87,13.93,78038.14
2025-11-25 05:00:00+00:00,13.92,13.94,13.88,13.92,32038.28
2025-11-25 06:00:00+00:00,13.92,13.95,13.82,13.93,348631.08
2025-11-25 07:00:00+00:00,13.94,13.95,13.86,13.88,85257.34
2025-11-25 08:00:00+00:00,13.89,13.94,13.85,13.88,85551.25
2025-11-25 09:00:00+00:00,13.87,13.94,13.78,13.93,103867.27
2025-11-25 10:00:00+00:00,13.92,13.94,13.87,13.92,71507.21
2025-11-25 11:00:00+00:00,13.93,13.93,13.87,13.9,33931.83
2025-11-25 12:00:00+00:00,13.91,13.95,13.89,13.92,116326.65
2025-11-25 13:00:00+00:00,13.93,13.94,13.86,13.89,76552.04
2025-11-25 14:00:00+00:00,13.9,13.95,13.7,13.82,204181.8
2025-11-25 15:00:00+00:00,13.82,13.95,13.71,13.92,186853.34
2025-11-25 16:00:00+00:00,13.91,14.0,13.89,13.94,150679.22
2025-11-25 17:00:00+00:00,13.95,13.99,13.91,13.93,134154.96
2025-11-25 18:00:00+00:00,13.93,13.97,13.92,13.93,96978.88
2025-11-25 19:00:00+00:00,13.94,14.0,13.89,14.0,192056.33
2025-11-25 20:00:00+00:00,14.0,14.11,13.97,14.08,252983.17
2025-11-25 21:00:00+00:00,14.08,14.14,14.02,14.04,137088.52
2025-11-25 22:00:00+00:00,14.04,14.15,13.98,14.13,140633.23
2025-11-25 23:00:00+00:00,14.13,14.38,14.11,14.18,180508.14
2025-11-26 00:00:00+00:00,14.18,14.31,14.18,14.3,135219.36
2025-11-26 01:00:00+00:00,14.3,14.34,14.16,14.22,127835.26
2025-11-26 02:00:00+00:00,14.23,14.25,14.13,14.13,38223.11
2025-11-26 03:00:00+00:00,14.14,14.16,14.02,14.04,65151.03
2025-11-26 04:00:00+00:00,14.03,14.06,14.01,14.01,57253.24
2025-11-26 05:00:00+00:00,14.01,14.07,14.0,14.03,57332.04
2025-11-26 06:00:00+00:00,14.02,14.09,14.01,14.07,58334.51
2025-11-26 07:00:00+00:00,14.06,14.1,14.02,14.09,73442.02
2025-11-26 08:00:00+00:00,14.09,14.09,13.99,14.01,105385.73
2025-11-26 09:00:00+00:00,14.01,14.03,13.97,14.0,98534.95
2025-11-26 10:00:00+00:00,14.01,14.04,13.99,14.03,58258.67
2025-11-26 11:00:00+00:00,14.03,14.07,13.99,14.01,85851.61
2025-11-26 12:00:00+00:00,14.01,14.02,13.91,13.94,128967.35
2025-11-26 13:00:00+00:00,13.93,14.0,13.93,13.98,105487.43
2025-11-26 14:00:00+00:00,13.97,14.0,13.91,13.94,145204.45
2025-11-26 15:00:00+00:00,13.94,13.98,13.92,13.96,120882.24
2025-11-26 16:00:00+00:00,13.96,14.14,13.95,14.1,126033.08
2025-11-26 17:00:00+00:00,14.11,14.46,14.08,14.39,182453.44
2025-11-26 18:00:00+00:00,14.4,14.59,14.39,14.58,242723.85
2025-11-26 19:00:00+00:00,14.58,14.61,14.46,14.55,187042.26
2025-11-26 20:00:00+00:00,14.55,14.68,14.5,14.66,227091.23
2025-11-26 21:00:00+00:00,14.67,14.75,14.63,14.67,101074.12
2025-11-26 22:00:00+00:00,14.66,14.74,14.63,14.71,69311.31
2025-11-26 23:00:00+00:00,14.7,14.96,14.7,14.95,120189.3
2025-11-27 00:00:00+00:00,14.96,15.0,14.89,14.94,287258.43
2025-11-27 01:00:00+00:00,14.94,15.01,14.91,14.98,118067.81
2025-11-27 02:00:00+00:00,14.98,15.01,14.91,14.92,148935.94
2025-11-27 03:00:00+00:00,14.93,14.97,14.91,14.93,107561.64
2025-11-27 04:00:00+00:00,14.93,14.96,14.91,14.92,80667.66
2025-11-27 05:00:00+00:00,14.92,14.96,14.87,14.93,145555.37
2025-11-27 06:00:00+00:00,14.94,14.98,14.91,14.93,117591.38
2025-11-27 07:00:00+00:00,14.93,14.98,14.91,14.95,65142.88
2025-11-27 08:00:00+00:00,14.95,14.97,14.87,14.95,117628.34
2025-11-27 09:00:00+00:00,14.95,14.98,14.92,14.92,91867.01
2025-11-27 10:00:00+00:00,14.92,14.97,14.91,14.96,38020.95
2025-11-27 11:00:00+00:00,14.96,14.97,14.92,14.94,39734.77
2025-11-27 12:00:00+00:00,14.94,14.96,14.91,14.94,87070.3
2025-11-27 13:00:00+00:00,14.93,14.99,14.91,14.96,115770.02
2025-11-27 14:00:00+00:00,14.96,14.97,14.91,14.94,70288.0
2025-11-27 15:00:00+00:00,14.95,14.98,14.92,14.96,62043.73
2025-11-27 16:00:00+00:00,14.97,15.16,14.94,15.12,138966.18
2025-11-27 17:00:00+00:00,15.11,15.16,15.09,15.12,104785.83
2025-11-27 18:00:00+00:00,15.11,15.17,15.08,15.16,61903.35
2025-11-27 19:00:00+00:00,15.15,15.15,15.0,15.04,87533.6
2025-11-27 20:00:00+00:00,15.03,15.06,15.01,15.04,57770.2
2025-11-27 21:00:00+00:00,15.04,15.07,15.01,15.05,32594.32
2025-11-27 22:00:00+00:00,15.04,15.06,14.97,15.04,68178.29
2025-11-27 23:00:00+00:00,15.04,15.06,15.0,15.02,44070.72
2025-11-28 00:00:00+00:00,15.02,15.06,15.01,15.03,38568.64
2025-11-28 01:00:00+00:00,15.03,15.05,15.0,15.01,98577.82
2025-11-28 02:00:00+00:00,15.01,15.07,15.0,15.05,98644.11
2025-11-28 03:00:00+00:00,15.04,15.05,15.01,15.05,46125.33
2025-11-28 04:00:00+00:00,15.05,15.06,15.01,15.01,34247.75
2025-11-28 05:00:00+00:00,15.01,15.09,15.0,15.05,88201.86
2025-11-28 06:00:00+00:00,15.04,15.06,15.0,15.04,53828.56
2025-11-28 07:00:00+00:00,15.05,15.06,15.0,15.01,58864.49
2025-11-28 08:00:00+00:00,15.01,15.13,15.01,15.08,133317.56
2025-11-28 09:00:00+00:00,15.08,15.09,15.02,15.03,78791.34
2025-11-28 10:00:00+00:00,15.03,15.05,15.01,15.05,50028.49
2025-11-28 11:00:00+00:00,15.04,15.05,14.78,15.02,266311.42
2025-11-28 12:00:00+00:00,15.02,15.06,15.0,15.01,62605.71
2025-11-28 13:00:00+00:00,15.01,15.11,14.99,15.08,108617.89
2025-11-28 14:00:00+00:00,15.08,15.18,15.05,15.12,124653.86
2025-11-28 15:00:00+00:00,15.12,15.27,15.07,15.09,172227.59
2025-11-28 16:00:00+00:00,15.1,15.1,14.82,14.84,277666.94
2025-11-28 17:00:00+00:00,14.85,14.89,14.8,14.85,193849.87
2025-11-28 18:00:00+00:00,14.86,14.9,14.82,14.86,142942.25
2025-11-28 19:00:00+00:00,14.87,14.89,14.84,14.89,86180.79
2025-11-28 20:00:00+00:00,14.89,14.89,14.83,14.87,67861.29
2025-11-28 21:00:00+00:00,14.87,14.89,14.79,14.84,175997.6
2025-11-28 22:00:00+00:00,14.84,14.9,14.82,14.85,105899.56
2025-11-28 23:00:00+00:00,14.86,14.88,14.84,14.84,54351.74
2025-11-29 00:00:00+00:00,14.85,14.88,14.84,14.88,25506.73
2025-11-29 01:00:00+00:00,14.87,14.89,14.84,14.85,27612.3
2025-11-29 02:00:00+00:00,14.85,14.88,14.82,14.88,59940.66
2025-11-29 03:00:00+00:00,14.87,14.89,14.83,14.85,37295.26
2025-11-29 04:00:00+00:00,14.85,14.91,14.84,14.89,26321.34
2025-11-29 05:00:00+00:00,14.89,14.9,14.84,14.86,57567.15
2025-11-29 06:00:00+00:00,14.86,14.88,14.78,14.79,89995.41
2025-11-29 07:00:00+00:00,14.79,14.79,14.66,14.68,108729.17
2025-11-29 08:00:00+00:00,14.68,14.73,14.64,14.72,72213.82
2025-11-29 09:00:00+00:00,14.73,14.77,14.7,14.77,50980.08
2025-11-29 10:00:00+00:00,14.76,14.86,14.72,14.84,78231.05
2025-11-29 11:00:00+00:00,14.85,14.89,14.82,14.87,55820.14
2025-11-29 12:00:00+00:00,14.88,14.89,14.84,14.85,33796.25
2025-11-29 13:00:00+00:00,14.85,14.88,14.84,14.84,31323.83
2025-11-29 14:00:00+00:00,14.85,14.85,14.74,14.75,68577.51
2025-11-29 15:00:00+00:00,14.75,14.86,14.75,14.86,58823.29
2025-11-29 16:00:00+00:00,14.85,14.86,14.78,14.81,27165.32
2025-11-29 17:00:00+00:00,14.81,14.83,14.67,14.68,65532.25
2025-11-29 18:00:00+00:00,14.68,14.68,14.45,14.52,206784.65
2025-11-29 19:00:00+00:00,14.52,14.52,14.37,14.45,115938.52
2025-11-29 20:00:00+00:00,14.45,14.45,14.26,14.36,181166.1
2025-11-29 21:00:00+00:00,14.36,14.39,14.3,14.35,76144.6
2025-11-29 22:00:00+00:00,14.35,14.4,14.28,14.38,67082.19
2025-11-29 23:00:00+00:00,14.37,14.38,14.19,14.25,90380.07
2025-11-30 00:00:00+00:00,14.25,14.28,14.2,14.21,67946.34
2025-11-30 01:00:00+00:00,14.21,14.32,14.2,14.29,44869.61
2025-11-30 02:00:00+00:00,14.28,14.34,14.22,14.24,45515.44
2025-11-30 03:00:00+00:00,14.25,14.26,14.13,14.2,107208.68
2025-11-30 04:00:00+00:00,14.21,14.22,14.13,14.16,39235.84
2025-11-30 05:00:00+00:00,14.16,14.16,14.03,14.04,71176.09
2025-11-30 06:00:00+00:00,14.04,14.09,13.98,14.09,126718.72
2025-11-30 07:00:00+00:00,14.1,14.16,14.07,14.14,81198.08
2025-11-30 08:00:00+00:00,14.15,14.2,14.04,14.17,130582.46
2025-11-30 09:00:00+00:00,14.18,14.22,14.13,14.15,93573.7
2025-11-30 10:00:00+00:00,14.14,14.15,14.08,14.09,60862.17
2025-11-30 11:00:00+00:00,14.09,14.13,14.04,14.07,51354.45
2025-11-30 12:00:00+00:00,14.07,14.22,14.05,14.19,64539.07
2025-11-30 13:00:00+00:00,14.19,14.31,14.18,14.27,96162.49
2025-11-30 14:00:00+00:00,14.28,14.28,14.1,14.16,87942.86
2025-11-30 15:00:00+00:00,14.15,14.19,14.08,14.17,51803.2
2025-11-30 16:00:00+00:00,14.17,14.28,14.16,14.27,57212.44
2025-11-30 17:00:00+00:00,14.27,14.27,14.15,14.22,63294.03
2025-11-30 18:00:00+00:00,14.22,14.22,13.83,13.96,338882.87
2025-11-30 19:00:00+00:00,13.97,14.03,13.94,14.0,131443.46
2025-11-30 20:00:00+00:00,14.0,14.04,13.95,13.98,94525.74
2025-11-30 21:00:00+00:00,13.98,13.98,13.76,13.84,141900.55
2025-11-30 22:00:00+00:00,13.84,13.94,13.83,13.93,107939.85
2025-11-30 23:00:00+00:00,13.93,13.93,13.66,13.71,139571.05
2025-12-01 00:00:00+00:00,13.72,13.74,13.1,13.11,719796.44
2025-12-01 01:00:00+00:00,13.11,13.26,13.08,13.11,156135.53
2025-12-01 02:00:00+00:00,13.12,13.2,13.09,13.14,100931.21
2025-12-01 03:00:00+00:00,13.14,13.14,12.94,12.96,147326.37
2025-12-01 04:00:00+00:00,12.96,12.99,12.87,12.93,100007.26
2025-12-01 05:00:00+00:00,12.93,12.98,12.89,12.92,81004.16
2025-12-01 06:00:00+00:00,12.92,13.03,12.9,12.95,117179.35
2025-12-01 07:00:00+00:00,12.95,13.1,12.95,13.07,73695.05
2025-12-01 08:00:00+00:00,13.07,13.09,13.01,13.07,62948.26
2025-12-01 09:00:00+00:00,13.06,13.11,12.98,13.01,77894.68
2025-12-01 10:00:00+00:00,13.02,13.03,12.97,12.98,64978.17
2025-12-01 11:00:00+00:00,12.99,13.02,12.94,12.95,88486.89
2025-12-01 12:00:00+00:00,12.95,12.95,12.77,12.91,189455.26
2025-12-01 13:00:00+00:00,12.91,12.97,12.75,12.83,213961.47
2025-12-01 14:00:00+00:00,12.83,12.96,12.8,12.88,215204.07
2025-12-01 15:00:00+00:00,12.88,12.89,12.61,12.7,304189.95
2025-12-01 16:00:00+00:00,12.7,12.73,12.54,12.62,197909.48
2025-12-01 17:00:00+00:00,12.62,12.74,12.61,12.69,132841.37
2025-12-01 18:00:00+00:00,12.69,12.78,12.62,12.71,81301.51
2025-12-01 19:00:00+00:00,12.72,12.72,12.61,12.62,61275.06
2025-12-01 20:00:00+00:00,12.61,12.77,12.59,12.65,119874.83
2025-12-01 21:00:00+00:00,12.65,12.84,12.64,12.8,146501.19
2025-12-01 22:00:00+00:00,12.8,12.86,12.74,12.79,108346.4
2025-12-01 23:00:00+00:00,12.79,12.87,12.75,12.76,66657.22
2025-12-02 00:00:00+00:00,12.76,12.8,12.71,12.79,67291.59
2025-12-02 01:00:00+00:00,12.79,13.02,12.77,12.85,133197.85
2025-12-02 02:00:00+00:00,12.84,12.96,12.83,12.92,63270.19
2025-12-02 03:00:00+00:00,12.93,12.96,12.81,12.95,78502.12
2025-12-02 04:00:00+00:00,12.95,13.0,12.9,12.91,44007.3
2025-12-02 05:00:00+00:00,12.91,12.95,12.86,12.94,33963.57
2025-12-02 06:00:00+00:00,12.94,13.02,12.91,13.01,42241.25
2025-12-02 07:00:00+00:00,13.01,13.05,12.96,13.03,82882.53
2025-12-02 08:00:00+00:00,13.03,13.09,12.9,12.94,904670.52
2025-12-02 09:00:00+00:00,12.95,13.04,12.91,12.96,122509.12
2025-12-02 10:00:00+00:00,12.96,13.13,12.96,13.1,96511.59
2025-12-02 11:00:00+00:00,13.1,13.11,12.86,12.91,615829.1
2025-12-02 12:00:00+00:00,12.91,12.95,12.84,12.91,163476.15
2025-12-02 13:00:00+00:00,12.91,13.04,12.88,13.01,116418.67
2025-12-02 14:00:00+00:00,13.01,13.27,13.0,13.26,359797.13
2025-12-02 15:00:00+00:00,13.26,13.72,13.26,13.67,619843.37
2025-12-02 16:00:00+00:00,13.67,13.74,13.55,13.59,339954.37
2025-12-02 17:00:00+00:00,13.59,13.71,13.54,13.58,145369.63
2025-12-02 18:00:00+00:00,13.58,13.71,13.58,13.66,102597.17
2025-12-02 19:00:00+00:00,13.67,13.71,13.62,13.65,76939.37
2025-12-02 20:00:00+00:00,13.65,13.7,13.56,13.65,143930.8
2025-12-02 21:00:00+00:00,13.65,13.68,13.61,13.66,97463.67
2025-12-02 22:00:00+00:00,13.66,13.76,13.65,13.73,64742.59
2025-12-02 23:00:00+00:00,13.74,13.74,13.62,13.62,58468.94
2025-12-03 00:00:00+00:00,13.63,13.69,13.58,13.66,113575.19
2025-12-03 01:00:00+00:00,13.66,13.76,13.63,13.71,121408.14
2025-12-03 02:00:00+00:00,13.71,13.85,13.7,13.8,166089.81
2025-12-03 03:00:00+00:00,13.79,13.84,13.77,13.82,88292.9
2025-12-03 04:00:00+00:00,13.81,13.94,13.79,13.92,144050.72
2025-12-03 05:00:00+00:00,13.92,14.06,13.91,14.05,207068.37
2025-12-03 06:00:00+00:00,14.05,14.35,14.05,14.11,398086.15
2025-12-03 07:00:00+00:00,14.12,14.18,14.08,14.13,154833.7
2025-12-03 08:00:00+00:00,14.13,14.19,14.05,14.15,137784.31
2025-12-03 09:00:00+00:00,14.15,14.16,14.01,14.08,105423.45
2025-12-03 10:00:00+00:00,14.08,14.13,14.04,14.04,62377.3
2025-12-03 11:00:00+00:00,14.05,14.09,14.01,14.07,69565.47
2025-12-03 12:00:00+00:00,14.07,14.12,14.04,14.11,83470.78
2025-12-03 13:00:00+00:00,14.11,14.24,14.1,14.18,141829.94
2025-12-03 14:00:00+00:00,14.19,14.3,13.87,14.11,607208.62
2025-12-03 15:00:00+00:00,14.11,14.22,14.06,14.17,173452.01
2025-12-03 16:00:00+00:00,14.17,14.34,14.07,14.27,212841.38
2025-12-03 17:00:00+00:00,14.28,14.44,14.27,14.38,247136.3
2025-12-03 18:00:00+00:00,14.39,14.5,14.34,14.37,218563.94
2025-12-03 19:00:00+00:00,14.37,14.5,14.36,14.5,153736.89
2025-12-03 20:00:00+00:00,14.5,14.53,14.41,14.45,184481.72
2025-12-03 21:00:00+00:00,14.45,14.92,14.43,14.91,550000.3
2025-12-03 22:00:00+00:00,14.9,15.09,14.74,14.85,666370.56
2025-12-03 23:00:00+00:00,14.85,14.91,14.76,14.78,183549.93
2025-12-04 00:00:00+00:00,14.78,14.88,14.73,14.82,154676.74
2025-12-04 01:00:00+00:00,14.82,14.88,14.68,14.71,198541.18
2025-12-04 02:00:00+00:00,14.7,14.78,14.7,14.74,158245.78
2025-12-04 03:00:00+00:00,14.74,14.75,14.71,14.72,42707.12
2025-12-04 04:00:00+00:00,14.72,14.75,14.7,14.73,67620.65
2025-12-04 05:00:00+00:00,14.73,14.76,14.71,14.75,70311.64
2025-12-04 06:00:00+00:00,14.75,14.76,14.71,14.71,84136.46
2025-12-04 07:00:00+00:00,14.71,14.76,14.68,14.72,91428.73
2025-12-04 08:00:00+00:00,14.72,14.76,14.71,14.72,41247.49
2025-12-04 09:00:00+00:00,14.73,14.79,14.71,14.74,62037.8
2025-12-04 10:00:00+00:00,14.74,14.77,14.71,14.74,47592.5
2025-12-04 11:00:00+00:00,14.74,14.76,14.7,14.75,68878.78
2025-12-04 12:00:00+00:00,14.75,14.76,14.7,14.74,70957.95
2025-12-04 13:00:00+00:00,14.74,14.76,14.7,14.72,78123.16
2025-12-04 14:00:00+00:00,14.72,14.77,14.64,14.67,186319.67
2025-12-04 15:00:00+00:00,14.67,14.86,14.66,14.75,208701.7
2025-12-04 16:00:00+00:00,14.75,14.77,14.7,14.72,129349.08
2025-12-04 17:00:00+00:00,14.72,14.74,14.5,14.57,216156.74
2025-12-04 18:00:00+00:00,14.57,14.58,14.47,14.49,140494.28
2025-12-04 19:00:00+00:00,14.48,14.49,14.21,14.43,292995.14
2025-12-04 20:00:00+00:00,14.42,14.5,14.35,14.48,102874.73
2025-12-04 21:00:00+00:00,14.47,14.51,14.38,14.39,61700.53
2025-12-04 22:00:00+00:00,14.39,14.47,14.38,14.45,53873.26
2025-12-04 23:00:00+00:00,14.44,14.48,14.38,14.41,55682.18
2025-12-05 00:00:00+00:00,14.4,14.48,14.39,14.46,59649.55
2025-12-05 01:00:00+00:00,14.45,14.51,14.44,14.47,53181.39
2025-12-05 02:00:00+00:00,14.47,14.52,14.44,14.49,64402.9
2025-12-05 03:00:00+00:00,14.49,14.52,14.44,14.45,58143.19
2025-12-05 04:00:00+00:00,14.45,14.48,14.36,14.41,71967.49
2025-12-05 05:00:00+00:00,14.41,14.44,14.35,14.35,55597.22
2025-12-05 06:00:00+00:00,14.36,14.41,14.32,14.37,126857.68
2025-12-05 07:00:00+00:00,14.36,14.43,14.34,14.36,65681.79
2025-12-05 08:00:00+00:00,14.36,14.36,14.16,14.21,239394.99
2025-12-05 09:00:00+00:00,14.2,14.2,13.95,13.96,184199.7
2025-12-05 10:00:00+00:00,13.96,14.03,13.94,13.96,103725.61
2025-12-05 11:00:00+00:00,13.96,14.0,13.77,13.81,242947.07
2025-12-05 12:00:00+00:00,13.8,13.8,13.66,13.76,145120.73
2025-12-05 13:00:00+00:00,13.75,13.79,13.63,13.69,160928.8
2025-12-05 14:00:00+00:00,13.7,13.73,13.58,13.63,155160.41
2025-12-05 15:00:00+00:00,13.64,13.88,13.64,13.68,316595.82
2025-12-05 16:00:00+00:00,13.68,13.68,13.3,13.45,319311.36
2025-12-05 17:00:00+00:00,13.44,13.49,13.3,13.42,107655.13
2025-12-05 18:00:00+00:00,13.41,13.52,13.26,13.26,113523.32
2025-12-05 19:00:00+00:00,13.26,13.46,13.2,13.42,210959.69
2025-12-05 20:00:00+00:00,13.42,13.43,13.3,13.34,78864.28
2025-12-05 21:00:00+00:00,13.34,13.39,13.27,13.28,91966.81
2025-12-05 22:00:00+00:00,13.29,13.32,13.19,13.24,159284.65
2025-12-05 23:00:00+00:00,13.24,13.25,13.09,13.21,391322.23
2025-12-06 00:00:00+00:00,13.21,13.27,13.14,13.27,83760.04
2025-12-06 01:00:00+00:00,13.26,13.39,13.26,13.39,104727.53
2025-12-06 02:00:00+00:00,13.38,13.39,13.25,13.31,142776.04
2025-12-06 03:00:00+00:00,13.31,13.37,13.3,13.32,53374.65
2025-12-06 04:00:00+00:00,13.32,13.33,13.26,13.29,29029.66
2025-12-06 05:00:00+00:00,13.29,13.33,13.28,13.31,39588.28
2025-12-06 06:00:00+00:00,13.3,13.31,13.23,13.25,47100.77
2025-12-06 07:00:00+00:00,13.26,13.28,13.21,13.23,31941.14
2025-12-06 08:00:00+00:00,13.23,13.24,13.16,13.18,31443.95
2025-12-06 09:00:00+00:00,13.17,13.29,13.17,13.28,43417.25
2025-12-06 10:00:00+00:00,13.28,13.32,13.2,13.2,75855.14
2025-12-06 11:00:00+00:00,13.2,13.24,13.18,13.23,45508.22
2025-12-06 12:00:00+00:00,13.22,13.24,13.19,13.19,49063.8
2025-12-06 13:00:00+00:00,13.19,13.23,13.16,13.21,65931.05
2025-12-06 14:00:00+00:00,13.2,13.33,13.17,13.31,165003.68
2025-12-06 15:00:00+00:00,13.31,13.35,13.21,13.32,102409.0
2025-12-06 16:00:00+00:00,13.31,13.44,13.3,13.36,104578.74
2025-12-06 17:00:00+00:00,13.37,13.44,13.32,13.38,56384.7
2025-12-06 18:00:00+00:00,13.38,13.49,13.35,13.43,98849.43
2025-12-06 19:00:00+00:00,13.43,13.46,13.27,13.31,111492.92
2025-12-06 20:00:00+00:00,13.31,13.4,13.29,13.38,51721.69
2025-12-06 21:00:00+00:00,13.38,13.47,13.35,13.43,233226.67
2025-12-06 22:00:00+00:00,13.42,13.45,13.36,13.39,173789.4
2025-12-06 23:00:00+00:00,13.39,13.42,13.31,13.4,53486.29
2025-12-07 00:00:00+00:00,13.41,13.52,13.4,13.47,71005.4
2025-12-07 01:00:00+00:00,13.47,13.51,13.45,13.45,54284.89
2025-12-07 02:00:00+00:00,13.45,13.55,13.45,13.54,29853.56
2025-12-07 03:00:00+00:00,13.55,13.55,13.44,13.49,20788.28
2025-12-07 04:00:00+00:00,13.5,13.52,13.4,13.41,41603.65
2025-12-07 05:00:00+00:00,13.41,13.49,13.39,13.47,28465.63
2025-12-07 06:00:00+00:00,13.47,13.51,13.45,13.49,22864.6
2025-12-07 07:00:00+00:00,13.49,13.5,13.37,13.4,44948.3
2025-12-07 08:00:00+00:00,13.4,13.43,13.35,13.39,25577.56
2025-12-07 09:00:00+00:00,13.39,13.41,13.32,13.34,57864.45
2025-12-07 10:00:00+00:00,13.34,13.41,13.31,13.35,40558.87
2025-12-07 11:00:00+00:00,13.36,13.37,13.33,13.34,16936.27
2025-12-07 12:00:00+00:00,13.34,13.44,13.33,13.43,27394.94
2025-12-07 13:00:00+00:00,13.42,13.44,13.3,13.33,58125.49
2025-12-07 14:00:00+00:00,13.33,13.34,12.96,13.02,374051.47
2025-12-07 15:00:00+00:00,13.01,13.43,12.99,13.43,197200.74
2025-12-07 16:00:00+00:00,13.42,13.45,13.3,13.45,131769.12
2025-12-07 17:00:00+00:00,13.44,13.71,13.35,13.66,351203.19
2025-12-07 18:00:00+00:00,13.67,13.85,13.67,13.77,183990.23
2025-12-07 19:00:00+00:00,13.78,13.8,13.71,13.76,102774.27
2025-12-07 20:00:00+00:00,13.76,13.82,13.73,13.81,51971.92
2025-12-07 21:00:00+00:00,13.8,13.8,13.47,13.52,138976.74
2025-12-07 22:00:00+00:00,13.53,13.53,13.27,13.38,236378.59
2025-12-07 23:00:00+00:00,13.38,13.51,13.32,13.49,99414.64
2025-12-08 00:00:00+00:00,13.49,13.49,13.38,13.39,73866.04
2025-12-08 01:00:00+00:00,13.39,13.67,13.38,13.53,92684.38
2025-12-08 02:00:00+00:00,13.53,13.58,13.49,13.57,34455.31
2025-12-08 03:00:00+00:00,13.58,13.61,13.52,13.55,29640.87
2025-12-08 04:00:00+00:00,13.55,13.68,13.54,13.65,42609.48
2025-12-08 05:00:00+00:00,13.65,13.72,13.58,13.7,50532.47
2025-12-08 06:00:00+00:00,13.71,13.73,13.68,13.69,44657.8
2025-12-08 07:00:00+00:00,13.68,13.72,13.64,13.68,50687.08
2025-12-08 08:00:00+00:00,13.69,13.76,13.66,13.75,49805.79
2025-12-08 09:00:00+00:00,13.75,13.91,13.74,13.78,157309.47
2025-12-08 10:00:00+00:00,13.78,13.83,13.76,13.82,64699.8
2025-12-08 11:00:00+00:00,13.82,13.83,13.7,13.74,44956.21
2025-12-08 12:00:00+00:00,13.75,13.75,13.68,13.74,60148.85
2025-12-08 13:00:00+00:00,13.74,13.82,13.7,13.73,69011.77
2025-12-08 14:00:00+00:00,13.74,13.82,13.64,13.71,135963.98
2025-12-08 15:00:00+00:00,13.71,13.75,13.52,13.59,128143.25
2025-12-08 16:00:00+00:00,13.58,13.71,13.52,13.63,93195.0
2025-12-08 17:00:00+00:00,13.63,13.72,13.56,13.68,84841.85
2025-12-08 18:00:00+00:00,13.68,13.72,13.48,13.54,70751.22
2025-12-08 19:00:00+00:00,13.54,13.62,13.52,13.55,101206.61
2025-12-08 20:00:00+00:00,13.55,13.66,13.53,13.63,242902.66
2025-12-08 21:00:00+00:00,13.63,13.75,13.6,13.73,84282.49
2025-12-08 22:00:00+00:00,13.73,13.75,13.63,13.68,83858.53
2025-12-08 23:00:00+00:00,13.68,13.7,13.6,13.64,47977.53
2025-12-09 00:00:00+00:00,13.64,13.73,13.6,13.62,76110.42
2025-12-09 01:00:00+00:00,13.62,13.63,13.53,13.56,73947.6
2025-12-09 02:00:00+00:00,13.56,13.64,13.56,13.59,44522.15
2025-12-09 03:00:00+00:00,13.59,13.74,13.53,13.72,88488.54
2025-12-09 04:00:00+00:00,13.73,13.77,13.64,13.66,104336.52
2025-12-09 05:00:00+00:00,13.66,13.69,13.57,13.58,65997.3
2025-12-09 06:00:00+00:00,13.58,13.63,13.54,13.62,50536.81
2025-12-09 07:00:00+00:00,13.62,13.73,13.61,13.73,50044.83
2025-12-09 08:00:00+00:00,13.73,13.77,13.68,13.69,54343.55
2025-12-09 09:00:00+00:00,13.7,13.7,13.57,13.58,36128.96
2025-12-09 10:00:00+00:00,13.58,13.63,13.52,13.57,85527.64
2025-12-09 11:00:00+00:00,13.57,13.61,13.5,13.59,81298.34
2025-12-09 12:00:00+00:00,13.6,13.69,13.57,13.66,58466.14
2025-12-09 13:00:00+00:00,13.66,13.72,13.59,13.63,75592.34
2025-12-09 14:00:00+00:00,13.64,13.69,13.55,13.62,132156.22
2025-12-09 15:00:00+00:00,13.62,14.18,13.6,14.13,490603.85
2025-12-09 16:00:00+00:00,14.13,14.68,14.13,14.61,628966.91
2025-12-09 17:00:00+00:00,14.61,14.73,14.52,14.59,335094.28
2025-12-09 18:00:00+00:00,14.59,14.67,14.55,14.63,113010.61
2025-12-09 19:00:00+00:00,14.63,14.65,14.56,14.62,95935.47
2025-12-09 20:00:00+00:00,14.62,14.65,14.56,14.61,162881.7
2025-12-09 21:00:00+00:00,14.6,14.64,14.48,14.6,265967.27
2025-12-09 22:00:00+00:00,14.61,14.67,14.57,14.61,98807.76
2025-12-09 23:00:00+00:00,14.6,14.64,14.58,14.6,55734.33
2025-12-10 00:00:00+00:00,14.61,14.65,14.56,14.58,111183.23
2025-12-10 01:00:00+00:00,14.58,14.62,14.56,14.62,49687.57
2025-12-10 02:00:00+00:00,14.61,14.63,14.57,14.62,58086.97
2025-12-10 03:00:00+00:00,14.62,14.63,14.58,14.61,38400.9
2025-12-10 04:00:00+00:00,14.61,14.63,14.59,14.59,40095.99
2025-12-10 05:00:00+00:00,14.59,14.61,14.56,14.58,38586.82
2025-12-10 06:00:00+00:00,14.59,14.62,14.56,14.6,38296.43
2025-12-10 07:00:00+00:00,14.6,14.62,14.56,14.61,58119.84
2025-12-10 08:00:00+00:00,14.61,14.64,14.57,14.58,61735.21
2025-12-10 09:00:00+00:00,14.59,14.64,14.57,14.63,50676.7
2025-12-10 10:00:00+00:00,14.63,14.68,14.34,14.35,228373.47
2025-12-10 11:00:00+00:00,14.35,14.36,14.17,14.26,144169.13
2025-12-10 12:00:00+00:00,14.26,14.29,14.15,14.23,102670.81
2025-12-10 13:00:00+00:00,14.23,14.33,14.22,14.3,98161.13
2025-12-10 14:00:00+00:00,14.31,14.31,14.17,14.23,103195.38
2025-12-10 15:00:00+00:00,14.22,14.32,14.2,14.24,62113.27
2025-12-10 16:00:00+00:00,14.24,14.37,14.2,14.31,64693.81
2025-12-10 17:00:00+00:00,14.3,14.39,14.27,14.34,61876.85
2025-12-10 18:00:00+00:00,14.35,14.6,14.31,14.47,150134.86
2025-12-10 19:00:00+00:00,14.47,14.67,14.32,14.55,514951.52
2025-12-10 20:00:00+00:00,14.56,14.83,14.41,14.42,636436.57
2025-12-10 21:00:00+00:00,14.43,14.47,14.26,14.28,197780.84
2025-12-10 22:00:00+00:00,14.27,14.33,14.09,14.26,145461.42
2025-12-10 23:00:00+00:00,14.26,14.29,14.1,14.11,51734.11
2025-12-11 00:00:00+00:00,14.11,14.11,13.77,13.81,244827.62
2025-12-11 01:00:00+00:00,13.81,13.81,13.59,13.6,189961.39
2025-12-11 02:00:00+00:00,13.6,13.6,13.41,13.44,206737.07
2025-12-11 03:00:00+00:00,13.43,13.43,13.27,13.31,180333.45
2025-12-11 04:00:00+00:00,13.3,13.43,13.24,13.41,193834.46
2025-12-11 05:00:00+00:00,13.4,13.45,13.38,13.43,77693.2
2025-12-11 06:00:00+00:00,13.43,13.49,13.36,13.46,80920.16
2025-12-11 07:00:00+00:00,13.45,13.45,13.36,13.4,49598.59
2025-12-11 08:00:00+00:00,13.39,13.39,13.3,13.37,64930.72
2025-12-11 09:00:00+00:00,13.36,13.43,13.35,13.36,68547.56
2025-12-11 10:00:00+00:00,13.37,13.38,13.26,13.29,121406.7
2025-12-11 11:00:00+00:00,13.29,13.34,13.25,13.33,98009.48
2025-12-11 12:00:00+00:00,13.32,13.37,13.28,13.29,92110.51
2025-12-11 13:00:00+00:00,13.29,13.36,13.27,13.35,147085.55
2025-12-11 14:00:00+00:00,13.35,13.35,13.06,13.12,326982.97
2025-12-11 15:00:00+00:00,13.11,13.22,12.93,13.01,374320.39
2025-12-11 16:00:00+00:00,13.0,13.14,12.89,13.04,236090.66
2025-12-11 17:00:00+00:00,13.04,13.17,13.01,13.07,122223.12
2025-12-11 18:00:00+00:00,13.08,13.33,13.04,13.22,200139.07
2025-12-11 19:00:00+00:00,13.22,13.39,13.2,13.25,153795.1
2025-12-11 20:00:00+00:00,13.25,13.37,13.23,13.36,122507.97
2025-12-11 21:00:00+00:00,13.37,13.61,13.34,13.52,291698.02
2025-12-11 22:00:00+00:00,13.52,13.57,13.38,13.43,102652.79
2025-12-11 23:00:00+00:00,13.43,13.48,13.38,13.42,55257.68
2025-12-12 00:00:00+00:00,13.42,13.54,13.32,13.34,88601.62
2025-12-12 01:00:00+00:00,13.35,13.57,13.35,13.55,97041.77
2025-12-12 02:00:00+00:00,13.54,13.72,13.52,13.69,83375.34
2025-12-12 03:00:00+00:00,13.7,13.74,13.6,13.61,67816.72
2025-12-12 04:00:00+00:00,13.6,13.61,13.55,13.6,41886.61
2025-12-12 05:00:00+00:00,13.6,13.71,13.55,13.69,64259.04
2025-12-12 06:00:00+00:00,13.69,13.79,13.69,13.75,73443.92
2025-12-12 07:00:00+00:00,13.74,13.78,13.65,13.66,65816.17
2025-12-12 08:00:00+00:00,13.66,13.66,13.51,13.54,62975.23
2025-12-12 09:00:00+00:00,13.54,13.64,13.49,13.64,59865.83
2025-12-12 10:00:00+00:00,13.63,13.68,13.58,13.6,68324.98
2025-12-12 11:00:00+00:00,13.59,13.6,13.52,13.56,52542.7
2025-12-12 12:00:00+00:00,13.56,13.61,13.5,13.59,105937.74
2025-12-12 13:00:00+00:00,13.58,13.65,13.57,13.62,95562.91
2025-12-12 14:00:00+00:00,13.62,13.63,13.45,13.52,131179.84
2025-12-12 15:00:00+00:00,13.51,13.51,12.81,12.91,398528.73
2025-12-12 16:00:00+00:00,12.9,12.99,12.81,12.93,326857.19
2025-12-12 17:00:00+00:00,12.93,13.1,12.92,12.99,146105.04
2025-12-12 18:00:00+00:00,12.99,13.21,12.98,13.12,116669.7
2025-12-12 19:00:00+00:00,13.12,13.15,13.03,13.07,79652.77
2025-12-12 20:00:00+00:00,13.08,13.1,13.03,13.08,92017.85
2025-12-12 21:00:00+00:00,13.08,13.13,13.06,13.08,57941.49
2025-12-12 22:00:00+00:00,13.07,13.15,13.06,13.11,55811.23
2025-12-12 23:00:00+00:00,13.12,13.17,13.1,13.1,32285.67
2025-12-13 00:00:00+00:00,13.11,13.19,13.1,13.11,78320.58
2025-12-13 01:00:00+00:00,13.12,13.15,13.09,13.13,74190.62
2025-12-13 02:00:00+00:00,13.14,13.2,13.13,13.18,70593.35
2025-12-13 03:00:00+00:00,13.18,13.25,13.18,13.22,55121.3
2025-12-13 04:00:00+00:00,13.22,13.26,13.19,13.23,31773.25
2025-12-13 05:00:00+00:00,13.24,13.31,13.23,13.3,57578.8
2025-12-13 06:00:00+00:00,13.3,13.46,13.27,13.35,187047.36
2025-12-13 07:00:00+00:00,13.35,13.36,13.3,13.33,37279.12
2025-12-13 08:00:00+00:00,13.34,13.46,13.34,13.4,68938.09
2025-12-13 09:00:00+00:00,13.39,13.43,13.37,13.38,50531.48
2025-12-13 10:00:00+00:00,13.38,13.47,13.35,13.45,79118.58
2025-12-13 11:00:00+00:00,13.45,13.45,13.37,13.38,51942.79
2025-12-13 12:00:00+00:00,13.38,13.41,13.24,13.26,124301.82
2025-12-13 13:00:00+00:00,13.27,13.31,13.23,13.29,51070.46
2025-12-13 14:00:00+00:00,13.29,13.32,13.22,13.3,90548.77
2025-12-13 15:00:00+00:00,13.3,13.4,13.29,13.36,79604.73
2025-12-13 16:00:00+00:00,13.36,13.42,13.33,13.38,66863.76
2025-12-13 17:00:00+00:00,13.37,13.38,13.32,13.36,37452.57
2025-12-13 18:00:00+00:00,13.36,13.41,13.34,13.38,52543.65
2025-12-13 19:00:00+00:00,13.37,13.41,13.35,13.38,43199.67
2025-12-13 20:00:00+00:00,13.39,13.4,13.32,13.33,37020.06
2025-12-13 21:00:00+00:00,13.34,13.34,13.24,13.32,56748.41
2025-12-13 22:00:00+00:00,13.33,13.34,13.25,13.32,54340.17
2025-12-13 23:00:00+00:00,13.32,13.39,13.3,13.37,42099.23
2025-12-14 00:00:00+00:00,13.37,13.39,13.33,13.36,31907.86
2025-12-14 01:00:00+00:00,13.36,13.4,13.32,13.32,21024.66
2025-12-14 02:00:00+00:00,13.32,13.39,13.31,13.36,23074.07
2025-12-14 03:00:00+00:00,13.36,13.37,13.29,13.31,12742.03
2025-12-14 04:00:00+00:00,13.3,13.32,13.26,13.28,18456.74
2025-12-14 05:00:00+00:00,13.27,13.27,13.2,13.23,33616.84
2025-12-14 06:00:00+00:00,13.24,13.25,13.18,13.21,21313.05
2025-12-14 07:00:00+00:00,13.21,13.25,13.2,13.25,21502.56
2025-12-14 08:00:00+00:00,13.25,13.29,13.18,13.19,32861.11
2025-12-14 09:00:00+00:00,13.18,13.19,13.15,13.16,36075.97
2025-12-14 10:00:00+00:00,13.16,13.19,13.09,13.16,61047.62
2025-12-14 11:00:00+00:00,13.15,13.17,12.96,13.07,138942.64
2025-12-14 12:00:00+00:00,13.07,13.14,13.01,13.11,60174.11
2025-12-14 13:00:00+00:00,13.11,13.11,12.99,13.06,88985.62
2025-12-14 14:00:00+00:00,13.07,13.09,12.98,13.01,82820.35
2025-12-14 15:00:00+00:00,13.01,13.06,12.98,13.02,35592.62
2025-12-14 16:00:00+00:00,13.02,13.12,12.99,13.04,74099.72
2025-12-14 17:00:00+00:00,13.03,13.05,12.92,12.95,106296.22
2025-12-14 18:00:00+00:00,12.94,13.05,12.93,13.04,60798.09
2025-12-14 19:00:00+00:00,13.03,13.04,12.94,12.98,37475.99
2025-12-14 20:00:00+00:00,12.98,13.02,12.89,12.93,88410.24
2025-12-14 21:00:00+00:00,12.93,12.97,12.83,12.87,66701.48
2025-12-14 22:00:00+00:00,12.87,12.95,12.82,12.92,84330.56
2025-12-14 23:00:00+00:00,12.92,12.97,12.73,12.88,191390.85
2025-12-15 00:00:00+00:00,12.88,12.98,12.85,12.96,123111.05
2025-12-15 01:00:00+00:00,12.95,13.15,12.94,13.12,131413.48
2025-12-15 02:00:00+00:00,13.11,13.27,13.1,13.1,112279.27
2025-12-15 03:00:00+00:00,13.11,13.14,13.06,13.08,71360.72
2025-12-15 04:00:00+00:00,13.09,13.19,13.08,13.17,110456.25
2025-12-15 05:00:00+00:00,13.18,13.25,13.16,13.21,58491.24
2025-12-15 06:00:00+00:00,13.22,13.32,13.17,13.26,100680.25
2025-12-15 07:00:00+00:00,13.27,13.33,13.15,13.2,144359.75
2025-12-15 08:00:00+00:00,13.19,13.24,13.17,13.2,67492.0
2025-12-15 09:00:00+00:00,13.2,13.25,13.19,13.22,64945.65
2025-12-15 10:00:00+00:00,13.23,13.35,13.2,13.29,114166.48
2025-12-15 11:00:00+00:00,13.29,13.3,13.2,13.22,56895.07
2025-12-15 12:00:00+00:00,13.23,13.23,13.17,13.2,43840.66
2025-12-15 13:00:00+00:00,13.2,13.2,13.08,13.1,103110.46
2025-12-15 14:00:00+00:00,13.1,13.21,12.78,12.87,316408.42
2025-12-15 15:00:00+00:00,12.87,12.87,12.43,12.5,687490.42
2025-12-15 16:00:00+00:00,12.5,12.54,12.37,12.44,311850.95
2025-12-15 17:00:00+00:00,12.43,12.46,12.29,12.32,164928.11
2025-12-15 18:00:00+00:00,12.32,12.39,12.2,12.38,180519.91
2025-12-15 19:00:00+00:00,12.39,12.48,12.36,12.4,119716.08
2025-12-15 20:00:00+00:00,12.39,12.4,12.25,12.32,153912.89
2025-12-15 21:00:00+00:00,12.32,12.36,12.29,12.36,70245.14
2025-12-15 22:00:00+00:00,12.36,12.36,12.31,12.36,78933.31
2025-12-15 23:00:00+00:00,12.36,12.38,12.32,12.34,116980.2
2025-12-16 00:00:00+00:00,12.35,12.36,12.2,12.2,117608.19
2025-12-16 01:00:00+00:00,12.21,12.31,12.17,12.28,89734.17
2025-12-16 02:00:00+00:00,12.29,12.34,12.22,12.27,63387.0
2025-12-16 03:00:00+00:00,12.26,12.28,12.19,12.27,62428.71
2025-12-16 04:00:00+00:00,12.27,12.28,12.05,12.21,127672.02
2025-12-16 05:00:00+00:00,12.21,12.24,12.18,12.21,50977.95
2025-12-16 06:00:00+00:00,12.2,12.34,12.2,12.33,73821.82
2025-12-16 07:00:00+00:00,12.33,12.34,12.17,12.19,75599.67
2025-12-16 08:00:00+00:00,12.2,12.25,12.16,12.18,86373.73
2025-12-16 09:00:00+00:00,12.18,12.2,12.14,12.18,42674.55
2025-12-16 10:00:00+00:00,12.18,12.4,12.15,12.33,184656.83
2025-12-16 11:00:00+00:00,12.33,12.37,12.3,12.35,145474.25
2025-12-16 12:00:00+00:00,12.35,12.37,12.24,12.24,98979.56
2025-12-16 13:00:00+00:00,12.24,12.4,11.95,12.0,543082.55
2025-12-16 14:00:00+00:00,12.0,12.27,11.91,12.18,417062.71
2025-12-16 15:00:00+00:00,12.19,12.37,12.09,12.35,243742.78
2025-12-16 16:00:00+00:00,12.35,12.38,12.25,12.3,190769.34
2025-12-16 17:00:00+00:00,12.29,12.35,12.17,12.17,102919.53
2025-12-16 18:00:00+00:00,12.18,12.36,12.14,12.31,163935.54
2025-12-16 19:00:00+00:00,12.31,12.34,12.19,12.28,129748.18
2025-12-16 20:00:00+00:00,12.28,12.38,12.27,12.31,94745.9
2025-12-16 21:00:00+00:00,12.31,12.35,12.27,12.32,71920.85
2025-12-16 22:00:00+00:00,12.33,12.36,12.29,12.31,55901.71
2025-12-16 23:00:00+00:00,12.31,12.36,12.3,12.35,80691.77
2025-12-17 00:00:00+00:00,12.34,12.35,12.3,12.32,53970.46
2025-12-17 01:00:00+00:00,12.32,12.39,12.3,12.33,59899.45
2025-12-17 02:00:00+00:00,12.32,12.37,12.28,12.34,51972.61
2025-12-17 03:00:00+00:00,12.33,12.38,12.29,12.3,51174.03
2025-12-17 04:00:00+00:00,12.3,12.32,12.18,12.2,133130.73
2025-12-17 05:00:00+00:00,12.2,12.2,12.07,12.18,117064.17
2025-12-17 06:00:00+00:00,12.18,12.25,12.17,12.2,69666.45
2025-12-17 07:00:00+00:00,12.21,12.27,12.19,12.22,81832.84
2025-12-17 08:00:00+00:00,12.22,12.22,12.13,12.14,64342.99
2025-12-17 09:00:00+00:00,12.13,12.14,12.08,12.1,51179.39
2025-12-17 10:00:00+00:00,12.09,12.13,12.05,12.09,54245.34
2025-12-17 11:00:00+00:00,12.09,12.19,12.08,12.18,47533.36
2025-12-17 12:00:00+00:00,12.18,12.21,12.12,12.18,65799.97
2025-12-17 13:00:00+00:00,12.17,12.31,12.14,12.29,107324.29
2025-12-17 14:00:00+00:00,12.29,12.48,12.07,12.46,463367.78
2025-12-17 15:00:00+00:00,12.46,12.66,12.11,12.15,914645.6
2025-12-17 16:00:00+00:00,12.15,12.24,11.84,12.01,527873.12
2025-12-17 17:00:00+00:00,12.0,12.07,11.89,11.9,178261.88
2025-12-17 18:00:00+00:00,11.91,12.0,11.78,11.8,167242.47
2025-12-17 19:00:00+00:00,11.8,11.89,11.69,11.89,380271.88
2025-12-17 20:00:00+00:00,11.88,11.98,11.82,11.9,140926.76
2025-12-17 21:00:00+00:00,11.89,11.93,11.81,11.83,83481.23
2025-12-17 22:00:00+00:00,11.83,11.91,11.78,11.89,76139.56
2025-12-17 23:00:00+00:00,11.88,11.88,11.8,11.87,48107.27
2025-12-18 00:00:00+00:00,11.86,11.87,11.81,11.82,44447.38
2025-12-18 01:00:00+00:00,11.81,11.82,11.72,11.74,70913.64
2025-12-18 02:00:00+00:00,11.74,11.89,11.72,11.84,73818.81
2025-12-18 03:00:00+00:00,11.84,11.84,11.69,11.74,77552.96
2025-12-18 04:00:00+00:00,11.75,11.79,11.73,11.76,53115.53
2025-12-18 05:00:00+00:00,11.76,11.77,11.65,11.68,77670.65
2025-12-18 06:00:00+00:00,11.68,11.76,11.67,11.74,70922.78
2025-12-18 07:00:00+00:00,11.74,11.8,11.71,11.76,68567.18
2025-12-18 08:00:00+00:00,11.76,11.81,11.73,11.75,92724.0
2025-12-18 09:00:00+00:00,11.74,11.78,11.68,11.74,107488.54
2025-12-18 10:00:00+00:00,11.74,11.79,11.71,11.76,49153.37
2025-12-18 11:00:00+00:00,11.77,11.77,11.69,11.73,51730.02
2025-12-18 12:00:00+00:00,11.73,11.82,11.69,11.76,101193.27
2025-12-18 13:00:00+00:00,11.77,12.21,11.76,12.17,491190.81
2025-12-18 14:00:00+00:00,12.18,12.32,12.04,12.14,611424.25
2025-12-18 15:00:00+00:00,12.14,12.3,12.02,12.18,301468.29
2025-12-18 16:00:00+00:00,12.19,12.2,12.04,12.11,98457.78
2025-12-18 17:00:00+00:00,12.12,12.12,11.41,11.66,1009884.16
2025-12-18 18:00:00+00:00,11.66,11.78,11.51,11.54,199630.88
2025-12-18 19:00:00+00:00,11.54,11.57,11.28,11.31,381913.06
2025-12-18 20:00:00+00:00,11.3,11.45,11.3,11.35,259206.48
2025-12-18 21:00:00+00:00,11.36,11.57,11.35,11.54,225629.68
2025-12-18 22:00:00+00:00,11.54,11.58,11.46,11.47,113795.84
2025-12-18 23:00:00+00:00,11.47,11.48,11.42,11.44,47086.85
2025-12-19 00:00:00+00:00,11.44,11.47,11.33,11.4,95122.51
2025-12-19 01:00:00+00:00,11.4,11.4,11.28,11.32,82484.37
2025-12-19 02:00:00+00:00,11.32,11.39,11.26,11.36,130892.13
2025-12-19 03:00:00+00:00,11.35,11.81,11.35,11.73,537227.68
2025-12-19 04:00:00+00:00,11.74,11.8,11.66,11.67,308890.14
2025-12-19 05:00:00+00:00,11.68,11.72,11.61,11.7,116258.65
2025-12-19 06:00:00+00:00,11.7,11.79,11.66,11.78,191576.84
2025-12-19 07:00:00+00:00,11.78,12.09,11.78,11.94,251274.85
2025-12-19 08:00:00+00:00,11.94,12.03,11.88,11.96,198388.39
2025-12-19 09:00:00+00:00,11.97,11.98,11.91,11.95,85947.72
2025-12-19 10:00:00+00:00,11.95,11.99,11.92,11.94,35368.55
2025-12-19 11:00:00+00:00,11.94,12.03,11.93,11.98,62515.97
2025-12-19 12:00:00+00:00,11.99,12.03,11.94,11.98,98758.12
2025-12-19 13:00:00+00:00,11.99,12.03,11.94,12.03,144529.22
2025-12-19 14:00:00+00:00,12.03,12.26,12.01,12.15,409565.22
2025-12-19 15:00:00+00:00,12.16,12.41,12.11,12.18,430653.08
2025-12-19 16:00:00+00:00,12.19,12.45,12.18,12.3,267452.25
2025-12-19 17:00:00+00:00,12.31,12.38,12.08,12.09,212853.0
2025-12-19 18:00:00+00:00,12.09,12.21,12.07,12.19,88755.08
2025-12-19 19:00:00+00:00,12.2,12.37,12.2,12.33,80495.85
2025-12-19 20:00:00+00:00,12.33,12.39,12.3,12.36,128401.08
2025-12-19 21:00:00+00:00,12.36,12.36,12.26,12.26,46359.26
2025-12-19 22:00:00+00:00,12.26,12.34,12.26,12.29,54939.26
2025-12-19 23:00:00+00:00,12.3,12.32,12.24,12.26,53388.15
2025-12-20 00:00:00+00:00,12.25,12.27,12.21,12.22,43425.9
2025-12-20 01:00:00+00:00,12.22,12.25,12.2,12.21,31652.48
2025-12-20 02:00:00+00:00,12.21,12.26,12.19,12.22,29188.94
2025-12-20 03:00:00+00:00,12.22,12.3,12.21,12.26,24706.47
2025-12-20 04:00:00+00:00,12.26,12.26,12.19,12.22,34503.19
2025-12-20 05:00:00+00:00,12.22,12.28,12.22,12.25,41428.67
2025-12-20 06:00:00+00:00,12.25,12.28,12.24,12.28,21172.27
2025-12-20 07:00:00+00:00,12.28,12.35,12.24,12.33,68578.6
2025-12-20 08:00:00+00:00,12.34,12.38,12.32,12.33,47023.74
2025-12-20 09:00:00+00:00,12.32,12.37,12.32,12.34,36004.52
2025-12-20 10:00:00+00:00,12.33,12.34,12.25,12.26,44835.62
2025-12-20 11:00:00+00:00,12.25,12.32,12.24,12.31,43609.61
2025-12-20 12:00:00+00:00,12.32,12.32,12.27,12.28,18239.27
2025-12-20 13:00:00+00:00,12.28,12.3,12.2,12.25,63833.7
2025-12-20 14:00:00+00:00,12.24,12.28,12.17,12.27,58001.38
2025-12-20 15:00:00+00:00,12.27,12.28,12.21,12.27,59558.39
2025-12-20 16:00:00+00:00,12.27,12.3,12.27,12.29,21398.22
2025-12-20 17:00:00+00:00,12.3,12.31,12.25,12.25,23826.41
2025-12-20 18:00:00+00:00,12.26,12.28,12.23,12.26,27054.71
2025-12-20 19:00:00+00:00,12.27,12.28,12.24,12.27,38064.62
2025-12-20 20:00:00+00:00,12.26,12.28,12.25,12.27,23162.2
2025-12-20 21:00:00+00:00,12.27,12.28,12.21,12.21,28781.64
2025-12-20 22:00:00+00:00,12.22,12.22,12.14,12.16,49801.68
2025-12-20 23:00:00+00:00,12.16,12.23,12.13,12.21,93194.36
2025-12-21 00:00:00+00:00,12.22,12.26,12.19,12.25,44399.28
2025-12-21 01:00:00+00:00,12.26,12.26,12.15,12.15,37662.21
2025-12-21 02:00:00+00:00,12.15,12.19,12.09,12.12,43853.05
2025-12-21 03:00:00+00:00,12.12,12.22,12.11,12.18,33036.16
2025-12-21 04:00:00+00:00,12.18,12.2,12.15,12.16,22198.91
2025-12-21 05:00:00+00:00,12.16,12.19,12.13,12.14,17015.3
2025-12-21 06:00:00+00:00,12.15,12.16,12.13,12.13,19339.86
2025-12-21 07:00:00+00:00,12.13,12.14,12.11,12.12,15044.71
2025-12-21 08:00:00+00:00,12.13,12.24,12.1,12.21,38705.21
2025-12-21 09:00:00+00:00,12.21,12.34,12.21,12.28,126985.49
2025-12-21 10:00:00+00:00,12.28,12.31,12.2,12.23,34914.87
2025-12-21 11:00:00+00:00,12.23,12.29,12.22,12.24,17961.14
2025-12-21 12:00:00+00:00,12.25,12.29,12.2,12.24,35030.13
2025-12-21 13:00:00+00:00,12.24,12.24,11.97,11.99,208710.45
2025-12-21 14:00:00+00:00,11.98,12.07,11.96,12.06,85580.41
2025-12-21 15:00:00+00:00,12.06,12.12,12.01,12.09,78646.19
2025-12-21 16:00:00+00:00,12.09,12.16,12.06,12.14,39599.75
2025-12-21 17:00:00+00:00,12.14,12.18,12.08,12.09,39328.11
2025-12-21 18:00:00+00:00,12.09,12.09,12.01,12.08,52598.89
2025-12-21 19:00:00+00:00,12.09,12.14,12.05,12.12,46504.19
2025-12-21 20:00:00+00:00,12.12,12.12,12.06,12.06,25040.59
2025-12-21 21:00:00+00:00,12.06,12.07,11.98,11.99,57299.76
2025-12-21 22:00:00+00:00,11.99,12.13,11.98,12.13,37529.54
2025-12-21 23:00:00+00:00,12.13,12.25,12.09,12.14,77082.51
2025-12-22 00:00:00+00:00,12.15,12.41,12.15,12.23,218788.33
2025-12-22 01:00:00+00:00,12.22,12.32,12.18,12.18,72912.85
2025-12-22 02:00:00+00:00,12.18,12.19,12.01,12.1,112074.14
2025-12-22 03:00:00+00:00,12.1,12.22,12.06,12.2,49995.03
2025-12-22 04:00:00+00:00,12.2,12.27,12.2,12.22,40833.4
2025-12-22 05:00:00+00:00,12.23,12.24,12.17,12.18,38508.93
2025-12-22 06:00:00+00:00,12.18,12.2,12.14,12.14,33432.22
2025-12-22 07:00:00+00:00,12.14,12.2,12.12,12.19,38920.41
2025-12-22 08:00:00+00:00,12.19,12.33,12.16,12.21,122334.07
2025-12-22 09:00:00+00:00,12.21,12.25,12.18,12.25,36875.15
2025-12-22 10:00:00+00:00,12.25,12.3,12.22,12.28,64169.34
2025-12-22 11:00:00+00:00,12.29,12.39,12.25,12.37,236215.91
2025-12-22 12:00:00+00:00,12.37,12.44,12.34,12.37,131952.17
2025-12-22 13:00:00+00:00,12.38,12.38,12.33,12.37,71013.36
2025-12-22 14:00:00+00:00,12.37,12.42,12.3,12.36,227154.35
2025-12-22 15:00:00+00:00,12.37,12.44,12.27,12.37,169540.07
2025-12-22 16:00:00+00:00,12.37,12.41,12.34,12.37,76528.12
2025-12-22 17:00:00+00:00,12.36,12.38,12.31,12.37,44382.73
2025-12-22 18:00:00+00:00,12.38,12.4,12.33,12.35,86950.88
2025-12-22 19:00:00+00:00,12.34,12.35,12.12,12.15,169568.97
2025-12-22 20:00:00+00:00,12.14,12.2,12.08,12.17,119019.55
2025-12-22 21:00:00+00:00,12.18,12.37,12.17,12.34,269859.81
2025-12-22 22:00:00+00:00,12.34,12.42,12.29,12.41,510437.09
2025-12-22 23:00:00+00:00,12.42,12.45,12.35,12.42,194548.9
2025-12-23 00:00:00+00:00,12.42,12.55,12.39,12.47,169528.86
2025-12-23 01:00:00+00:00,12.47,12.53,12.42,12.46,168304.29
2025-12-23 02:00:00+00:00,12.45,12.5,12.39,12.39,123131.55
2025-12-23 03:00:00+00:00,12.39,12.44,12.34,12.41,64408.82
2025-12-23 04:00:00+00:00,12.4,12.43,12.33,12.34,66843.46
2025-12-23 05:00:00+00:00,12.34,12.36,12.25,12.3,125215.44
2025-12-23 06:00:00+00:00,12.3,12.31,12.12,12.21,101682.32
2025-12-23 07:00:00+00:00,12.2,12.23,12.16,12.19,56395.42
2025-12-23 08:00:00+00:00,12.19,12.29,12.18,12.19,44903.1
2025-12-23 09:00:00+00:00,12.19,12.24,12.16,12.19,52720.15
2025-12-23 10:00:00+00:00,12.19,12.26,12.19,12.23,29774.81
2025-12-23 11:00:00+00:00,12.23,12.33,12.22,12.29,60430.41
2025-12-23 12:00:00+00:00,12.3,12.3,12.16,12.17,64611.9
2025-12-23 13:00:00+00:00,12.17,12.22,12.02,12.08,196842.11
2025-12-23 14:00:00+00:00,12.07,12.11,11.84,11.95,313045.04
2025-12-23 15:00:00+00:00,11.94,12.0,11.89,11.96,241308.44
2025-12-23 16:00:00+00:00,11.96,12.08,11.91,12.06,113905.02
2025-12-23 17:00:00+00:00,12.05,12.11,11.96,11.97,84135.95
2025-12-23 18:00:00+00:00,11.97,12.17,11.97,12.14,97431.06
2025-12-23 19:00:00+00:00,12.15,12.19,12.08,12.12,63541.59
2025-12-23 20:00:00+00:00,12.12,12.33,12.08,12.27,172137.99
2025-12-23 21:00:00+00:00,12.27,12.33,12.22,12.23,89374.02
2025-12-23 22:00:00+00:00,12.24,12.29,12.16,12.18,77557.46
2025-12-23 23:00:00+00:00,12.18,12.2,12.12,12.18,90574.36
2025-12-24 00:00:00+00:00,12.18,12.21,12.12,12.19,86036.26
2025-12-24 01:00:00+00:00,12.19,12.23,12.14,12.15,42257.51
2025-12-24 02:00:00+00:00,12.15,12.16,11.98,12.0,75614.28
2025-12-24 03:00:00+00:00,12.0,12.09,11.96,12.07,44868.25
2025-12-24 04:00:00+00:00,12.07,12.14,12.01,12.02,29093.33
2025-12-24 05:00:00+00:00,12.02,12.07,11.97,11.98,52840.37
2025-12-24 06:00:00+00:00,11.98,12.02,11.94,12.0,40441.8
2025-12-24 07:00:00+00:00,12.0,12.03,11.98,11.98,34663.45
2025-12-24 08:00:00+00:00,11.99,12.07,11.97,12.0,37846.89
2025-12-24 09:00:00+00:00,12.0,12.06,12.0,12.01,32373.71
2025-12-24 10:00:00+00:00,12.01,12.11,12.01,12.06,34911.82
2025-12-24 11:00:00+00:00,12.07,12.14,12.06,12.11,51743.38
2025-12-24 12:00:00+00:00,12.11,12.14,12.08,12.14,24609.77
2025-12-24 13:00:00+00:00,12.14,12.14,12.04,12.06,30752.18
2025-12-24 14:00:00+00:00,12.06,12.09,11.89,11.98,123920.77
2025-12-24 15:00:00+00:00,11.98,12.04,11.9,12.0,163291.55
2025-12-24 16:00:00+00:00,12.01,12.09,11.94,11.97,203540.9
2025-12-24 17:00:00+00:00,11.97,12.02,11.91,11.92,111243.13
2025-12-24 18:00:00+00:00,11.92,12.01,11.9,11.99,93944.93
2025-12-24 19:00:00+00:00,11.99,12.05,11.97,12.03,45164.44
2025-12-24 20:00:00+00:00,12.03,12.07,12.02,12.05,52258.06
2025-12-24 21:00:00+00:00,12.05,12.08,12.03,12.07,46167.78
2025-12-24 22:00:00+00:00,12.07,12.13,12.06,12.13,70371.05
2025-12-24 23:00:00+00:00,12.12,12.15,12.09,12.1,79880.21
2025-12-25 00:00:00+00:00,12.11,12.11,12.05,12.06,39240.72
2025-12-25 01:00:00+00:00,12.06,12.12,12.05,12.11,28388.27
2025-12-25 02:00:00+00:00,12.11,12.19,12.07,12.18,70747.19
2025-12-25 03:00:00+00:00,12.19,12.22,12.12,12.16,126562.72
2025-12-25 04:00:00+00:00,12.16,12.21,12.14,12.19,94219.06
2025-12-25 05:00:00+00:00,12.19,12.2,12.14,12.17,42842.5
2025-12-25 06:00:00+00:00,12.18,12.21,12.16,12.21,53375.15
2025-12-25 07:00:00+00:00,12.21,12.27,12.18,12.25,49624.16
2025-12-25 08:00:00+00:00,12.25,12.35,12.19,12.26,171204.67
2025-12-25 09:00:00+00:00,12.27,12.3,12.23,12.28,74638.32
2025-12-25 10:00:00+00:00,12.28,12.28,12.11,12.13,94803.81
2025-12-25 11:00:00+00:00,12.13,12.21,12.13,12.15,42533.09
2025-12-25 12:00:00+00:00,12.15,12.2,12.15,12.2,31104.29
2025-12-25 13:00:00+00:00,12.2,12.27,12.19,12.24,68153.98
2025-12-25 14:00:00+00:00,12.24,12.26,12.15,12.21,61399.22
2025-12-25 15:00:00+00:00,12.22,12.4,12.18,12.35,219232.44
2025-12-25 16:00:00+00:00,12.35,12.45,12.34,12.41,250311.05
2025-12-25 17:00:00+00:00,12.41,12.43,12.37,12.4,73294.14
2025-12-25 18:00:00+00:00,12.4,12.55,12.39,12.48,205302.91
2025-12-25 19:00:00+00:00,12.47,12.5,12.43,12.47,58742.93
2025-12-25 20:00:00+00:00,12.48,12.5,12.4,12.43,60423.52
2025-12-25 21:00:00+00:00,12.44,12.44,12.4,12.42,26560.3
2025-12-25 22:00:00+00:00,12.42,12.43,12.25,12.32,91074.43
2025-12-25 23:00:00+00:00,12.32,12.33,12.06,12.09,227758.58
2025-12-26 00:00:00+00:00,12.09,12.13,12.03,12.12,161893.62
2025-12-26 01:00:00+00:00,12.12,12.35,12.11,12.34,112243.27
2025-12-26 02:00:00+00:00,12.34,12.62,12.33,12.51,503387.89
2025-12-26 03:00:00+00:00,12.52,12.54,12.46,12.52,86375.99
2025-12-26 04:00:00+00:00,12.53,12.58,12.5,12.52,81559.23
2025-12-26 05:00:00+00:00,12.52,12.52,12.47,12.51,49435.03
2025-12-26 06:00:00+00:00,12.51,12.52,12.46,12.49,35392.6
2025-12-26 07:00:00+00:00,12.49,12.52,12.4,12.41,75184.17
2025-12-26 08:00:00+00:00,12.41,12.46,12.4,12.45,27628.64
2025-12-26 09:00:00+00:00,12.46,12.5,12.42,12.5,42926.04
2025-12-26 10:00:00+00:00,12.49,12.5,12.46,12.47,35611.76
2025-12-26 11:00:00+00:00,12.47,12.49,12.45,12.45,17975.99
2025-12-26 12:00:00+00:00,12.45,12.48,12.43,12.45,19564.72
2025-12-26 13:00:00+00:00,12.46,12.5,12.43,12.48,49961.94
2025-12-26 14:00:00+00:00,12.48,12.48,12.26,12.29,196051.3
2025-12-26 15:00:00+00:00,12.29,12.29,12.14,12.24,229285.32
2025-12-26 16:00:00+00:00,12.24,12.3,12.2,12.2,52130.83
2025-12-26 17:00:00+00:00,12.21,12.33,12.17,12.31,61804.76
2025-12-26 18:00:00+00:00,12.31,12.36,12.31,12.34,31601.15
2025-12-26 19:00:00+00:00,12.35,12.39,12.32,12.38,63414.16
2025-12-26 20:00:00+00:00,12.38,12.4,12.35,12.35,27510.07
2025-12-26 21:00:00+00:00,12.36,12.39,12.34,12.36,37313.02
2025-12-26 22:00:00+00:00,12.35,12.37,12.32,12.34,58367.97
2025-12-26 23:00:00+00:00,12.34,12.36,12.33,12.34,51006.69
2025-12-27 00:00:00+00:00,12.34,12.4,12.33,12.37,60645.78
2025-12-27 01:00:00+00:00,12.38,12.38,12.33,12.36,23153.92
2025-12-27 02:00:00+00:00,12.37,12.37,12.34,12.36,11340.4
2025-12-27 03:00:00+00:00,12.36,12.42,12.33,12.42,40186.86
2025-12-27 04:00:00+00:00,12.42,12.43,12.38,12.4,15495.46
2025-12-27 05:00:00+00:00,12.39,12.45,12.39,12.44,49329.03
2025-12-27 06:00:00+00:00,12.44,12.45,12.4,12.42,25871.3
2025-12-27 07:00:00+00:00,12.42,12.47,12.41,12.46,66930.85
2025-12-27 08:00:00+00:00,12.45,12.49,12.44,12.47,37178.62
2025-12-27 09:00:00+00:00,12.46,12.48,12.42,12.43,40237.29
2025-12-27 10:00:00+00:00,12.42,12.45,12.39,12.45,32277.63
2025-12-27 11:00:00+00:00,12.44,12.48,12.43,12.47,57425.08
2025-12-27 12:00:00+00:00,12.47,12.5,12.46,12.49,59337.16
2025-12-27 13:00:00+00:00,12.49,12.49,12.44,12.49,35615.66
2025-12-27 14:00:00+00:00,12.49,12.54,12.48,12.51,124066.63
2025-12-27 15:00:00+00:00,12.52,12.58,12.5,12.55,128471.7
2025-12-27 16:00:00+00:00,12.56,12.61,12.55,12.58,135287.94
2025-12-27 17:00:00+00:00,12.57,12.59,12.54,12.57,51120.69
2025-12-27 18:00:00+00:00,12.57,12.58,12.5,12.53,27200.14
2025-12-27 19:00:00+00:00,12.53,12.55,12.51,12.53,24413.08
2025-12-27 20:00:00+00:00,12.53,12.58,12.53,12.54,28211.16
2025-12-27 21:00:00+00:00,12.54,12.7,12.54,12.6,78470.11
2025-12-27 22:00:00+00:00,12.61,12.66,12.54,12.57,67641.31
2025-12-27 23:00:00+00:00,12.58,12.8,12.56,12.69,182813.08
2025-12-28 00:00:00+00:00,12.7,12.76,12.7,12.74,143764.71
2025-12-28 01:00:00+00:00,12.75,12.79,12.73,12.77,133826.83
2025-12-28 02:00:00+00:00,12.76,12.9,12.76,12.79,282433.36
2025-12-28 03:00:00+00:00,12.78,12.83,12.75,12.79,104010.37
2025-12-28 04:00:00+00:00,12.79,12.85,12.78,12.8,58301.46
2025-12-28 05:00:00+00:00,12.8,12.83,12.78,12.81,36372.49
2025-12-28 06:00:00+00:00,12.81,12.85,12.8,12.83,37773.55
2025-12-28 07:00:00+00:00,12.83,12.85,12.76,12.79,65159.08
2025-12-28 08:00:00+00:00,12.79,12.86,12.79,12.82,39772.81
2025-12-28 09:00:00+00:00,12.81,12.82,12.74,12.75,35210.06
2025-12-28 10:00:00+00:00,12.75,12.79,12.74,12.75,19383.54
2025-12-28 11:00:00+00:00,12.76,12.77,12.67,12.69,71959.14
2025-12-28 12:00:00+00:00,12.69,12.7,12.58,12.68,125278.13
2025-12-28 13:00:00+00:00,12.68,12.7,12.65,12.67,59022.11
2025-12-28 14:00:00+00:00,12.67,12.77,12.65,12.74,61775.15
2025-12-28 15:00:00+00:00,12.74,12.77,12.71,12.73,35430.33
2025-12-28 16:00:00+00:00,12.74,12.75,12.68,12.7,34981.91
2025-12-28 17:00:00+00:00,12.7,12.73,12.67,12.68,20312.49
2025-12-28 18:00:00+00:00,12.68,12.69,12.58,12.59,120016.03
2025-12-28 19:00:00+00:00,12.59,12.64,12.57,12.58,55141.74
2025-12-28 20:00:00+00:00,12.59,12.59,12.53,12.55,50718.28
2025-12-28 21:00:00+00:00,12.55,12.58,12.53,12.56,26042.84
2025-12-28 22:00:00+00:00,12.57,12.65,12.55,12.63,49637.79
2025-12-28 23:00:00+00:00,12.63,12.66,12.58,12.64,39127.68
2025-12-29 00:00:00+00:00,12.64,12.77,12.62,12.74,132460.99
2025-12-29 01:00:00+00:00,12.75,12.84,12.63,12.78,116724.62
2025-12-29 02:00:00+00:00,12.79,12.96,12.78,12.86,185651.13
2025-12-29 03:00:00+00:00,12.87,13.12,12.85,13.08,240159.15
2025-12-29 04:00:00+00:00,13.09,13.2,13.05,13.09,272290.82
2025-12-29 05:00:00+00:00,13.09,13.13,13.02,13.05,133691.42
2025-12-29 06:00:00+00:00,13.05,13.11,13.02,13.04,70765.61
2025-12-29 07:00:00+00:00,13.05,13.06,12.92,13.01,182755.1
2025-12-29 08:00:00+00:00,13.02,13.06,12.89,12.91,459747.36
2025-12-29 09:00:00+00:00,12.9,12.9,12.67,12.72,215479.59
2025-12-29 10:00:00+00:00,12.72,12.78,12.71,12.74,91961.31
2025-12-29 11:00:00+00:00,12.73,12.75,12.71,12.73,68663.66
2025-12-29 12:00:00+00:00,12.72,12.73,12.46,12.6,383752.87
2025-12-29 13:00:00+00:00,12.6,12.61,12.53,12.58,54255.94
2025-12-29 14:00:00+00:00,12.57,12.7,12.53,12.59,223598.4
2025-12-29 15:00:00+00:00,12.59,12.73,12.57,12.7,119517.75
2025-12-29 16:00:00+00:00,12.7,12.72,12.59,12.62,83067.5
2025-12-29 17:00:00+00:00,12.62,12.66,12.57,12.64,57118.21
2025-12-29 18:00:00+00:00,12.64,12.66,12.53,12.55,62221.14
2025-12-29 19:00:00+00:00,12.54,12.6,12.49,12.5,53859.79
2025-12-29 20:00:00+00:00,12.5,12.53,12.35,12.42,227904.22
2025-12-29 21:00:00+00:00,12.42,12.47,12.41,12.44,47177.22
2025-12-29 22:00:00+00:00,12.44,12.45,12.37,12.44,57984.39
2025-12-29 23:00:00+00:00,12.44,12.44,12.36,12.38,50223.73
2025-12-30 00:00:00+00:00,12.37,12.4,12.36,12.39,36766.91
2025-12-30 01:00:00+00:00,12.38,12.42,12.35,12.38,26387.58
2025-12-30 02:00:00+00:00,12.38,12.39,12.35,12.37,40010.68
2025-12-30 03:00:00+00:00,12.37,12.43,12.33,12.4,65967.57
2025-12-30 04:00:00+00:00,12.41,12.45,12.39,12.4,45682.7
2025-12-30 05:00:00+00:00,12.4,12.41,12.36,12.39,22287.17
2025-12-30 06:00:00+00:00,12.39,12.46,12.38,12.44,33710.51
2025-12-30 07:00:00+00:00,12.44,12.46,12.41,12.43,48349.58
2025-12-30 08:00:00+00:00,12.43,12.56,12.43,12.52,116733.87
2025-12-30 09:00:00+00:00,12.52,12.54,12.48,12.53,44384.55
2025-12-30 10:00:00+00:00,12.53,12.54,12.48,12.49,26716.72
2025-12-30 11:00:00+00:00,12.48,12.52,12.48,12.51,24007.51
2025-12-30 12:00:00+00:00,12.51,12.54,12.49,12.5,22880.89
2025-12-30 13:00:00+00:00,12.49,12.55,12.49,12.53,26348.21
2025-12-30 14:00:00+00:00,12.52,12.6,12.44,12.56,131154.61
2025-12-30 15:00:00+00:00,12.56,12.59,12.49,12.59,58736.42
2025-12-30 16:00:00+00:00,12.59,12.64,12.53,12.56,96677.14
2025-12-30 17:00:00+00:00,12.57,12.62,12.52,12.56,64069.9
2025-12-30 18:00:00+00:00,12.55,12.57,12.51,12.53,101928.66
2025-12-30 19:00:00+00:00,12.52,12.53,12.45,12.5,207393.66
2025-12-30 20:00:00+00:00,12.49,12.51,12.45,12.49,175276.0
2025-12-30 21:00:00+00:00,12.48,12.54,12.47,12.52,75880.7
2025-12-30 22:00:00+00:00,12.52,12.6,12.52,12.57,146153.45
2025-12-30 23:00:00+00:00,12.57,12.59,12.55,12.58,44776.44
2025-12-31 00:00:00+00:00,12.58,12.59,12.5,12.55,57480.94
2025-12-31 01:00:00+00:00,12.55,12.72,12.54,12.66,155606.57
2025-12-31 02:00:00+00:00,12.65,12.67,12.6,12.64,41597.61
2025-12-31 03:00:00+00:00,12.63,12.65,12.58,12.59,50287.18
2025-12-31 04:00:00+00:00,12.59,12.63,12.59,12.59,28028.95
2025-12-31 05:00:00+00:00,12.6,12.62,12.55,12.56,36422.66
2025-12-31 06:00:00+00:00,12.55,12.58,12.54,12.56,19257.79
2025-12-31 07:00:00+00:00,12.57,12.57,12.51,12.54,29131.71
2025-12-31 08:00:00+00:00,12.55,12.57,12.48,12.48,56516.88
2025-12-31 09:00:00+00:00,12.48,12.52,12.47,12.5,39358.73
2025-12-31 10:00:00+00:00,12.51,12.52,12.49,12.5,32959.25
2025-12-31 11:00:00+00:00,12.5,12.58,12.49,12.58,54342.93
2025-12-31 12:00:00+00:00,12.58,12.6,12.53,12.56,66438.73
2025-12-31 13:00:00+00:00,12.55,12.6,12.54,12.57,38507.38
2025-12-31 14:00:00+00:00,12.57,12.67,12.52,12.55,117685.55
2025-12-31 15:00:00+00:00,12.54,12.55,12.43,12.47,116813.72
2025-12-31 16:00:00+00:00,12.47,12.47,12.21,12.33,370695.47
2025-12-31 17:00:00+00:00,12.33,12.37,12.31,12.34,112513.13
2025-12-31 18:00:00+00:00,12.34,12.4,12.32,12.34,99668.81
2025-12-31 19:00:00+00:00,12.34,12.37,12.31,12.32,65015.93
2025-12-31 20:00:00+00:00,12.32,12.38,12.26,12.35,84942.48
2025-12-31 21:00:00+00:00,12.36,12.4,12.35,12.35,51953.2
2025-12-31 22:00:00+00:00,12.36,12.38,12.33,12.36,57484.22
2025-12-31 23:00:00+00:00,12.35,12.36,12.31,12.32,29809.63
2026-01-01 00:00:00+00:00,12.32,12.37,12.31,12.34,42495.47
2026-01-01 01:00:00+00:00,12.33,12.38,12.31,12.33,35475.75
2026-01-01 02:00:00+00:00,12.33,12.34,12.31,12.31,28773.39
2026-01-01 03:00:00+00:00,12.32,12.34,12.28,12.28,37668.9
2026-01-01 04:00:00+00:00,12.28,12.29,12.23,12.24,44398.38
2026-01-01 05:00:00+00:00,12.25,12.3,12.24,12.26,22126.08
2026-01-01 06:00:00+00:00,12.27,12.3,12.25,12.27,19615.75
2026-01-01 07:00:00+00:00,12.28,12.3,12.26,12.28,29120.27
2026-01-01 08:00:00+00:00,12.28,12.31,12.27,12.31,22339.73
2026-01-01 09:00:00+00:00,12.32,12.37,12.31,12.34,45503.62
2026-01-01 10:00:00+00:00,12.35,12.36,12.33,12.34,18191.11
2026-01-01 11:00:00+00:00,12.34,12.38,12.34,12.37,31731.86
2026-01-01 12:00:00+00:00,12.38,12.39,12.34,12.36,31179.58
2026-01-01 13:00:00+00:00,12.36,12.43,12.35,12.41,45305.18
2026-01-01 14:00:00+00:00,12.42,12.45,12.4,12.42,56735.01
2026-01-01 15:00:00+00:00,12.43,12.56,12.41,12.52,285355.0
2026-01-01 16:00:00+00:00,12.53,12.6,12.49,12.57,198480.27
2026-01-01 17:00:00+00:00,12.56,12.7,12.56,12.68,258776.68
2026-01-01 18:00:00+00:00,12.69,12.99,12.69,12.94,601817.69
2026-01-01 19:00:00+00:00,12.95,13.58,12.94,13.55,1130335.92
2026-01-01 20:00:00+00:00,13.55,13.69,13.42,13.44,804100.69
2026-01-01 21:00:00+00:00,13.44,13.58,13.39,13.57,266693.26
2026-01-01 22:00:00+00:00,13.57,13.66,13.51,13.66,166525.3
2026-01-01 23:00:00+00:00,13.66,13.69,13.54,13.59,180634.93
2026-01-02 00:00:00+00:00,13.59,13.68,13.51,13.64,160521.95
2026-01-02 01:00:00+00:00,13.63,13.64,13.51,13.61,91046.86
2026-01-02 02:00:00+00:00,13.62,13.86,13.54,13.75,315996.91
2026-01-02 03:00:00+00:00,13.75,13.82,13.66,13.73,197707.46
2026-01-02 04:00:00+00:00,13.74,13.75,13.56,13.56,95434.62
2026-01-02 05:00:00+00:00,13.56,13.65,13.52,13.61,112255.88
2026-01-02 06:00:00+00:00,13.61,13.63,13.53,13.53,66859.23
2026-01-02 07:00:00+00:00,13.53,13.56,13.38,13.4,113660.72
2026-01-02 08:00:00+00:00,13.39,13.49,13.38,13.44,94624.92
2026-01-02 09:00:00+00:00,13.45,13.59,13.42,13.53,159408.99
2026-01-02 10:00:00+00:00,13.54,13.57,13.49,13.54,120450.35
2026-01-02 11:00:00+00:00,13.54,13.55,13.34,13.39,111230.54
2026-01-02 12:00:00+00:00,13.39,13.47,13.35,13.42,70629.58
2026-01-02 13:00:00+00:00,13.42,13.44,13.36,13.38,49482.16
2026-01-02 14:00:00+00:00,13.38,13.44,13.09,13.29,302506.39
2026-01-02 15:00:00+00:00,13.28,13.34,13.1,13.29,261678.52
2026-01-02 16:00:00+00:00,13.3,13.53,13.28,13.5,208508.98
2026-01-02 17:00:00+00:00,13.5,13.64,13.49,13.6,160691.55
2026-01-02 18:00:00+00:00,13.6,13.65,13.49,13.56,98167.27
2026-01-02 19:00:00+00:00,13.56,13.67,13.54,13.65,81528.85
2026-01-02 20:00:00+00:00,13.65,13.69,13.56,13.61,66316.52
2026-01-02 21:00:00+00:00,13.61,13.86,13.6,13.85,114242.09
2026-01-02 22:00:00+00:00,13.86,13.98,13.79,13.83,167567.4
2026-01-02 23:00:00+00:00,13.83,13.84,13.75,13.82,55979.4
2026-01-03 00:00:00+00:00,13.82,14.01,13.81,13.9,166538.14
2026-01-03 01:00:00+00:00,13.9,13.94,13.81,13.86,90516.38
2026-01-03 02:00:00+00:00,13.86,13.99,13.79,13.94,93474.15
2026-01-03 03:00:00+00:00,13.93,14.29,13.91,14.26,538918.95
2026-01-03 04:00:00+00:00,14.26,14.28,14.06,14.12,130887.44
2026-01-03 05:00:00+00:00,14.12,14.14,13.94,13.98,101128.53
2026-01-03 06:00:00+00:00,13.99,14.09,13.87,13.88,168122.77
2026-01-03 07:00:00+00:00,13.89,13.91,13.67,13.73,207388.94
2026-01-03 08:00:00+00:00,13.72,13.88,13.71,13.83,81139.14
2026-01-03 09:00:00+00:00,13.83,14.01,13.79,13.94,75773.93
2026-01-03 10:00:00+00:00,13.94,14.01,13.9,13.96,67099.83
2026-01-03 11:00:00+00:00,13.96,13.99,13.91,13.99,36757.24
2026-01-03 12:00:00+00:00,13.98,14.4,13.95,14.16,283043.1
2026-01-03 13:00:00+00:00,14.15,14.16,14.03,14.07,170549.63
2026-01-03 14:00:00+00:00,14.07,14.11,13.97,13.98,124704.0
2026-01-03 15:00:00+00:00,13.99,13.99,13.83,13.86,71224.91
2026-01-03 16:00:00+00:00,13.87,13.98,13.79,13.91,107214.07
2026-01-03 17:00:00+00:00,13.91,13.97,13.89,13.9,80344.17
2026-01-03 18:00:00+00:00,13.89,13.93,13.85,13.88,46078.87
2026-01-03 19:00:00+00:00,13.89,13.89,13.83,13.85,30407.11
2026-01-03 20:00:00+00:00,13.86,13.92,13.8,13.89,61823.12
2026-01-03 21:00:00+00:00,13.88,13.96,13.86,13.91,57561.3
2026-01-03 22:00:00+00:00,13.91,14.0,13.88,13.98,42412.0
2026-01-03 23:00:00+00:00,13.97,14.02,13.93,13.99,75081.03
2026-01-04 00:00:00+00:00,13.98,14.09,13.96,14.01,136742.41
2026-01-04 01:00:00+00:00,14.02,14.03,13.9,13.96,63713.13
2026-01-04 02:00:00+00:00,13.96,13.99,13.9,13.92,42878.67
2026-01-04 03:00:00+00:00,13.93,14.04,13.92,14.01,75995.66
2026-01-04 04:00:00+00:00,14.01,14.07,13.99,14.0,65615.01
2026-01-04 05:00:00+00:00,14.0,14.04,13.95,14.03,31643.27
2026-01-04 06:00:00+00:00,14.04,14.14,13.95,14.0,141170.95
2026-01-04 07:00:00+00:00,14.01,14.1,13.99,14.05,69563.63
2026-01-04 08:00:00+00:00,14.04,14.05,13.97,14.03,66728.29
2026-01-04 09:00:00+00:00,14.03,14.1,13.98,14.07,94085.51
2026-01-04 10:00:00+00:00,14.08,14.1,14.01,14.03,54064.77
2026-01-04 11:00:00+00:00,14.03,14.1,14.0,14.08,63927.79
2026-01-04 12:00:00+00:00,14.07,14.17,14.04,14.07,76911.59
2026-01-04 13:00:00+00:00,14.07,14.22,14.04,14.2,130531.75
2026-01-04 14:00:00+00:00,14.2,14.2,14.01,14.12,86280.24
2026-01-04 15:00:00+00:00,14.12,14.2,14.07,14.19,65094.23
2026-01-04 16:00:00+00:00,14.19,14.29,14.16,14.24,83118.74
2026-01-04 17:00:00+00:00,14.24,14.3,14.18,14.21,101909.71
2026-01-04 18:00:00+00:00,14.21,14.21,14.04,14.16,74094.96
2026-01-04 19:00:00+00:00,14.15,14.16,14.0,14.14,83083.37
2026-01-04 20:00:00+00:00,14.14,14.24,14.12,14.19,47372.08
2026-01-04 21:00:00+00:00,14.18,14.49,14.14,14.39,307579.52
2026-01-04 22:00:00+00:00,14.4,14.47,14.23,14.27,149051.01
2026-01-04 23:00:00+00:00,14.28,14.38,14.21,14.25,56405.65
2026-01-05 00:00:00+00:00,14.25,14.35,14.21,14.31,129823.18
2026-01-05 01:00:00+00:00,14.31,14.53,14.26,14.44,174971.64
2026-01-05 02:00:00+00:00,14.45,14.52,14.3,14.41,150637.18
2026-01-05 03:00:00+00:00,14.42,14.5,14.33,14.39,61111.22
2026-01-05 04:00:00+00:00,14.39,14.41,14.09,14.17,132234.24
2026-01-05 05:00:00+00:00,14.18,14.24,14.11,14.13,91710.98
2026-01-05 06:00:00+00:00,14.12,14.27,14.08,14.26,84419.9
2026-01-05 07:00:00+00:00,14.27,14.33,14.2,14.28,100233.32
2026-01-05 08:00:00+00:00,14.27,14.37,14.23,14.24,73038.72
2026-01-05 09:00:00+00:00,14.23,14.25,14.14,14.17,72931.42
2026-01-05 10:00:00+00:00,14.17,14.36,14.17,14.21,73041.17
2026-01-05 11:00:00+00:00,14.21,14.22,14.13,14.2,94609.75
2026-01-05 12:00:00+00:00,14.21,14.21,14.11,14.17,58675.6
2026-01-05 13:00:00+00:00,14.16,14.22,14.03,14.09,185528.21
2026-01-05 14:00:00+00:00,14.09,14.26,14.03,14.18,130294.5
2026-01-05 15:00:00+00:00,14.19,14.29,14.08,14.19,170949.42
2026-01-05 16:00:00+00:00,14.18,14.18,14.04,14.13,202555.53
2026-01-05 17:00:00+00:00,14.13,14.24,13.91,14.21,208653.85
2026-01-05 18:00:00+00:00,14.21,14.3,14.14,14.28,128726.18
2026-01-05 19:00:00+00:00,14.28,14.36,14.24,14.27,119166.89
2026-01-05 20:00:00+00:00,14.28,14.47,14.25,14.42,139566.54
2026-01-05 21:00:00+00:00,14.42,14.51,14.38,14.46,156606.85
2026-01-05 22:00:00+00:00,14.46,14.72,14.44,14.55,259081.46
2026-01-05 23:00:00+00:00,14.56,14.59,14.45,14.45,64234.77
2026-01-06 00:00:00+00:00,14.46,14.51,14.33,14.49,117616.16
2026-01-06 01:00:00+00:00,14.49,14.75,14.39,14.41,141709.77
2026-01-06 02:00:00+00:00,14.4,14.45,14.25,14.3,86780.28
2026-01-06 03:00:00+00:00,14.29,14.47,14.29,14.42,76184.01
2026-01-06 04:00:00+00:00,14.43,14.52,14.42,14.44,59591.82
2026-01-06 05:00:00+00:00,14.44,14.47,14.36,14.37,60294.97
2026-01-06 06:00:00+00:00,14.37,14.57,14.31,14.5,105251.59
2026-01-06 07:00:00+00:00,14.5,14.51,14.24,14.28,96279.47
2026-01-06 08:00:00+00:00,14.28,14.34,14.25,14.27,45619.37
2026-01-06 09:00:00+00:00,14.27,14.45,14.26,14.4,54528.74
2026-01-06 10:00:00+00:00,14.39,14.5,14.38,14.46,63576.96
2026-01-06 11:00:00+00:00,14.45,14.53,14.43,14.53,49977.92
2026-01-06 12:00:00+00:00,14.53,14.65,14.49,14.63,105763.66
2026-01-06 13:00:00+00:00,14.62,14.7,14.57,14.6,67875.74
2026-01-06 14:00:00+00:00,14.59,14.83,14.57,14.65,330069.5
2026-01-06 15:00:00+00:00,14.64,14.7,14.42,14.53,293905.56
2026-01-06 16:00:00+00:00,14.53,14.61,14.42,14.51,404222.56
2026-01-06 17:00:00+00:00,14.5,14.54,14.3,14.35,415809.03
2026-01-06 18:00:00+00:00,14.35,14.56,14.28,14.49,275828.85
2026-01-06 19:00:00+00:00,14.5,14.53,14.48,14.48,55992.25
2026-01-06 20:00:00+00:00,14.48,14.55,14.45,14.48,110244.99
2026-01-06 21:00:00+00:00,14.49,14.78,14.46,14.55,237795.45
2026-01-06 22:00:00+00:00,14.55,14.6,14.48,14.51,84827.59
2026-01-06 23:00:00+00:00,14.51,14.63,14.51,14.59,76672.04
2026-01-07 00:00:00+00:00,14.6,14.6,14.46,14.48,95266.49
2026-01-07 01:00:00+00:00,14.48,14.52,14.4,14.47,121076.91
2026-01-07 02:00:00+00:00,14.47,14.52,14.46,14.5,42320.64
2026-01-07 03:00:00+00:00,14.51,14.53,14.47,14.48,23694.59
2026-01-07 04:00:00+00:00,14.48,14.51,14.42,14.47,100232.01
2026-01-07 05:00:00+00:00,14.47,14.51,14.46,14.46,50942.09
2026-01-07 06:00:00+00:00,14.47,14.52,14.46,14.48,29282.29
2026-01-07 07:00:00+00:00,14.48,14.54,14.47,14.52,38633.46
2026-01-07 08:00:00+00:00,14.52,14.56,14.49,14.51,61840.61
2026-01-07 09:00:00+00:00,14.51,14.51,14.42,14.46,184215.25
2026-01-07 10:00:00+00:00,14.46,14.52,14.44,14.49,49182.94
2026-01-07 11:00:00+00:00,14.49,14.53,14.48,14.49,54237.93
2026-01-07 12:00:00+00:00,14.49,14.51,14.35,14.39,110555.36
2026-01-07 13:00:00+00:00,14.39,14.43,14.31,14.36,117098.82
2026-01-07 14:00:00+00:00,14.36,14.36,14.09,14.24,286500.71
2026-01-07 15:00:00+00:00,14.25,14.26,13.95,14.01,287450.45
2026-01-07 16:00:00+00:00,14.01,14.07,13.88,13.99,173101.67
2026-01-07 17:00:00+00:00,13.99,14.16,13.98,14.06,91379.76
2026-01-07 18:00:00+00:00,14.05,14.14,14.0,14.07,96136.42
2026-01-07 19:00:00+00:00,14.08,14.15,14.0,14.11,82188.8
2026-01-07 20:00:00+00:00,14.12,14.14,14.02,14.07,37695.66
2026-01-07 21:00:00+00:00,14.08,14.11,14.04,14.05,22148.92
2026-01-07 22:00:00+00:00,14.04,14.14,14.0,14.06,60799.74
2026-01-07 23:00:00+00:00,14.06,14.19,14.01,14.11,48649.34
2026-01-08 00:00:00+00:00,14.12,14.17,14.05,14.15,54508.43
2026-01-08 01:00:00+00:00,14.15,14.22,14.11,14.2,106111.43
2026-01-08 02:00:00+00:00,14.21,14.25,14.09,14.14,90952.68
2026-01-08 03:00:00+00:00,14.14,14.21,14.01,14.03,55922.06
2026-01-08 04:00:00+00:00,14.03,14.14,14.0,14.08,40445.35
2026-01-08 05:00:00+00:00,14.09,14.14,14.02,14.04,36136.83
2026-01-08 06:00:00+00:00,14.04,14.05,13.77,13.79,138471.95
2026-01-08 07:00:00+00:00,13.79,13.94,13.68,13.9,145918.01
2026-01-08 08:00:00+00:00,13.91,13.98,13.84,13.86,90442.49
2026-01-08 09:00:00+00:00,13.86,13.91,13.74,13.76,65159.6
2026-01-08 10:00:00+00:00,13.75,13.94,13.68,13.92,69757.4
2026-01-08 11:00:00+00:00,13.92,13.93,13.76,13.9,153773.16
2026-01-08 12:00:00+00:00,13.9,13.9,13.76,13.79,65091.0
2026-01-08 13:00:00+00:00,13.8,13.83,13.71,13.76,50880.84
2026-01-08 14:00:00+00:00,13.76,13.78,13.6,13.74,152343.28
2026-01-08 15:00:00+00:00,13.73,13.95,13.67,13.94,115246.56
2026-01-08 16:00:00+00:00,13.94,13.99,13.82,13.97,96999.56
2026-01-08 17:00:00+00:00,13.98,14.04,13.9,14.03,64525.87
2026-01-08 18:00:00+00:00,14.03,14.04,13.87,13.9,26774.51
2026-01-08 19:00:00+00:00,13.9,13.95,13.83,13.86,39498.35
2026-01-08 20:00:00+00:00,13.86,13.87,13.73,13.84,60664.74
2026-01-08 21:00:00+00:00,13.84,13.98,13.84,13.96,44501.48
2026-01-08 22:00:00+00:00,13.96,14.0,13.87,13.94,41194.55
2026-01-08 23:00:00+00:00,13.94,13.97,13.88,13.89,17289.41
2026-01-09 00:00:00+00:00,13.89,13.96,13.88,13.94,35537.84
2026-01-09 01:00:00+00:00,13.94,14.05,13.85,13.91,126341.04
2026-01-09 02:00:00+00:00,13.91,14.03,13.89,13.9,44187.13
2026-01-09 03:00:00+00:00,13.9,13.99,13.87,13.98,42503.71
2026-01-09 04:00:00+00:00,13.98,14.01,13.94,13.94,24745.98
2026-01-09 05:00:00+00:00,13.95,14.0,13.91,13.99,19009.93
2026-01-09 06:00:00+00:00,14.0,14.04,13.97,14.01,20473.29
2026-01-09 07:00:00+00:00,14.02,14.02,13.92,13.93,32583.43
2026-01-09 08:00:00+00:00,13.94,13.95,13.62,13.71,154035.68
2026-01-09 09:00:00+00:00,13.72,13.85,13.71,13.78,70523.87
2026-01-09 10:00:00+00:00,13.79,13.82,13.76,13.8,25988.52
2026-01-09 11:00:00+00:00,13.8,13.84,13.76,13.77,38930.89
2026-01-09 12:00:00+00:00,13.78,13.78,13.7,13.71,48634.95
2026-01-09 13:00:00+00:00,13.72,13.9,13.71,13.83,188956.49
2026-01-09 14:00:00+00:00,13.84,13.84,13.65,13.7,154762.29
2026-01-09 15:00:00+00:00,13.69,14.17,13.61,13.98,269640.81
2026-01-09 16:00:00+00:00,13.98,14.22,13.97,14.15,145634.12
2026-01-09 17:00:00+00:00,14.15,14.18,13.92,14.01,86435.4
2026-01-09 18:00:00+00:00,14.01,14.03,13.74,13.86,104818.1
2026-01-09 19:00:00+00:00,13.86,13.86,13.69,13.75,66098.23
2026-01-09 20:00:00+00:00,13.74,13.82,13.72,13.76,49581.81
2026-01-09 21:00:00+00:00,13.77,13.86,13.73,13.84,62960.39
2026-01-09 22:00:00+00:00,13.83,13.85,13.78,13.83,27389.6
2026-01-09 23:00:00+00:00,13.83,13.83,13.77,13.79,20693.56
2026-01-10 00:00:00+00:00,13.78,13.8,13.72,13.73,33732.28
2026-01-10 01:00:00+00:00,13.73,13.8,13.71,13.78,17932.57
2026-01-10 02:00:00+00:00,13.78,13.8,13.7,13.72,26316.27
2026-01-10 03:00:00+00:00,13.71,13.72,13.65,13.7,25901.08
2026-01-10 04:00:00+00:00,13.7,13.7,13.64,13.65,19357.38
2026-01-10 05:00:00+00:00,13.66,13.73,13.64,13.68,16300.06
2026-01-10 06:00:00+00:00,13.69,13.74,13.66,13.72,32477.62
2026-01-10 07:00:00+00:00,13.72,13.84,13.71,13.81,38458.47
2026-01-10 08:00:00+00:00,13.82,13.83,13.75,13.8,16982.05
2026-01-10 09:00:00+00:00,13.8,13.86,13.79,13.84,35167.58
2026-01-10 10:00:00+00:00,13.85,13.87,13.81,13.85,39587.2
2026-01-10 11:00:00+00:00,13.85,13.87,13.82,13.87,14290.27
2026-01-10 12:00:00+00:00,13.86,13.88,13.83,13.87,25215.49
2026-01-10 13:00:00+00:00,13.88,13.88,13.82,13.87,48893.24
2026-01-10 14:00:00+00:00,13.87,13.87,13.8,13.82,36815.56
2026-01-10 15:00:00+00:00,13.81,13.84,13.8,13.84,17060.99
2026-01-10 16:00:00+00:00,13.84,13.88,13.81,13.86,48999.65
2026-01-10 17:00:00+00:00,13.87,13.94,13.85,13.86,39225.09
2026-01-10 18:00:00+00:00,13.86,13.88,13.82,13.83,18758.3
2026-01-10 19:00:00+00:00,13.83,13.87,13.83,13.86,10140.88
2026-01-10 20:00:00+00:00,13.86,13.88,13.81,13.84,27021.8
2026-01-10 21:00:00+00:00,13.83,13.85,13.76,13.77,17267.94
2026-01-10 22:00:00+00:00,13.76,13.77,13.69,13.69,29617.64
2026-01-10 23:00:00+00:00,13.7,13.76,13.69,13.74,20945.75
2026-01-11 00:00:00+00:00,13.73,13.74,13.68,13.72,18849.66
2026-01-11 01:00:00+00:00,13.72,13.74,13.69,13.72,28771.56
2026-01-11 02:00:00+00:00,13.73,13.74,13.69,13.7,19979.3
2026-01-11 03:00:00+00:00,13.69,13.75,13.69,13.73,15699.7
2026-01-11 04:00:00+00:00,13.72,13.78,13.71,13.78,23512.97
2026-01-11 05:00:00+00:00,13.77,13.81,13.75,13.8,18580.43
2026-01-11 06:00:00+00:00,13.81,13.83,13.75,13.82,23835.08
2026-01-11 07:00:00+00:00,13.83,13.84,13.79,13.81,19693.67
2026-01-11 08:00:00+00:00,13.82,13.83,13.77,13.81,18194.66
2026-01-11 09:00:00+00:00,13.8,13.84,13.79,13.81,27998.66
2026-01-11 10:00:00+00:00,13.81,13.81,13.76,13.81,28985.13
2026-01-11 11:00:00+00:00,13.81,13.83,13.78,13.81,42129.9
2026-01-11 12:00:00+00:00,13.82,13.89,13.81,13.87,44399.02
2026-01-11 13:00:00+00:00,13.87,13.87,13.81,13.82,21715.53
2026-01-11 14:00:00+00:00,13.82,13.98,13.82,13.96,53389.34
2026-01-11 15:00:00+00:00,13.96,13.97,13.75,13.8,89560.04
2026-01-11 16:00:00+00:00,13.8,13.99,13.79,13.95,115107.76
2026-01-11 17:00:00+00:00,13.94,13.97,13.86,13.95,46067.47
2026-01-11 18:00:00+00:00,13.95,13.96,13.85,13.9,26901.43
2026-01-11 19:00:00+00:00,13.9,13.93,13.83,13.84,75008.1
2026-01-11 20:00:00+00:00,13.84,13.84,13.64,13.74,90710.64
2026-01-11 21:00:00+00:00,13.73,13.77,13.65,13.75,49707.15
2026-01-11 22:00:00+00:00,13.76,13.76,13.62,13.62,47273.61
2026-01-11 23:00:00+00:00,13.62,13.72,13.48,13.7,125871.37
2026-01-12 00:00:00+00:00,13.71,13.8,13.61,13.77,83827.1
2026-01-12 01:00:00+00:00,13.77,13.91,13.76,13.84,182246.99
2026-01-12 02:00:00+00:00,13.84,14.09,13.84,14.05,176612.68
2026-01-12 03:00:00+00:00,14.06,14.22,13.97,13.98,232182.35
2026-01-12 04:00:00+00:00,13.99,14.05,13.96,14.03,74762.05
2026-01-12 05:00:00+00:00,14.03,14.06,13.96,13.99,52816.55
2026-01-12 06:00:00+00:00,14.0,14.04,13.92,13.94,83463.65
2026-01-12 07:00:00+00:00,13.94,13.97,13.73,13.75,106412.61
2026-01-12 08:00:00+00:00,13.74,13.81,13.51,13.61,211944.46
2026-01-12 09:00:00+00:00,13.61,13.67,13.57,13.62,73081.94
2026-01-12 10:00:00+00:00,13.62,13.65,13.56,13.58,42889.21
2026-01-12 11:00:00+00:00,13.58,13.67,13.58,13.65,33113.1
2026-01-12 12:00:00+00:00,13.65,13.7,13.62,13.63,84825.57
2026-01-12 13:00:00+00:00,13.64,13.67,13.52,13.57,81051.33
2026-01-12 14:00:00+00:00,13.57,13.68,13.39,13.63,246621.45
2026-01-12 15:00:00+00:00,13.64,13.91,13.59,13.87,192511.47
2026-01-12 16:00:00+00:00,13.88,14.0,13.84,13.87,154410.13
2026-01-12 17:00:00+00:00,13.86,13.91,13.63,13.73,147152.97
2026-01-12 18:00:00+00:00,13.72,13.8,13.65,13.68,65128.67
2026-01-12 19:00:00+00:00,13.67,13.73,13.62,13.72,47929.34
2026-01-12 20:00:00+00:00,13.72,13.78,13.61,13.63,81397.91
2026-01-12 21:00:00+00:00,13.63,13.64,13.47,13.53,82529.07
2026-01-12 22:00:00+00:00,13.53,13.59,13.52,13.54,36831.68
2026-01-12 23:00:00+00:00,13.54,13.55,13.49,13.53,38344.85
2026-01-13 00:00:00+00:00,13.52,13.56,13.49,13.55,53942.29
2026-01-13 01:00:00+00:00,13.55,13.61,13.48,13.53,51050.72
2026-01-13 02:00:00+00:00,13.53,13.62,13.52,13.53,39564.91
2026-01-13 03:00:00+00:00,13.53,13.61,13.52,13.59,50215.27
2026-01-13 04:00:00+00:00,13.59,13.68,13.58,13.67,51038.26
2026-01-13 05:00:00+00:00,13.67,13.83,13.67,13.73,80825.94
2026-01-13 06:00:00+00:00,13.74,13.78,13.69,13.75,49990.58
2026-01-13 07:00:00+00:00,13.75,13.76,13.68,13.72,40656.87
2026-01-13 08:00:00+00:00,13.72,13.83,13.71,13.8,36150.05
2026-01-13 09:00:00+00:00,13.8,13.86,13.77,13.81,84657.35
2026-01-13 10:00:00+00:00,13.8,13.85,13.76,13.8,41723.6
2026-01-13 11:00:00+00:00,13.79,13.8,13.75,13.76,28603.91
2026-01-13 12:00:00+00:00,13.76,13.83,13.72,13.81,44010.66
2026-01-13 13:00:00+00:00,13.81,13.94,13.79,13.88,202335.13
2026-01-13 14:00:00+00:00,13.88,14.1,13.83,13.97,237226.33
2026-01-13 15:00:00+00:00,13.97,14.37,13.9,14.36,504993.35
2026-01-13 16:00:00+00:00,14.37,14.61,14.37,14.49,769994.66
2026-01-13 17:00:00+00:00,14.5,14.55,14.46,14.52,292785.91
2026-01-13 18:00:00+00:00,14.52,14.57,14.47,14.48,199059.06
2026-01-13 19:00:00+00:00,14.47,14.53,14.47,14.52,93866.44
2026-01-13 20:00:00+00:00,14.52,14.56,14.47,14.5,141321.61
2026-01-13 21:00:00+00:00,14.49,14.54,14.48,14.52,77393.91
2026-01-13 22:00:00+00:00,14.52,14.85,14.5,14.77,588292.33
2026-01-13 23:00:00+00:00,14.77,14.83,14.7,14.75,262995.95
2026-01-14 00:00:00+00:00,14.76,14.8,14.71,14.75,97196.51
2026-01-14 01:00:00+00:00,14.75,14.79,14.72,14.75,90742.73
2026-01-14 02:00:00+00:00,14.74,14.79,14.7,14.73,71322.11
2026-01-14 03:00:00+00:00,14.73,14.77,14.7,14.76,46177.71
2026-01-14 04:00:00+00:00,14.77,14.77,14.7,14.71,76866.57
2026-01-14 05:00:00+00:00,14.71,14.74,14.67,14.7,80683.43
2026-01-14 06:00:00+00:00,14.7,14.73,14.66,14.7,105069.38
2026-01-14 07:00:00+00:00,14.7,14.74,14.67,14.68,58644.62
2026-01-14 08:00:00+00:00,14.69,14.75,14.67,14.69,63219.1
2026-01-14 09:00:00+00:00,14.69,14.74,14.68,14.72,43580.88
2026-01-14 10:00:00+00:00,14.72,14.72,14.57,14.59,110096.47
2026-01-14 11:00:00+00:00,14.59,14.6,14.49,14.51,159868.18
2026-01-14 12:00:00+00:00,14.52,14.56,14.49,14.53,44071.14
2026-01-14 13:00:00+00:00,14.53,14.58,14.41,14.44,142101.66
2026-01-14 14:00:00+00:00,14.44,14.69,14.43,14.61,235499.87
2026-01-14 15:00:00+00:00,14.61,14.77,14.54,14.76,256248.38
2026-01-14 16:00:00+00:00,14.76,14.95,14.76,14.84,338187.56
2026-01-14 17:00:00+00:00,14.84,14.86,14.6,14.63,249535.73
2026-01-14 18:00:00+00:00,14.62,14.65,14.41,14.54,209978.59
2026-01-14 19:00:00+00:00,14.54,14.74,14.52,14.64,173957.98
2026-01-14 20:00:00+00:00,14.64,14.74,14.62,14.68,95650.44
2026-01-14 21:00:00+00:00,14.68,14.7,14.61,14.66,63135.39
2026-01-14 22:00:00+00:00,14.66,14.67,14.55,14.58,82387.65
2026-01-14 23:00:00+00:00,14.57,14.67,14.57,14.6,62694.68
2026-01-15 00:00:00+00:00,14.6,14.63,14.49,14.51,58928.69
2026-01-15 01:00:00+00:00,14.52,14.59,14.43,14.46,65936.03
2026-01-15 02:00:00+00:00,14.47,14.49,14.31,14.33,107655.24
2026-01-15 03:00:00+00:00,14.34,14.35,14.12,14.15,157871.98
2026-01-15 04:00:00+00:00,14.15,14.3,14.14,14.25,130852.27
2026-01-15 05:00:00+00:00,14.24,14.29,14.23,14.27,69471.59
2026-01-15 06:00:00+00:00,14.26,14.3,14.17,14.19,64258.52
2026-01-15 07:00:00+00:00,14.18,14.38,14.18,14.35,70451.87
2026-01-15 08:00:00+00:00,14.35,14.43,14.33,14.43,61845.75
2026-01-15 09:00:00+00:00,14.43,14.48,14.34,14.44,228817.69
2026-01-15 10:00:00+00:00,14.44,14.45,14.35,14.38,52477.14
2026-01-15 11:00:00+00:00,14.38,14.41,14.3,14.31,38039.09
2026-01-15 12:00:00+00:00,14.31,14.38,14.29,14.37,36634.15
2026-01-15 13:00:00+00:00,14.38,14.43,14.32,14.36,70247.84
2026-01-15 14:00:00+00:00,14.36,14.41,14.09,14.19,151636.9
2026-01-15 15:00:00+00:00,14.18,14.24,13.81,14.07,291911.22
2026-01-15 16:00:00+00:00,14.06,14.06,13.91,14.01,142191.29
2026-01-15 17:00:00+00:00,14.02,14.08,13.9,13.91,134306.45
2026-01-15 18:00:00+00:00,13.91,13.95,13.72,13.75,155729.66
2026-01-15 19:00:00+00:00,13.74,13.78,13.63,13.75,148446.48
2026-01-15 20:00:00+00:00,13.74,13.77,13.61,13.68,86033.49
2026-01-15 21:00:00+00:00,13.68,13.76,13.67,13.73,45909.96
2026-01-15 22:00:00+00:00,13.73,13.83,13.71,13.79,71747.84
2026-01-15 23:00:00+00:00,13.79,13.83,13.76,13.82,30384.17
2026-01-16 00:00:00+00:00,13.82,13.86,13.77,13.82,63218.35
2026-01-16 01:00:00+00:00,13.82,13.83,13.74,13.76,45792.37
2026-01-16 02:00:00+00:00,13.77,13.85,13.71,13.84,31096.71
2026-01-16 03:00:00+00:00,13.84,13.86,13.74,13.75,30171.31
2026-01-16 04:00:00+00:00,13.75,13.79,13.68,13.73,67070.75
2026-01-16 05:00:00+00:00,13.73,13.84,13.72,13.81,63410.95
2026-01-16 06:00:00+00:00,13.8,13.84,13.79,13.83,19855.33
2026-01-16 07:00:00+00:00,13.82,13.83,13.77,13.81,43249.01
2026-01-16 08:00:00+00:00,13.82,13.87,13.81,13.82,74310.86
2026-01-16 09:00:00+00:00,13.81,13.83,13.78,13.79,34294.25
2026-01-16 10:00:00+00:00,13.79,13.79,13.74,13.75,42621.21
2026-01-16 11:00:00+00:00,13.75,13.8,13.73,13.8,30127.63
2026-01-16 12:00:00+00:00,13.79,13.81,13.77,13.8,23853.03
2026-01-16 13:00:00+00:00,13.79,13.8,13.72,13.76,42396.88
2026-01-16 14:00:00+00:00,13.76,13.82,13.74,13.76,80370.43
2026-01-16 15:00:00+00:00,13.76,13.81,13.33,13.41,398447.48
2026-01-16 16:00:00+00:00,13.4,13.44,13.19,13.37,434689.15
2026-01-16 17:00:00+00:00,13.37,13.42,13.29,13.41,140638.29
2026-01-16 18:00:00+00:00,13.41,13.46,13.36,13.37,114785.07
2026-01-16 19:00:00+00:00,13.36,13.43,13.31,13.4,62739.34
2026-01-16 20:00:00+00:00,13.4,13.59,13.3,13.58,184938.14
2026-01-16 21:00:00+00:00,13.59,13.66,13.58,13.58,111709.7
2026-01-16 22:00:00+00:00,13.59,13.64,13.56,13.6,71310.59
2026-01-16 23:00:00+00:00,13.6,13.64,13.57,13.59,46371.88
2026-01-17 00:00:00+00:00,13.59,13.61,13.56,13.59,34247.87
2026-01-17 01:00:00+00:00,13.59,13.64,13.58,13.6,34460.36
2026-01-17 02:00:00+00:00,13.59,13.61,13.54,13.57,39352.74
2026-01-17 03:00:00+00:00,13.57,13.59,13.54,13.57,24177.62
2026-01-17 04:00:00+00:00,13.57,13.59,13.54,13.57,30935.22
2026-01-17 05:00:00+00:00,13.57,13.61,13.56,13.59,27346.64
2026-01-17 06:00:00+00:00,13.59,13.6,13.55,13.56,20306.78
2026-01-17 07:00:00+00:00,13.56,13.61,13.53,13.6,31119.16
2026-01-17 08:00:00+00:00,13.61,13.7,13.6,13.69,65397.67
2026-01-17 09:00:00+00:00,13.69,13.71,13.65,13.67,56770.11
2026-01-17 10:00:00+00:00,13.66,13.71,13.63,13.66,77991.67
2026-01-17 11:00:00+00:00,13.66,13.67,13.62,13.64,32655.32
2026-01-17 12:00:00+00:00,13.64,13.71,13.64,13.7,36699.91
2026-01-17 13:00:00+00:00,13.69,13.79,13.68,13.77,59933.87
2026-01-17 14:00:00+00:00,13.77,13.97,13.74,13.9,135195.26
2026-01-17 15:00:00+00:00,13.91,13.93,13.84,13.89,99373.4
2026-01-17 16:00:00+00:00,13.9,13.9,13.75,13.81,77490.56
2026-01-17 17:00:00+00:00,13.8,13.83,13.76,13.79,39271.74
2026-01-17 18:00:00+00:00,13.79,13.84,13.77,13.83,23968.52
2026-01-17 19:00:00+00:00,13.83,13.84,13.8,13.82,43185.29
2026-01-17 20:00:00+00:00,13.83,13.86,13.81,13.82,35173.6
2026-01-17 21:00:00+00:00,13.81,13.82,13.77,13.81,42893.99
2026-01-17 22:00:00+00:00,13.82,13.82,13.72,13.76,49679.21
2026-01-17 23:00:00+00:00,13.76,13.78,13.72,13.75,35653.14
2026-01-18 00:00:00+00:00,13.75,13.83,13.74,13.77,62382.03
2026-01-18 01:00:00+00:00,13.77,13.79,13.66,13.69,66621.82
2026-01-18 02:00:00+00:00,13.69,13.73,13.64,13.68,45371.17
2026-01-18 03:00:00+00:00,13.68,13.72,13.66,13.68,21788.91
2026-01-18 04:00:00+00:00,13.67,13.68,13.64,13.67,12405.8
2026-01-18 05:00:00+00:00,13.67,13.69,13.64,13.69,21134.68
2026-01-18 06:00:00+00:00,13.68,13.71,13.64,13.64,15946.33
2026-01-18 07:00:00+00:00,13.65,13.66,13.57,13.63,41606.47
2026-01-18 08:00:00+00:00,13.62,13.65,13.61,13.64,17845.95
2026-01-18 09:00:00+00:00,13.63,13.66,13.61,13.65,24814.12
2026-01-18 10:00:00+00:00,13.66,13.66,13.58,13.6,30544.77
2026-01-18 11:00:00+00:00,13.59,13.62,13.57,13.59,35074.49
2026-01-18 12:00:00+00:00,13.58,13.61,13.53,13.55,48597.19
2026-01-18 13:00:00+00:00,13.54,13.59,13.51,13.55,44492.88
2026-01-18 14:00:00+00:00,13.55,13.63,13.5,13.51,99130.45
2026-01-18 15:00:00+00:00,13.51,13.57,13.47,13.57,43192.47
2026-01-18 16:00:00+00:00,13.57,13.63,13.54,13.59,33558.33
2026-01-18 17:00:00+00:00,13.6,13.63,13.55,13.59,36259.7
2026-01-18 18:00:00+00:00,13.59,13.74,13.56,13.69,85169.57
2026-01-18 19:00:00+00:00,13.69,13.73,13.62,13.66,34223.26
2026-01-18 20:00:00+00:00,13.66,13.73,13.64,13.7,35678.23
2026-01-18 21:00:00+00:00,13.71,13.74,13.68,13.7,18273.46
2026-01-18 22:00:00+00:00,13.7,13.76,13.7,13.73,20370.77
2026-01-18 23:00:00+00:00,13.74,13.74,12.94,12.98,554099.66
2026-01-19 00:00:00+00:00,12.98,12.99,12.09,12.57,1314623.18
2026-01-19 01:00:00+00:00,12.57,12.7,12.5,12.62,187075.65
2026-01-19 02:00:00+00:00,12.61,12.76,12.59,12.7,108038.34
2026-01-19 03:00:00+00:00,12.69,12.74,12.63,12.71,57470.01
2026-01-19 04:00:00+00:00,12.71,12.74,12.62,12.63,92196.9
2026-01-19 05:00:00+00:00,12.63,12.69,12.59,12.62,134348.08
2026-01-19 06:00:00+00:00,12.62,12.63,12.55,12.6,72429.72
2026-01-19 07:00:00+00:00,12.61,12.66,12.6,12.64,39896.41
2026-01-19 08:00:00+00:00,12.64,12.84,12.62,12.81,236570.3
2026-01-19 09:00:00+00:00,12.8,12.82,12.77,12.81,63013.43
2026-01-19 10:00:00+00:00,12.81,12.81,12.73,12.75,48134.52
2026-01-19 11:00:00+00:00,12.75,12.75,12.69,12.71,61109.94
2026-01-19 12:00:00+00:00,12.7,12.74,12.66,12.7,51186.05
2026-01-19 13:00:00+00:00,12.7,12.75,12.66,12.72,36304.02
2026-01-19 14:00:00+00:00,12.72,12.78,12.7,12.76,59821.84
2026-01-19 15:00:00+00:00,12.76,12.79,12.67,12.73,110427.11
2026-01-19 16:00:00+00:00,12.72,12.77,12.7,12.75,85373.71
2026-01-19 17:00:00+00:00,12.75,12.76,12.62,12.7,98628.25
2026-01-19 18:00:00+00:00,12.7,12.76,12.69,12.75,75082.75
2026-01-19 19:00:00+00:00,12.75,12.86,12.75,12.81,86521.87
2026-01-19 20:00:00+00:00,12.82,12.84,12.78,12.79,29116.9
2026-01-19 21:00:00+00:00,12.8,12.82,12.77,12.78,34374.9
2026-01-19 22:00:00+00:00,12.77,12.78,12.64,12.65,53288.02
2026-01-19 23:00:00+00:00,12.65,12.78,12.63,12.74,75674.25
2026-01-20 00:00:00+00:00,12.73,12.74,12.65,12.67,26842.78
2026-01-20 01:00:00+00:00,12.67,12.75,12.63,12.69,28904.32
2026-01-20 02:00:00+00:00,12.69,12.73,12.63,12.7,60942.9
2026-01-20 03:00:00+00:00,12.7,12.73,12.66,12.71,61379.54
2026-01-20 04:00:00+00:00,12.7,12.74,12.68,12.68,46275.49
2026-01-20 05:00:00+00:00,12.69,12.76,12.62,12.73,141000.37
2026-01-20 06:00:00+00:00,12.73,12.74,12.53,12.58,155835.52
2026-01-20 07:00:00+00:00,12.58,12.65,12.55,12.56,79985.35
2026-01-20 08:00:00+00:00,12.56,12.56,12.41,12.48,233358.77
2026-01-20 09:00:00+00:00,12.48,12.59,12.45,12.56,172146.23
2026-01-20 10:00:00+00:00,12.55,12.65,12.49,12.5,133592.77
2026-01-20 11:00:00+00:00,12.49,12.54,12.46,12.46,131083.53
2026-01-20 12:00:00+00:00,12.46,12.5,12.45,12.47,63474.32
2026-01-20 13:00:00+00:00,12.46,12.46,12.33,12.34,138325.97
2026-01-20 14:00:00+00:00,12.34,12.55,12.33,12.47,254851.31
2026-01-20 15:00:00+00:00,12.46,12.47,12.31,12.4,238602.43
2026-01-20 16:00:00+00:00,12.4,12.44,12.14,12.22,177459.9
2026-01-20 17:00:00+00:00,12.21,12.32,12.06,12.14,217098.29
2026-01-20 18:00:00+00:00,12.15,12.2,12.09,12.15,162777.44
2026-01-20 19:00:00+00:00,12.15,12.2,12.11,12.19,72561.63
2026-01-20 20:00:00+00:00,12.19,12.3,12.14,12.26,89805.29
2026-01-20 21:00:00+00:00,12.27,12.27,12.18,12.2,62710.1
2026-01-20 22:00:00+00:00,12.19,12.24,11.97,12.15,230362.43
2026-01-20 23:00:00+00:00,12.15,12.15,12.07,12.09,64815.45
2026-01-21 00:00:00+00:00,12.09,12.26,12.06,12.26,110390.56
2026-01-21 01:00:00+00:00,12.26,12.31,12.24,12.26,72280.42
2026-01-21 02:00:00+00:00,12.26,12.33,12.23,12.29,80596.57
2026-01-21 03:00:00+00:00,12.3,12.34,12.28,12.29,53009.1
2026-01-21 04:00:00+00:00,12.29,12.31,12.25,12.26,142653.59
2026-01-21 05:00:00+00:00,12.26,12.39,12.26,12.36,59957.68
2026-01-21 06:00:00+00:00,12.36,12.37,12.24,12.25,41226.34
2026-01-21 07:00:00+00:00,12.26,12.3,12.22,12.24,47843.4
2026-01-21 08:00:00+00:00,12.24,12.26,12.14,12.22,55923.32
2026-01-21 09:00:00+00:00,12.22,12.25,12.2,12.22,37857.71
2026-01-21 10:00:00+00:00,12.22,12.28,12.18,12.19,48672.84
2026-01-21 11:00:00+00:00,12.19,12.23,12.1,12.11,48452.35
2026-01-21 12:00:00+00:00,12.11,12.13,11.96,12.09,122517.8
2026-01-21 13:00:00+00:00,12.08,12.13,12.0,12.03,89834.26
2026-01-21 14:00:00+00:00,12.02,12.35,12.01,12.3,358668.93
2026-01-21 15:00:00+00:00,12.3,12.42,12.27,12.4,294363.88
2026-01-21 16:00:00+00:00,12.39,12.42,11.88,11.9,328424.36
2026-01-21 17:00:00+00:00,11.91,12.04,11.88,12.03,313878.31
2026-01-21 18:00:00+00:00,12.02,12.17,11.98,12.13,143753.92
2026-01-21 19:00:00+00:00,12.12,12.61,12.09,12.59,432743.58
2026-01-21 20:00:00+00:00,12.59,12.62,12.41,12.54,209977.64
2026-01-21 21:00:00+00:00,12.54,12.73,12.5,12.62,218809.06
2026-01-21 22:00:00+00:00,12.63,12.73,12.49,12.52,108426.52
2026-01-21 23:00:00+00:00,12.51,12.54,12.38,12.42,55134.8
2026-01-22 00:00:00+00:00,12.42,12.51,12.42,12.48,50121.82
2026-01-22 01:00:00+00:00,12.48,12.6,12.47,12.59,49121.74
2026-01-22 02:00:00+00:00,12.59,12.62,12.52,12.54,39759.74
2026-01-22 03:00:00+00:00,12.55,12.59,12.45,12.49,52368.27
2026-01-22 04:00:00+00:00,12.49,12.53,12.48,12.51,30237.31
2026-01-22 05:00:00+00:00,12.51,12.56,12.48,12.5,19066.38
2026-01-22 06:00:00+00:00,12.5,12.52,12.45,12.5,34481.53
2026-01-22 07:00:00+00:00,12.5,12.51,12.42,12.43,35056.03
2026-01-22 08:00:00+00:00,12.44,12.47,12.37,12.44,52958.29
2026-01-22 09:00:00+00:00,12.45,12.5,12.43,12.49,29522.59
2026-01-22 10:00:00+00:00,12.48,12.49,12.44,12.46,30044.77
2026-01-22 11:00:00+00:00,12.45,12.46,12.35,12.35,32367.75
2026-01-22 12:00:00+00:00,12.35,12.35,12.3,12.3,44639.44
2026-01-22 13:00:00+00:00,12.3,12.4,12.24,12.27,95410.76
2026-01-22 14:00:00+00:00,12.27,12.33,12.14,12.15,181256.25
2026-01-22 15:00:00+00:00,12.15,12.24,12.04,12.17,168136.45
2026-01-22 16:00:00+00:00,12.17,12.26,12.13,12.22,108475.98
2026-01-22 17:00:00+00:00,12.23,12.24,12.12,12.2,121546.84
2026-01-22 18:00:00+00:00,12.19,12.2,12.09,12.11,73153.72
2026-01-22 19:00:00+00:00,12.11,12.2,12.08,12.16,62532.18
2026-01-22 20:00:00+00:00,12.17,12.2,12.08,12.12,48357.54
2026-01-22 21:00:00+00:00,12.12,12.19,12.11,12.16,39861.67
2026-01-22 22:00:00+00:00,12.16,12.2,12.14,12.18,37157.21
2026-01-22 23:00:00+00:00,12.17,12.2,12.12,12.2,41758.06
2026-01-23 00:00:00+00:00,12.2,12.23,12.17,12.2,46645.46
2026-01-23 01:00:00+00:00,12.21,12.3,12.2,12.29,38086.93
2026-01-23 02:00:00+00:00,12.3,12.3,12.22,12.22,32978.38
2026-01-23 03:00:00+00:00,12.22,12.28,12.2,12.26,27441.29
2026-01-23 04:00:00+00:00,12.26,12.38,12.25,12.36,184569.11
2026-01-23 05:00:00+00:00,12.36,12.36,12.26,12.29,14649.79
2026-01-23 06:00:00+00:00,12.28,12.33,12.24,12.25,31298.56
2026-01-23 07:00:00+00:00,12.24,12.26,12.11,12.13,262272.6
2026-01-23 08:00:00+00:00,12.13,12.14,12.04,12.07,62005.47
2026-01-23 09:00:00+00:00,12.07,12.2,12.06,12.15,149028.44
2026-01-23 10:00:00+00:00,12.15,12.17,12.12,12.15,35384.07
2026-01-23 11:00:00+00:00,12.15,12.21,12.15,12.2,58841.19
2026-01-23 12:00:00+00:00,12.2,12.21,12.16,12.19,38928.77
2026-01-23 13:00:00+00:00,12.19,12.23,12.18,12.21,36581.09
2026-01-23 14:00:00+00:00,12.21,12.22,11.99,12.07,172091.4
2026-01-23 15:00:00+00:00,12.07,12.26,12.01,12.24,185123.94
2026-01-23 16:00:00+00:00,12.24,12.36,12.17,12.3,106621.5
2026-01-23 17:00:00+00:00,12.29,12.5,12.23,12.37,150129.79
2026-01-23 18:00:00+00:00,12.37,12.44,12.32,12.34,81524.2
2026-01-23 19:00:00+00:00,12.34,12.34,12.13,12.17,115169.39
2026-01-23 20:00:00+00:00,12.18,12.2,12.03,12.08,135051.96
2026-01-23 21:00:00+00:00,12.09,12.16,12.07,12.11,69943.94
2026-01-23 22:00:00+00:00,12.11,12.19,12.11,12.17,57851.15
2026-01-23 23:00:00+00:00,12.16,12.16,12.11,12.13,31029.2
2026-01-24 00:00:00+00:00,12.13,12.16,12.11,12.12,54017.6
2026-01-24 01:00:00+00:00,12.12,12.14,12.1,12.13,21347.18
2026-01-24 02:00:00+00:00,12.13,12.15,12.12,12.14,20953.92
2026-01-24 03:00:00+00:00,12.14,12.18,12.12,12.15,34306.2
2026-01-24 04:00:00+00:00,12.15,12.19,12.15,12.17,11436.95
2026-01-24 05:00:00+00:00,12.17,12.18,12.13,12.16,11715.62
2026-01-24 06:00:00+00:00,12.16,12.17,12.13,12.14,11741.8
2026-01-24 07:00:00+00:00,12.15,12.15,12.11,12.12,10603.95
2026-01-24 08:00:00+00:00,12.12,12.14,12.11,12.13,11758.26
2026-01-24 09:00:00+00:00,12.14,12.14,12.09,12.1,19868.76
2026-01-24 10:00:00+00:00,12.1,12.1,12.06,12.1,35083.65
2026-01-24 11:00:00+00:00,12.1,12.13,12.09,12.12,16596.78
2026-01-24 12:00:00+00:00,12.12,12.15,12.11,12.13,16317.61
2026-01-24 13:00:00+00:00,12.13,12.13,12.08,12.08,13142.9
2026-01-24 14:00:00+00:00,12.08,12.1,12.06,12.08,37303.51
2026-01-24 15:00:00+00:00,12.08,12.11,12.02,12.04,48927.54
2026-01-24 16:00:00+00:00,12.03,12.08,11.97,12.05,70665.18
2026-01-24 17:00:00+00:00,12.06,12.06,12.02,12.05,28726.96
2026-01-24 18:00:00+00:00,12.05,12.06,12.03,12.04,12666.18
2026-01-24 19:00:00+00:00,12.04,12.05,12.01,12.04,18498.28
2026-01-24 20:00:00+00:00,12.03,12.09,12.03,12.08,24263.48
2026-01-24 21:00:00+00:00,12.08,12.09,12.06,12.07,21166.77
2026-01-24 22:00:00+00:00,12.07,12.12,12.07,12.11,33095.2
2026-01-24 23:00:00+00:00,12.11,12.11,12.04,12.05,51550.07
2026-01-25 00:00:00+00:00,12.05,12.07,12.03,12.07,43033.75
2026-01-25 01:00:00+00:00,12.06,12.08,11.99,12.01,42110.64
2026-01-25 02:00:00+00:00,12.01,12.03,11.99,11.99,43085.28
2026-01-25 03:00:00+00:00,12.0,12.02,11.87,11.93,61332.35
2026-01-25 04:00:00+00:00,11.93,11.99,11.92,11.95,33821.84
2026-01-25 05:00:00+00:00,11.96,12.0,11.95,11.98,15969.22
2026-01-25 06:00:00+00:00,11.98,11.98,11.93,11.94,34384.12
2026-01-25 07:00:00+00:00,11.94,11.94,11.88,11.93,47958.54
2026-01-25 08:00:00+00:00,11.93,11.95,11.83,11.88,59189.07
2026-01-25 09:00:00+00:00,11.88,11.99,11.87,11.96,38953.07
2026-01-25 10:00:00+00:00,11.97,12.06,11.95,12.0,64597.49
2026-01-25 11:00:00+00:00,11.99,12.0,11.94,11.96,35347.34
2026-01-25 12:00:00+00:00,11.95,11.95,11.88,11.94,44093.84
2026-01-25 13:00:00+00:00,11.94,11.97,11.9,11.97,72714.48
2026-01-25 14:00:00+00:00,11.97,11.97,11.81,11.88,51424.79
2026-01-25 15:00:00+00:00,11.87,11.91,11.82,11.85,39934.06
2026-01-25 16:00:00+00:00,11.85,11.86,11.58,11.68,394298.52
2026-01-25 17:00:00+00:00,11.67,11.7,11.58,11.64,84480.33
2026-01-25 18:00:00+00:00,11.64,11.65,11.46,11.55,252825.25
2026-01-25 19:00:00+00:00,11.54,11.57,11.23,11.3,392689.59
2026-01-25 20:00:00+00:00,11.3,11.4,11.25,11.35,170467.76
2026-01-25 21:00:00+00:00,11.36,11.46,11.35,11.43,121669.17
2026-01-25 22:00:00+00:00,11.42,11.43,11.34,11.39,86148.58
2026-01-25 23:00:00+00:00,11.39,11.52,11.34,11.49,96745.33
2026-01-26 00:00:00+00:00,11.49,11.58,11.46,11.57,116957.95
2026-01-26 01:00:00+00:00,11.57,11.75,11.56,11.71,118765.99
2026-01-26 02:00:00+00:00,11.72,11.72,11.61,11.61,61722.45
2026-01-26 03:00:00+00:00,11.62,11.64,11.5,11.53,72683.39
2026-01-26 04:00:00+00:00,11.54,11.65,11.53,11.59,77460.61
2026-01-26 05:00:00+00:00,11.6,11.63,11.58,11.61,43910.26
2026-01-26 06:00:00+00:00,11.62,11.69,11.58,11.67,58540.34
2026-01-26 07:00:00+00:00,11.67,11.72,11.64,11.69,66017.17
2026-01-26 08:00:00+00:00,11.69,11.78,11.66,11.69,99294.65
2026-01-26 09:00:00+00:00,11.7,11.7,11.61,11.62,67750.86
2026-01-26 10:00:00+00:00,11.62,11.68,11.61,11.66,39368.6
2026-01-26 11:00:00+00:00,11.66,11.7,11.65,11.67,40483.09
2026-01-26 12:00:00+00:00,11.67,11.7,11.65,11.66,43072.0
2026-01-26 13:00:00+00:00,11.66,11.74,11.66,11.72,72449.01
2026-01-26 14:00:00+00:00,11.71,11.82,11.63,11.79,180563.24
2026-01-26 15:00:00+00:00,11.79,11.92,11.7,11.76,228803.44
2026-01-26 16:00:00+00:00,11.76,11.81,11.69,11.76,150055.15
2026-01-26 17:00:00+00:00,11.75,11.78,11.62,11.71,164850.17
2026-01-26 18:00:00+00:00,11.7,11.82,11.69,11.78,119777.08
2026-01-26 19:00:00+00:00,11.78,11.8,11.69,11.7,89915.37
2026-01-26 20:00:00+00:00,11.71,11.73,11.63,11.66,62445.33
2026-01-26 21:00:00+00:00,11.65,11.8,11.63,11.76,105317.48
2026-01-26 22:00:00+00:00,11.76,11.78,11.72,11.75,83470.5
2026-01-26 23:00:00+00:00,11.75,11.78,11.7,11.72,54157.27
2026-01-27 00:00:00+00:00,11.72,11.74,11.69,11.73,41216.91
2026-01-27 01:00:00+00:00,11.72,11.81,11.69,11.77,65750.76
2026-01-27 02:00:00+00:00,11.78,11.85,11.77,11.84,67772.26
2026-01-27 03:00:00+00:00,11.84,11.84,11.77,11.79,26025.17
2026-01-27 04:00:00+00:00,11.78,11.84,11.75,11.78,42464.86
2026-01-27 05:00:00+00:00,11.78,11.79,11.75,11.76,25565.98
2026-01-27 06:00:00+00:00,11.76,11.77,11.72,11.74,14781.91
2026-01-27 07:00:00+00:00,11.74,11.82,11.73,11.76,64739.17
2026-01-27 08:00:00+00:00,11.76,11.79,11.75,11.76,23802.93
2026-01-27 09:00:00+00:00,11.76,11.76,11.68,11.7,48095.17
2026-01-27 10:00:00+00:00,11.69,11.73,11.66,11.68,54998.43
2026-01-27 11:00:00+00:00,11.68,11.7,11.65,11.68,28769.64
2026-01-27 12:00:00+00:00,11.69,11.71,11.67,11.69,40403.7
2026-01-27 13:00:00+00:00,11.7,11.7,11.61,11.63,56861.59
2026-01-27 14:00:00+00:00,11.63,11.74,11.6,11.63,165694.53
2026-01-27 15:00:00+00:00,11.62,11.74,11.6,11.72,133639.83
2026-01-27 16:00:00+00:00,11.72,11.96,11.72,11.89,259239.21
2026-01-27 17:00:00+00:00,11.9,11.92,11.58,11.64,179992.15
2026-01-27 18:00:00+00:00,11.63,11.88,11.62,11.84,134334.83
2026-01-27 19:00:00+00:00,11.84,11.9,11.8,11.86,67094.24
2026-01-27 20:00:00+00:00,11.86,12.14,11.84,12.08,214694.53
2026-01-27 21:00:00+00:00,12.08,12.12,12.02,12.03,203280.87
2026-01-27 22:00:00+00:00,12.04,12.14,12.04,12.09,97219.15
2026-01-27 23:00:00+00:00,12.09,12.2,12.08,12.14,101176.41
2026-01-28 00:00:00+00:00,12.14,12.17,12.06,12.14,138380.8
2026-01-28 01:00:00+00:00,12.14,12.17,12.07,12.12,60637.09
2026-01-28 02:00:00+00:00,12.12,12.12,12.03,12.07,32638.58
2026-01-28 03:00:00+00:00,12.08,12.11,12.04,12.06,45785.14
2026-01-28 04:00:00+00:00,12.07,12.08,12.02,12.06,45901.79
2026-01-28 05:00:00+00:00,12.05,12.11,12.04,12.1,29896.11
2026-01-28 06:00:00+00:00,12.1,12.16,12.08,12.15,50644.26
2026-01-28 07:00:00+00:00,12.15,12.15,12.06,12.09,35542.48
2026-01-28 08:00:00+00:00,12.08,12.1,12.02,12.06,41278.14
2026-01-28 09:00:00+00:00,12.05,12.17,12.03,12.17,56246.42
2026-01-28 10:00:00+00:00,12.17,12.23,12.14,12.16,77500.17
2026-01-28 11:00:00+00:00,12.17,12.25,12.12,12.24,102443.15
2026-01-28 12:00:00+00:00,12.23,12.29,12.12,12.15,113608.35
2026-01-28 13:00:00+00:00,12.15,12.24,12.14,12.15,93600.73
2026-01-28 14:00:00+00:00,12.16,12.17,12.05,12.08,128140.49
2026-01-28 15:00:00+00:00,12.08,12.12,11.95,12.02,123892.57
2026-01-28 16:00:00+00:00,12.01,12.06,11.95,12.01,63948.98
2026-01-28 17:00:00+00:00,12.01,12.14,11.93,12.08,94864.7
2026-01-28 18:00:00+00:00,12.08,12.08,12.0,12.04,68572.19
2026-01-28 19:00:00+00:00,12.03,12.09,11.98,12.06,134931.77
2026-01-28 20:00:00+00:00,12.06,12.18,12.02,12.04,102616.76
2026-01-28 21:00:00+00:00,12.05,12.11,11.96,12.07,82001.95
2026-01-28 22:00:00+00:00,12.08,12.13,12.03,12.13,42128.27
2026-01-28 23:00:00+00:00,12.13,12.15,12.06,12.07,52654.65
2026-01-29 00:00:00+00:00,12.08,12.1,11.96,12.02,54790.88
2026-01-29 01:00:00+00:00,12.01,12.05,11.91,11.93,54383.69
2026-01-29 02:00:00+00:00,11.92,11.99,11.75,11.8,129091.57
2026-01-29 03:00:00+00:00,11.79,11.88,11.76,11.79,60307.24
2026-01-29 04:00:00+00:00,11.79,11.81,11.69,11.79,67414.24
2026-01-29 05:00:00+00:00,11.8,11.85,11.78,11.8,33575.29
2026-01-29 06:00:00+00:00,11.8,11.84,11.78,11.83,34172.56
2026-01-29 07:00:00+00:00,11.83,11.86,11.77,11.8,86908.24
2026-01-29 08:00:00+00:00,11.8,11.81,11.73,11.75,78546.08
2026-01-29 09:00:00+00:00,11.74,11.77,11.72,11.73,53989.92
2026-01-29 10:00:00+00:00,11.73,11.74,11.69,11.71,27827.47
2026-01-29 11:00:00+00:00,11.71,11.72,11.64,11.66,61812.21
2026-01-29 12:00:00+00:00,11.67,11.67,11.53,11.56,91322.83
2026-01-29 13:00:00+00:00,11.55,11.6,11.54,11.6,57029.07
2026-01-29 14:00:00+00:00,11.6,11.62,11.16,11.17,366677.22
2026-01-29 15:00:00+00:00,11.18,11.19,10.87,11.01,1011699.31
2026-01-29 16:00:00+00:00,11.01,11.04,10.94,11.03,516449.13
2026-01-29 17:00:00+00:00,11.03,11.17,11.0,11.01,463382.6
2026-01-29 18:00:00+00:00,11.01,11.04,10.8,10.82,589571.63
2026-01-29 19:00:00+00:00,10.83,11.03,10.81,10.99,319350.78
2026-01-29 20:00:00+00:00,10.99,11.05,10.96,11.03,305361.99
2026-01-29 21:00:00+00:00,11.04,11.07,11.01,11.04,143764.14
2026-01-29 22:00:00+00:00,11.04,11.06,10.99,11.03,80898.29
2026-01-29 23:00:00+00:00,11.03,11.06,11.01,11.04,78626.17
2026-01-30 00:00:00+00:00,11.04,11.09,11.03,11.07,117271.49
2026-01-30 01:00:00+00:00,11.07,11.09,10.7,10.96,842221.97
2026-01-30 02:00:00+00:00,10.96,10.98,10.76,10.92,256619.68
2026-01-30 03:00:00+00:00,10.92,10.98,10.9,10.92,100749.72
2026-01-30 04:00:00+00:00,10.93,11.02,10.93,10.98,111511.24
2026-01-30 05:00:00+00:00,10.98,10.99,10.94,10.95,45627.86
2026-01-30 06:00:00+00:00,10.95,10.96,10.72,10.8,114972.88
2026-01-30 07:00:00+00:00,10.79,10.99,10.79,10.96,109174.49
2026-01-30 08:00:00+00:00,10.95,10.97,10.85,10.88,115882.75
2026-01-30 09:00:00+00:00,10.89,10.93,10.8,10.86,108438.36
2026-01-30 10:00:00+00:00,10.86,10.94,10.82,10.94,100095.63
2026-01-30 11:00:00+00:00,10.94,11.05,10.91,11.0,102106.41
2026-01-30 12:00:00+00:00,11.01,11.02,10.94,10.96,105837.35
2026-01-30 13:00:00+00:00,10.96,10.98,10.84,10.87,228045.46
2026-01-30 14:00:00+00:00,10.88,11.01,10.88,10.95,207503.69
2026-01-30 15:00:00+00:00,10.96,11.01,10.8,10.94,201446.9
2026-01-30 16:00:00+00:00,10.94,11.01,10.87,10.95,132123.65
2026-01-30 17:00:00+00:00,10.96,11.01,10.87,10.93,150369.83
2026-01-30 18:00:00+00:00,10.93,11.03,10.63,11.0,389727.17
2026-01-30 19:00:00+00:00,11.0,11.05,10.98,10.99,259849.44
2026-01-30 20:00:00+00:00,11.0,11.0,10.82,10.85,296298.69
2026-01-30 21:00:00+00:00,10.86,10.96,10.82,10.93,163240.65
2026-01-30 22:00:00+00:00,10.92,10.94,10.84,10.9,49453.81
2026-01-30 23:00:00+00:00,10.89,10.92,10.84,10.87,67762.77
2026-01-31 00:00:00+00:00,10.88,10.88,10.84,10.87,78579.04
2026-01-31 01:00:00+00:00,10.87,10.9,10.84,10.88,44705.28
2026-01-31 02:00:00+00:00,10.88,10.89,10.82,10.86,57561.88
2026-01-31 03:00:00+00:00,10.86,10.88,10.83,10.84,26106.24
2026-01-31 04:00:00+00:00,10.84,10.87,10.81,10.82,24536.34
2026-01-31 05:00:00+00:00,10.83,10.83,10.78,10.82,37040.27
2026-01-31 06:00:00+00:00,10.81,10.83,10.68,10.74,64379.18
2026-01-31 07:00:00+00:00,10.74,10.74,10.58,10.66,115916.7
2026-01-31 08:00:00+00:00,10.66,10.69,10.42,10.57,373836.2
2026-01-31 09:00:00+00:00,10.58,10.66,10.55,10.6,98204.83
2026-01-31 10:00:00+00:00,10.6,10.65,10.56,10.63,73367.72
2026-01-31 11:00:00+00:00,10.62,10.64,10.56,10.6,88140.25
2026-01-31 12:00:00+00:00,10.6,10.61,10.54,10.55,90983.05
2026-01-31 13:00:00+00:00,10.56,10.57,10.45,10.48,106949.19
2026-01-31 14:00:00+00:00,10.48,10.5,10.0,10.12,929446.99
2026-01-31 15:00:00+00:00,10.13,10.23,10.11,10.16,326707.72
2026-01-31 16:00:00+00:00,10.17,10.29,10.03,10.08,615429.88
2026-01-31 17:00:00+00:00,10.07,10.13,9.54,9.78,1711611.86
2026-01-31 18:00:00+00:00,9.79,9.86,9.16,9.79,2083710.74
2026-01-31 19:00:00+00:00,9.79,9.97,9.77,9.84,577024.62
2026-01-31 20:00:00+00:00,9.84,9.93,9.74,9.88,286427.95
2026-01-31 21:00:00+00:00,9.88,10.01,9.83,9.98,251695.36
2026-01-31 22:00:00+00:00,9.98,10.01,9.9,9.98,126519.17
2026-01-31 23:00:00+00:00,9.97,10.18,9.96,10.12,174144.52
2026-02-01 00:00:00+00:00,10.12,10.21,10.12,10.19,178848.3
2026-02-01 01:00:00+00:00,10.19,10.19,10.1,10.17,91338.09
2026-02-01 02:00:00+00:00,10.18,10.23,10.14,10.21,102994.44
2026-02-01 03:00:00+00:00,10.21,10.22,10.18,10.21,55172.91
2026-02-01 04:00:00+00:00,10.21,10.24,10.2,10.21,55784.66
2026-02-01 05:00:00+00:00,10.21,10.23,10.16,10.16,77191.28
2026-02-01 06:00:00+00:00,10.17,10.22,10.15,10.17,90529.0
2026-02-01 07:00:00+00:00,10.18,10.26,10.13,10.19,122274.48
2026-02-01 08:00:00+00:00,10.19,10.22,10.13,10.17,125202.08
2026-02-01 09:00:00+00:00,10.17,10.22,10.12,10.19,54470.1
2026-02-01 10:00:00+00:00,10.19,10.21,10.02,10.02,120820.73
2026-02-01 11:00:00+00:00,10.03,10.17,10.03,10.13,72510.44
2026-02-01 12:00:00+00:00,10.13,10.13,10.02,10.07,105359.98
2026-02-01 13:00:00+00:00,10.06,10.15,10.03,10.07,83829.85
2026-02-01 14:00:00+00:00,10.07,10.1,9.88,10.04,238909.43
2026-02-01 15:00:00+00:00,10.04,10.04,9.73,9.86,304848.36
2026-02-01 16:00:00+00:00,9.85,9.93,9.75,9.87,210165.56
2026-02-01 17:00:00+00:00,9.87,9.9,9.79,9.89,117921.24
2026-02-01 18:00:00+00:00,9.89,10.1,9.89,9.99,170862.34
2026-02-01 19:00:00+00:00,9.99,10.01,9.83,9.89,88336.63
2026-02-01 20:00:00+00:00,9.89,10.03,9.8,9.93,122805.56
2026-02-01 21:00:00+00:00,9.94,9.95,9.83,9.87,135546.75
2026-02-01 22:00:00+00:00,9.87,10.06,9.86,9.99,171409.3
2026-02-01 23:00:00+00:00,9.98,10.07,9.67,9.91,473188.78
2026-02-02 00:00:00+00:00,9.91,10.1,9.84,10.02,215002.85
2026-02-02 01:00:00+00:00,10.02,10.13,9.89,10.07,120383.26
2026-02-02 02:00:00+00:00,10.07,10.09,9.92,9.93,90225.17
2026-02-02 03:00:00+00:00,9.94,9.94,9.53,9.86,436735.42
2026-02-02 04:00:00+00:00,9.87,10.0,9.72,9.83,152059.56
2026-02-02 05:00:00+00:00,9.84,9.84,9.59,9.68,193193.18
2026-02-02 06:00:00+00:00,9.68,9.95,9.54,9.82,399095.62
2026-02-02 07:00:00+00:00,9.83,9.94,9.79,9.89,182570.27
2026-02-02 08:00:00+00:00,9.88,9.98,9.88,9.94,130259.92
2026-02-02 09:00:00+00:00,9.93,10.07,9.86,10.01,171460.96
2026-02-02 10:00:00+00:00,10.02,10.05,9.95,9.98,93761.82
2026-02-02 11:00:00+00:00,9.97,10.04,9.97,9.99,109344.06
2026-02-02 12:00:00+00:00,9.98,10.09,9.98,10.08,76661.51
2026-02-02 13:00:00+00:00,10.07,10.14,10.03,10.11,65977.71
2026-02-02 14:00:00+00:00,10.12,10.24,10.03,10.15,266989.68
2026-02-02 15:00:00+00:00,10.14,10.32,10.12,10.24,308381.55
2026-02-02 16:00:00+00:00,10.24,10.28,10.18,10.2,108665.63
2026-02-02 17:00:00+00:00,10.19,10.23,10.14,10.16,86710.02
2026-02-02 18:00:00+00:00,10.17,10.22,10.14,10.17,61211.47
2026-02-02 19:00:00+00:00,10.18,10.19,10.12,10.14,55454.2
2026-02-02 20:00:00+00:00,10.13,10.16,10.07,10.1,71422.41
2026-02-02 21:00:00+00:00,10.11,10.18,10.11,10.15,57092.03
2026-02-02 22:00:00+00:00,10.15,10.2,10.14,10.18,75228.14
2026-02-02 23:00:00+00:00,10.18,10.18,10.13,10.14,71797.26
2026-02-03 00:00:00+00:00,10.14,10.16,10.08,10.15,92657.16
2026-02-03 01:00:00+00:00,10.14,10.15,10.08,10.13,70696.58
2026-02-03 02:00:00+00:00,10.13,10.13,9.98,9.98,111663.76
2026-02-03 03:00:00+00:00,9.99,10.15,9.95,10.14,100748.09
2026-02-03 04:00:00+00:00,10.14,10.21,10.1,10.16,83625.75
2026-02-03 05:00:00+00:00,10.16,10.17,10.08,10.09,43412.22
2026-02-03 06:00:00+00:00,10.09,10.14,10.04,10.13,60873.64
2026-02-03 07:00:00+00:00,10.12,10.18,10.1,10.15,55219.14
2026-02-03 08:00:00+00:00,10.15,10.18,10.1,10.1,46388.99
2026-02-03 09:00:00+00:00,10.11,10.14,9.97,10.06,171113.15
2026-02-03 10:00:00+00:00,10.05,10.1,10.03,10.05,59087.74
2026-02-03 11:00:00+00:00,10.06,10.12,10.04,10.08,69210.71
2026-02-03 12:00:00+00:00,10.08,10.17,10.05,10.15,78028.38
2026-02-03 13:00:00+00:00,10.14,10.17,10.12,10.14,75111.23
2026-02-03 14:00:00+00:00,10.15,10.17,9.93,9.93,177174.42
2026-02-03 15:00:00+00:00,9.93,10.17,9.91,10.15,338540.93
2026-02-03 16:00:00+00:00,10.16,10.16,9.92,9.95,278212.62
2026-02-03 17:00:00+00:00,9.95,9.96,9.74,9.76,260134.92
2026-02-03 18:00:00+00:00,9.76,9.8,9.54,9.56,556406.55
2026-02-03 19:00:00+00:00,9.57,10.02,9.54,9.97,473164.12
2026-02-03 20:00:00+00:00,9.96,10.34,9.85,10.21,685658.03
2026-02-03 21:00:00+00:00,10.21,10.27,10.08,10.1,228085.69
2026-02-03 22:00:00+00:00,10.1,10.1,9.94,9.97,105268.48
2026-02-03 23:00:00+00:00,9.97,9.98,9.88,9.93,138907.95
2026-02-04 00:00:00+00:00,9.92,10.03,9.89,9.99,73417.53
2026-02-04 01:00:00+00:00,9.99,10.13,9.98,10.06,88945.09
2026-02-04 02:00:00+00:00,10.06,10.09,9.97,10.02,79464.59
2026-02-04 03:00:00+00:00,10.01,10.14,10.0,10.11,112488.4
2026-02-04 04:00:00+00:00,10.1,10.14,10.08,10.11,64517.39
2026-02-04 05:00:00+00:00,10.1,10.12,10.02,10.05,33221.94
2026-02-04 06:00:00+00:00,10.05,10.16,10.03,10.13,62177.27
2026-02-04 07:00:00+00:00,10.13,10.17,10.07,10.16,199569.22
2026-02-04 08:00:00+00:00,10.15,10.17,10.08,10.14,121232.15
2026-02-04 09:00:00+00:00,10.14,10.15,10.05,10.07,72221.66
2026-02-04 10:00:00+00:00,10.07,10.08,10.03,10.04,57720.67
2026-02-04 11:00:00+00:00,10.04,10.06,9.93,10.02,150351.3
2026-02-04 12:00:00+00:00,10.02,10.04,9.97,10.01,37383.09
2026-02-04 13:00:00+00:00,10.01,10.02,9.86,9.87,113575.48
2026-02-04 14:00:00+00:00,9.87,9.93,9.72,9.74,225365.18
2026-02-04 15:00:00+00:00,9.73,9.86,9.62,9.73,323542.12
2026-02-04 16:00:00+00:00,9.73,9.78,9.58,9.7,341842.28
2026-02-04 17:00:00+00:00,9.7,9.79,9.57,9.7,244819.19
2026-02-04 18:00:00+00:00,9.7,9.9,9.57,9.77,367886.98
2026-02-04 19:00:00+00:00,9.77,9.96,9.71,9.93,226719.82
2026-02-04 20:00:00+00:00,9.94,9.96,9.82,9.84,125055.76
2026-02-04 21:00:00+00:00,9.84,9.86,9.62,9.73,141370.29
2026-02-04 22:00:00+00:00,9.73,9.86,9.55,9.65,223053.89
2026-02-04 23:00:00+00:00,9.65,9.8,9.63,9.72,221502.01
2026-02-05 00:00:00+00:00,9.71,9.77,9.67,9.74,95358.77
2026-02-05 01:00:00+00:00,9.74,9.85,9.65,9.74,232834.0
2026-02-05 02:00:00+00:00,9.74,9.82,9.63,9.65,253228.43
2026-02-05 03:00:00+00:00,9.66,9.72,9.59,9.62,180927.39
2026-02-05 04:00:00+00:00,9.62,9.66,9.54,9.58,228829.3
2026-02-05 05:00:00+00:00,9.58,9.67,9.47,9.56,269977.21
2026-02-05 06:00:00+00:00,9.56,9.57,9.45,9.5,247587.42
2026-02-05 07:00:00+00:00,9.5,9.61,9.48,9.5,289260.41
2026-02-05 08:00:00+00:00,9.51,9.64,9.51,9.57,126548.91
2026-02-05 09:00:00+00:00,9.57,9.68,9.55,9.56,172702.29
2026-02-05 10:00:00+00:00,9.56,9.57,9.33,9.36,234158.53
2026-02-05 11:00:00+00:00,9.36,9.4,9.18,9.26,436760.5
2026-02-05 12:00:00+00:00,9.27,9.32,9.15,9.25,400999.4
2026-02-05 13:00:00+00:00,9.25,9.33,9.2,9.23,313669.2
2026-02-05 14:00:00+00:00,9.22,9.45,9.16,9.19,662439.11
2026-02-05 15:00:00+00:00,9.19,9.22,8.72,8.86,1838266.81
2026-02-05 16:00:00+00:00,8.86,9.09,8.81,8.99,918893.43
2026-02-05 17:00:00+00:00,9.0,9.04,8.72,8.82,667015.32
2026-02-05 18:00:00+00:00,8.83,8.92,8.72,8.9,472329.69
2026-02-05 19:00:00+00:00,8.9,8.91,8.67,8.69,339404.88
2026-02-05 20:00:00+00:00,8.7,8.77,8.27,8.37,1034736.94
2026-02-05 21:00:00+00:00,8.37,8.57,8.26,8.37,644865.61
2026-02-05 22:00:00+00:00,8.37,8.53,8.24,8.39,490389.77
2026-02-05 23:00:00+00:00,8.39,8.57,8.26,8.32,431451.93
2026-02-06 00:00:00+00:00,8.32,8.35,7.55,8.22,2382040.5
2026-02-06 01:00:00+00:00,8.22,8.47,8.19,8.46,399101.12
2026-02-06 02:00:00+00:00,8.47,8.53,8.26,8.32,261741.71
2026-02-06 03:00:00+00:00,8.31,8.36,8.2,8.26,229209.19
2026-02-06 04:00:00+00:00,8.26,8.4,8.23,8.37,155332.26
2026-02-06 05:00:00+00:00,8.37,8.62,8.35,8.61,175538.57
2026-02-06 06:00:00+00:00,8.61,8.64,8.41,8.42,195835.18
2026-02-06 07:00:00+00:00,8.42,8.51,8.33,8.42,248200.4
2026-02-06 08:00:00+00:00,8.42,8.48,8.33,8.39,230296.95
2026-02-06 09:00:00+00:00,8.38,8.64,8.37,8.6,275403.45
2026-02-06 10:00:00+00:00,8.61,8.71,8.58,8.68,206147.78
2026-02-06 11:00:00+00:00,8.68,8.74,8.66,8.71,155733.61
2026-02-06 12:00:00+00:00,8.71,8.72,8.64,8.71,132032.76
2026-02-06 13:00:00+00:00,8.71,8.85,8.69,8.8,191655.68
2026-02-06 14:00:00+00:00,8.81,9.03,8.73,8.98,403342.69
2026-02-06 15:00:00+00:00,8.97,9.07,8.89,9.04,321883.85
2026-02-06 16:00:00+00:00,9.03,9.32,9.0,9.26,309155.53
2026-02-06 17:00:00+00:00,9.26,9.48,9.22,9.35,297184.64
2026-02-06 18:00:00+00:00,9.34,9.36,9.13,9.23,245641.88
2026-02-06 19:00:00+00:00,9.23,9.27,9.16,9.24,153973.95
2026-02-06 20:00:00+00:00,9.24,9.3,9.14,9.16,178080.49
2026-02-06 21:00:00+00:00,9.17,9.22,9.1,9.19,95489.57
2026-02-06 22:00:00+00:00,9.19,9.33,9.18,9.32,191728.63
2026-02-06 23:00:00+00:00,9.32,9.38,9.22,9.28,181881.58
2026-02-07 00:00:00+00:00,9.28,9.28,9.14,9.19,124453.78
2026-02-07 01:00:00+00:00,9.2,9.27,9.13,9.25,95914.26
2026-02-07 02:00:00+00:00,9.24,9.26,9.19,9.22,47091.2
2026-02-07 03:00:00+00:00,9.22,9.32,9.21,9.29,87413.71
2026-02-07 04:00:00+00:00,9.28,9.37,9.24,9.26,108798.88
2026-02-07 05:00:00+00:00,9.25,9.32,9.23,9.26,86284.87
2026-02-07 06:00:00+00:00,9.27,9.34,9.11,9.12,258761.06
2026-02-07 07:00:00+00:00,9.12,9.15,8.91,9.0,352057.88
2026-02-07 08:00:00+00:00,8.99,9.09,8.96,9.06,106093.89
2026-02-07 09:00:00+00:00,9.06,9.1,8.98,9.0,85627.47
2026-02-07 10:00:00+00:00,9.01,9.03,8.93,8.97,63418.03
2026-02-07 11:00:00+00:00,8.97,8.99,8.94,8.99,91873.11
2026-02-07 12:00:00+00:00,8.98,9.26,8.97,9.17,225967.26
2026-02-07 13:00:00+00:00,9.17,9.19,9.06,9.12,101757.92
2026-02-07 14:00:00+00:00,9.13,9.15,9.04,9.06,87244.83
2026-02-07 15:00:00+00:00,9.06,9.21,9.04,9.17,114566.53
2026-02-07 16:00:00+00:00,9.18,9.4,9.14,9.21,1935192.2
2026-02-07 17:00:00+00:00,9.21,9.28,9.15,9.24,77879.83
2026-02-07 18:00:00+00:00,9.24,9.38,9.23,9.33,115168.73
2026-02-07 19:00:00+00:00,9.32,9.33,9.24,9.26,58786.85
2026-02-07 20:00:00+00:00,9.25,9.33,9.24,9.32,76322.25
2026-02-07 21:00:00+00:00,9.31,9.33,9.24,9.25,49357.66
2026-02-07 22:00:00+00:00,9.25,9.3,9.23,9.25,37970.09
2026-02-07 23:00:00+00:00,9.25,9.26,9.18,9.23,41286.68
2026-02-08 00:00:00+00:00,9.22,9.23,9.18,9.2,33077.56
2026-02-08 01:00:00+00:00,9.2,9.25,9.18,9.21,30277.06
2026-02-08 02:00:00+00:00,9.21,9.25,9.15,9.18,35687.32
2026-02-08 03:00:00+00:00,9.18,9.2,9.11,9.13,62961.85
2026-02-08 04:00:00+00:00,9.13,9.16,9.09,9.16,48119.47
2026-02-08 05:00:00+00:00,9.16,9.18,9.11,9.13,28641.66
2026-02-08 06:00:00+00:00,9.13,9.15,9.11,9.11,34729.25
2026-02-08 07:00:00+00:00,9.12,9.15,9.07,9.14,74104.43
2026-02-08 08:00:00+00:00,9.15,9.3,9.12,9.27,121244.78
2026-02-08 09:00:00+00:00,9.27,9.28,9.16,9.18,53648.68
2026-02-08 10:00:00+00:00,9.18,9.23,9.1,9.15,63652.04
2026-02-08 11:00:00+00:00,9.15,9.28,9.14,9.27,124122.88
2026-02-08 12:00:00+00:00,9.28,9.28,9.2,9.26,75882.64
2026-02-08 13:00:00+00:00,9.25,9.29,9.2,9.27,118733.81
2026-02-08 14:00:00+00:00,9.28,9.29,9.23,9.26,79081.58
2026-02-08 15:00:00+00:00,9.26,9.28,9.15,9.17,101725.48
2026-02-08 16:00:00+00:00,9.18,9.21,9.0,9.04,208001.04
2026-02-08 17:00:00+00:00,9.04,9.12,9.04,9.1,62258.09
2026-02-08 18:00:00+00:00,9.1,9.23,9.1,9.16,120826.96
2026-02-08 19:00:00+00:00,9.16,9.22,9.15,9.2,48160.52
2026-02-08 20:00:00+00:00,9.21,9.22,9.09,9.1,69878.05
2026-02-08 21:00:00+00:00,9.1,9.12,9.01,9.06,93158.68
2026-02-08 22:00:00+00:00,9.05,9.09,9.03,9.08,91578.73
2026-02-08 23:00:00+00:00,9.09,9.26,9.01,9.08,172921.57
2026-02-09 00:00:00+00:00,9.08,9.14,9.04,9.1,52735.34
2026-02-09 01:00:00+00:00,9.1,9.18,9.03,9.08,89920.75
2026-02-09 02:00:00+00:00,9.08,9.18,9.06,9.12,54289.86
2026-02-09 03:00:00+00:00,9.12,9.21,9.11,9.18,65432.64
2026-02-09 04:00:00+00:00,9.19,9.19,9.09,9.12,42235.67
2026-02-09 05:00:00+00:00,9.13,9.15,9.09,9.14,56670.48
2026-02-09 06:00:00+00:00,9.14,9.14,9.02,9.06,61159.8
2026-02-09 07:00:00+00:00,9.06,9.09,9.02,9.03,43752.7
2026-02-09 08:00:00+00:00,9.03,9.05,8.85,8.93,174540.51
2026-02-09 09:00:00+00:00,8.93,8.94,8.85,8.87,70128.16
2026-02-09 10:00:00+00:00,8.88,8.89,8.72,8.76,147749.07
2026-02-09 11:00:00+00:00,8.77,8.82,8.76,8.78,95735.07
2026-02-09 12:00:00+00:00,8.79,8.87,8.78,8.84,79723.53
2026-02-09 13:00:00+00:00,8.84,8.88,8.77,8.77,55428.08
2026-02-09 14:00:00+00:00,8.78,8.94,8.74,8.91,147238.14
2026-02-09 15:00:00+00:00,8.92,9.0,8.86,9.0,165338.98
2026-02-09 16:00:00+00:00,9.0,9.16,8.91,9.07,139068.14
2026-02-09 17:00:00+00:00,9.07,9.19,9.0,9.13,178053.16
2026-02-09 18:00:00+00:00,9.14,9.18,9.05,9.08,112304.93
2026-02-09 19:00:00+00:00,9.09,9.14,9.07,9.11,55874.74
2026-02-09 20:00:00+00:00,9.11,9.15,9.04,9.09,68304.81
2026-02-09 21:00:00+00:00,9.1,9.1,8.99,9.08,90524.01
2026-02-09 22:00:00+00:00,9.08,9.12,9.07,9.09,36108.39
2026-02-09 23:00:00+00:00,9.08,9.12,9.04,9.06,78731.37
2026-02-10 00:00:00+00:00,9.06,9.07,9.0,9.02,37594.16
2026-02-10 01:00:00+00:00,9.02,9.11,9.0,9.09,52685.7
2026-02-10 02:00:00+00:00,9.1,9.1,9.01,9.02,36698.51
2026-02-10 03:00:00+00:00,9.03,9.04,8.86,8.91,119292.77
2026-02-10 04:00:00+00:00,8.91,8.98,8.91,8.97,54311.98
2026-02-10 05:00:00+00:00,8.97,8.99,8.88,8.91,36002.51
2026-02-10 06:00:00+00:00,8.9,8.92,8.74,8.78,166028.88
2026-02-10 07:00:00+00:00,8.78,8.85,8.78,8.82,77690.11
2026-02-10 08:00:00+00:00,8.83,8.87,8.79,8.87,71795.54
2026-02-10 09:00:00+00:00,8.86,8.91,8.84,8.86,75736.97
2026-02-10 10:00:00+00:00,8.87,8.88,8.82,8.82,39603.74
2026-02-10 11:00:00+00:00,8.82,8.86,8.78,8.78,79842.63
2026-02-10 12:00:00+00:00,8.79,8.83,8.76,8.77,64965.82
2026-02-10 13:00:00+00:00,8.77,8.83,8.76,8.81,74851.25
2026-02-10 14:00:00+00:00,8.8,8.88,8.71,8.76,156042.65
2026-02-10 15:00:00+00:00,8.76,8.85,8.74,8.79,123960.7
2026-02-10 16:00:00+00:00,8.78,8.85,8.74,8.78,135268.6
2026-02-10 17:00:00+00:00,8.78,8.85,8.75,8.82,106748.69
2026-02-10 18:00:00+00:00,8.82,8.83,8.67,8.71,97200.49
2026-02-10 19:00:00+00:00,8.71,8.77,8.68,8.72,84603.63
2026-02-10 20:00:00+00:00,8.73,8.74,8.69,8.7,116593.53
2026-02-10 21:00:00+00:00,8.7,8.74,8.65,8.69,169607.99
2026-02-10 22:00:00+00:00,8.69,8.76,8.68,8.72,107482.5
2026-02-10 23:00:00+00:00,8.72,8.76,8.7,8.76,70960.71
2026-02-11 00:00:00+00:00,8.76,8.78,8.73,8.77,72980.24
2026-02-11 01:00:00+00:00,8.77,8.79,8.74,8.77,42923.7
2026-02-11 02:00:00+00:00,8.77,8.89,8.77,8.86,140974.48
2026-02-11 03:00:00+00:00,8.86,8.97,8.78,8.88,162480.47
2026-02-11 04:00:00+00:00,8.87,8.89,8.71,8.74,166442.69
2026-02-11 05:00:00+00:00,8.74,8.77,8.66,8.68,138466.93
2026-02-11 06:00:00+00:00,8.67,8.7,8.55,8.57,203003.5
2026-02-11 07:00:00+00:00,8.57,8.62,8.56,8.59,83612.96
2026-02-11 08:00:00+00:00,8.58,8.59,8.53,8.55,76705.8
2026-02-11 09:00:00+00:00,8.55,8.57,8.52,8.53,69788.83
2026-02-11 10:00:00+00:00,8.53,8.54,8.48,8.53,129685.08
2026-02-11 11:00:00+00:00,8.53,8.6,8.52,8.59,97639.43
2026-02-11 12:00:00+00:00,8.59,8.62,8.56,8.59,74568.39
2026-02-11 13:00:00+00:00,8.59,8.68,8.56,8.66,204852.01
2026-02-11 14:00:00+00:00,8.66,8.9,8.53,8.55,420769.77
2026-02-11 15:00:00+00:00,8.55,8.58,8.43,8.52,289279.8
2026-02-11 16:00:00+00:00,8.51,8.68,8.49,8.56,251304.44
2026-02-11 17:00:00+00:00,8.55,8.68,8.52,8.63,165676.29
2026-02-11 18:00:00+00:00,8.63,8.75,8.58,8.72,113031.96
2026-02-11 19:00:00+00:00,8.72,8.76,8.68,8.71,123750.5
2026-02-11 20:00:00+00:00,8.7,8.72,8.63,8.7,71932.11
2026-02-11 21:00:00+00:00,8.69,8.81,8.67,8.75,122332.19
2026-02-11 22:00:00+00:00,8.74,8.76,8.66,8.67,111272.02
2026-02-11 23:00:00+00:00,8.68,8.7,8.58,8.63,117585.8
2026-02-12 00:00:00+00:00,8.63,8.76,8.63,8.73,82621.79
2026-02-12 01:00:00+00:00,8.73,8.79,8.72,8.74,48907.14
2026-02-12 02:00:00+00:00,8.73,8.78,8.69,8.72,56550.49
2026-02-12 03:00:00+00:00,8.73,8.76,8.71,8.75,53974.14
2026-02-12 04:00:00+00:00,8.75,8.77,8.73,8.74,54192.43
2026-02-12 05:00:00+00:00,8.74,8.78,8.68,8.78,46400.14
2026-02-12 06:00:00+00:00,8.78,8.85,8.77,8.81,65371.68
2026-02-12 07:00:00+00:00,8.81,8.84,8.78,8.82,58100.3
2026-02-12 08:00:00+00:00,8.81,8.84,8.78,8.8,67673.29
2026-02-12 09:00:00+00:00,8.8,8.9,8.79,8.87,79208.45
2026-02-12 10:00:00+00:00,8.88,8.96,8.87,8.95,98653.43
2026-02-12 11:00:00+00:00,8.95,8.97,8.9,8.91,113571.15
2026-02-12 12:00:00+00:00,8.91,8.92,8.82,8.84,128756.04
2026-02-12 13:00:00+00:00,8.84,8.94,8.81,8.94,125973.92
2026-02-12 14:00:00+00:00,8.94,8.97,8.89,8.92,141990.99
2026-02-12 15:00:00+00:00,8.92,8.96,8.79,8.8,207781.76
2026-02-12 16:00:00+00:00,8.81,8.82,8.62,8.67,387969.51
2026-02-12 17:00:00+00:00,8.67,8.76,8.65,8.67,133089.13
2026-02-12 18:00:00+00:00,8.68,8.77,8.65,8.74,106189.25
2026-02-12 19:00:00+00:00,8.73,8.86,8.7,8.77,204238.15
2026-02-12 20:00:00+00:00,8.76,8.79,8.68,8.7,171635.36
2026-02-12 21:00:00+00:00,8.7,8.77,8.7,8.74,48534.12
2026-02-12 22:00:00+00:00,8.75,8.84,8.72,8.84,100980.33
2026-02-12 23:00:00+00:00,8.84,8.91,8.83,8.9,139949.62
2026-02-13 00:00:00+00:00,8.9,8.94,8.82,8.85,102802.66
2026-02-13 01:00:00+00:00,8.85,8.92,8.85,8.87,109459.63
2026-02-13 02:00:00+00:00,8.87,8.89,8.82,8.87,81749.86
2026-02-13 03:00:00+00:00,8.87,8.9,8.82,8.86,49105.4
2026-02-13 04:00:00+00:00,8.86,8.86,8.79,8.81,53282.74
2026-02-13 05:00:00+00:00,8.81,8.84,8.78,8.79,47864.91
2026-02-13 06:00:00+00:00,8.79,8.82,8.74,8.81,48213.24
2026-02-13 07:00:00+00:00,8.81,8.87,8.8,8.84,54945.05
2026-02-13 08:00:00+00:00,8.83,8.91,8.81,8.9,134595.65
2026-02-13 09:00:00+00:00,8.9,8.91,8.85,8.88,43570.51
2026-02-13 10:00:00+00:00,8.88,8.91,8.86,8.9,51716.17
2026-02-13 11:00:00+00:00,8.89,8.9,8.84,8.88,50676.54
2026-02-13 12:00:00+00:00,8.88,8.88,8.82,8.86,33355.29
2026-02-13 13:00:00+00:00,8.85,8.96,8.85,8.93,121574.6
2026-02-13 14:00:00+00:00,8.93,9.04,8.88,8.98,227164.19
2026-02-13 15:00:00+00:00,8.99,9.22,8.99,9.1,329115.55
2026-02-13 16:00:00+00:00,9.1,9.26,9.1,9.19,192677.73
2026-02-13 17:00:00+00:00,9.19,9.21,9.14,9.17,62219.95
2026-02-13 18:00:00+00:00,9.17,9.21,9.13,9.18,99542.11
2026-02-13 19:00:00+00:00,9.18,9.21,9.16,9.18,57925.11
2026-02-13 20:00:00+00:00,9.18,9.21,9.15,9.2,74926.18
2026-02-13 21:00:00+00:00,9.2,9.25,9.2,9.22,138473.14
2026-02-13 22:00:00+00:00,9.22,9.25,9.18,9.19,94645.39
2026-02-13 23:00:00+00:00,9.19,9.2,9.14,9.14,57651.45
2026-02-14 00:00:00+00:00,9.15,9.22,9.12,9.19,74193.46
2026-02-14 01:00:00+00:00,9.18,9.2,9.16,9.17,52881.9
2026-02-14 02:00:00+00:00,9.18,9.19,9.16,9.19,29326.02
2026-02-14 03:00:00+00:00,9.18,9.22,9.18,9.2,28027.35
2026-02-14 04:00:00+00:00,9.2,9.21,9.17,9.17,14103.08
2026-02-14 05:00:00+00:00,9.17,9.19,9.15,9.16,26417.98
2026-02-14 06:00:00+00:00,9.17,9.18,9.13,9.18,23926.93
2026-02-14 07:00:00+00:00,9.17,9.21,9.17,9.2,38293.5
2026-02-14 08:00:00+00:00,9.19,9.28,9.19,9.26,117498.33
2026-02-14 09:00:00+00:00,9.26,9.27,9.23,9.26,49001.12
2026-02-14 10:00:00+00:00,9.25,9.26,9.22,9.25,27992.68
2026-02-14 11:00:00+00:00,9.25,9.39,9.24,9.38,205770.16
2026-02-14 12:00:00+00:00,9.38,9.4,9.3,9.3,163905.62
2026-02-14 13:00:00+00:00,9.31,9.31,9.25,9.29,96657.14
2026-02-14 14:00:00+00:00,9.29,9.39,9.28,9.37,87972.91
2026-02-14 15:00:00+00:00,9.37,9.39,9.33,9.38,114689.42
2026-02-14 16:00:00+00:00,9.39,9.46,9.34,9.43,146963.94
2026-02-14 17:00:00+00:00,9.44,9.5,9.4,9.47,103510.69
2026-02-14 18:00:00+00:00,9.46,9.57,9.45,9.56,70988.42
2026-02-14 19:00:00+00:00,9.57,9.64,9.49,9.63,90801.22
2026-02-14 20:00:00+00:00,9.64,9.66,9.54,9.6,81368.29
2026-02-14 21:00:00+00:00,9.6,9.66,9.56,9.65,118228.86
2026-02-14 22:00:00+00:00,9.65,9.72,9.64,9.64,137823.44
2026-02-14 23:00:00+00:00,9.64,9.65,9.56,9.59,56857.99
2026-02-15 00:00:00+00:00,9.6,9.62,9.53,9.58,63855.96
2026-02-15 01:00:00+00:00,9.58,9.64,9.52,9.58,69005.95
2026-02-15 02:00:00+00:00,9.58,9.63,9.49,9.55,83736.94
2026-02-15 03:00:00+00:00,9.55,9.6,9.47,9.6,101562.55
2026-02-15 04:00:00+00:00,9.59,9.71,9.58,9.61,140343.16
2026-02-15 05:00:00+00:00,9.62,9.72,9.61,9.69,61956.4
2026-02-15 06:00:00+00:00,9.69,9.7,9.61,9.64,52802.02
2026-02-15 07:00:00+00:00,9.64,9.75,9.63,9.7,87830.14
2026-02-15 08:00:00+00:00,9.7,9.71,9.53,9.58,104103.04
2026-02-15 09:00:00+00:00,9.58,9.65,9.57,9.58,58447.44
2026-02-15 10:00:00+00:00,9.59,9.6,9.51,9.55,64125.71
2026-02-15 11:00:00+00:00,9.55,9.57,9.51,9.52,60017.98
2026-02-15 12:00:00+00:00,9.52,9.54,9.33,9.34,166988.36
2026-02-15 13:00:00+00:00,9.33,9.42,9.28,9.29,186329.58
2026-02-15 14:00:00+00:00,9.3,9.38,9.29,9.38,74565.5
2026-02-15 15:00:00+00:00,9.37,9.4,9.36,9.38,59051.84
2026-02-15 16:00:00+00:00,9.38,9.39,9.32,9.37,88121.3
2026-02-15 17:00:00+00:00,9.37,9.38,9.19,9.25,198885.19
2026-02-15 18:00:00+00:00,9.25,9.27,9.17,9.2,187245.69
2026-02-15 19:00:00+00:00,9.19,9.24,9.14,9.18,149297.76
2026-02-15 20:00:00+00:00,9.18,9.24,9.14,9.23,69432.4
2026-02-15 21:00:00+00:00,9.22,9.29,9.22,9.25,53842.21
2026-02-15 22:00:00+00:00,9.24,9.31,9.22,9.29,46840.42
2026-02-15 23:00:00+00:00,9.28,9.3,9.21,9.29,76232.78
2026-02-16 00:00:00+00:00,9.29,9.34,9.25,9.29,82300.47
2026-02-16 01:00:00+00:00,9.29,9.33,9.21,9.24,57449.8
2026-02-16 02:00:00+00:00,9.25,9.27,9.2,9.21,41587.98
2026-02-16 03:00:00+00:00,9.22,9.25,9.2,9.24,44828.86
2026-02-16 04:00:00+00:00,9.24,9.32,9.23,9.31,49634.19
2026-02-16 05:00:00+00:00,9.32,9.34,9.18,9.2,54248.29
2026-02-16 06:00:00+00:00,9.21,9.28,9.19,9.26,37125.94
2026-02-16 07:00:00+00:00,9.27,9.31,9.23,9.26,58549.91
2026-02-16 08:00:00+00:00,9.26,9.31,9.26,9.28,67951.07
2026-02-16 09:00:00+00:00,9.28,9.35,9.27,9.32,80363.53
2026-02-16 10:00:00+00:00,9.32,9.33,9.26,9.28,78418.83
2026-02-16 11:00:00+00:00,9.27,9.29,9.17,9.27,80393.61
2026-02-16 12:00:00+00:00,9.27,9.39,9.26,9.37,167910.92
2026-02-16 13:00:00+00:00,9.37,9.42,9.19,9.21,136258.49
2026-02-16 14:00:00+00:00,9.21,9.28,9.16,9.22,103596.75
2026-02-16 15:00:00+00:00,9.23,9.26,9.05,9.09,247449.41
2026-02-16 16:00:00+00:00,9.09,9.15,9.06,9.13,154142.25
2026-02-16 17:00:00+00:00,9.13,9.19,9.11,9.16,101918.86
2026-02-16 18:00:00+00:00,9.16,9.18,9.12,9.13,44837.12
2026-02-16 19:00:00+00:00,9.13,9.17,9.12,9.15,25162.19
2026-02-16 20:00:00+00:00,9.14,9.22,9.11,9.21,45806.17
2026-02-16 21:00:00+00:00,9.2,9.28,9.18,9.28,76928.76
2026-02-16 22:00:00+00:00,9.28,9.31,9.25,9.27,98588.75
2026-02-16 23:00:00+00:00,9.27,9.28,9.25,9.26,58144.93
2026-02-17 00:00:00+00:00,9.26,9.28,9.24,9.24,73555.05
2026-02-17 01:00:00+00:00,9.25,9.28,9.21,9.23,44508.36
2026-02-17 02:00:00+00:00,9.22,9.3,9.18,9.28,46633.26
2026-02-17 03:00:00+00:00,9.28,9.28,9.22,9.22,23089.8
2026-02-17 04:00:00+00:00,9.23,9.25,9.19,9.22,28692.04
2026-02-17 05:00:00+00:00,9.23,9.24,9.13,9.17,62852.76
2026-02-17 06:00:00+00:00,9.17,9.21,9.17,9.2,23097.07
2026-02-17 07:00:00+00:00,9.19,9.22,9.17,9.2,19991.32
2026-02-17 08:00:00+00:00,9.2,9.22,9.15,9.16,27829.66
2026-02-17 09:00:00+00:00,9.15,9.17,9.11,9.13,31570.0
2026-02-17 10:00:00+00:00,9.13,9.14,9.06,9.09,64999.3
2026-02-17 11:00:00+00:00,9.09,9.13,9.07,9.11,28722.0
2026-02-17 12:00:00+00:00,9.11,9.18,9.1,9.14,52348.57
2026-02-17 13:00:00+00:00,9.15,9.23,9.13,9.19,62838.43
2026-02-17 14:00:00+00:00,9.2,9.23,9.0,9.04,122439.96
2026-02-17 15:00:00+00:00,9.04,9.12,9.01,9.08,152084.75
2026-02-17 16:00:00+00:00,9.08,9.29,9.08,9.14,217596.26
2026-02-17 17:00:00+00:00,9.14,9.17,9.04,9.08,94787.18
2026-02-17 18:00:00+00:00,9.07,9.26,9.07,9.23,88684.53
2026-02-17 19:00:00+00:00,9.23,9.25,9.17,9.18,45562.24
2026-02-17 20:00:00+00:00,9.17,9.19,9.13,9.16,39492.5
2026-02-17 21:00:00+00:00,9.16,9.19,9.14,9.17,22146.98
2026-02-17 22:00:00+00:00,9.17,9.2,9.15,9.16,34693.9
2026-02-17 23:00:00+00:00,9.16,9.17,9.13,9.14,92469.05
2026-02-18 00:00:00+00:00,9.13,9.15,9.1,9.11,38830.95
2026-02-18 01:00:00+00:00,9.11,9.12,9.06,9.11,45915.1
2026-02-18 02:00:00+00:00,9.1,9.17,9.1,9.12,36412.77
2026-02-18 03:00:00+00:00,9.11,9.14,9.09,9.11,24388.23
2026-02-18 04:00:00+00:00,9.11,9.12,9.06,9.07,57841.62
2026-02-18 05:00:00+00:00,9.08,9.09,9.03,9.04,38055.65
2026-02-18 06:00:00+00:00,9.04,9.1,9.03,9.06,35516.39
2026-02-18 07:00:00+00:00,9.07,9.15,9.05,9.12,46196.64
2026-02-18 08:00:00+00:00,9.13,9.21,9.12,9.13,109215.61
2026-02-18 09:00:00+00:00,9.14,9.15,9.11,9.12,38318.77
2026-02-18 10:00:00+00:00,9.12,9.15,9.08,9.09,35197.85
2026-02-18 11:00:00+00:00,9.09,9.11,9.0,9.05,69027.15
2026-02-18 12:00:00+00:00,9.05,9.07,9.01,9.05,41403.6
2026-02-18 13:00:00+00:00,9.05,9.07,8.97,8.99,73814.36
2026-02-18 14:00:00+00:00,9.0,9.03,8.94,9.02,108676.83
2026-02-18 15:00:00+00:00,9.02,9.2,9.02,9.12,115563.06
2026-02-18 16:00:00+00:00,9.12,9.12,9.02,9.04,78058.39
2026-02-18 17:00:00+00:00,9.03,9.11,9.01,9.02,43986.79
2026-02-18 18:00:00+00:00,9.02,9.03,8.9,8.93,159945.92
2026-02-18 19:00:00+00:00,8.92,8.96,8.82,8.89,166642.83
2026-02-18 20:00:00+00:00,8.88,8.92,8.85,8.87,62865.83
2026-02-18 21:00:00+00:00,8.87,8.9,8.84,8.85,69112.8
2026-02-18 22:00:00+00:00,8.85,8.87,8.8,8.85,72814.27
2026-02-18 23:00:00+00:00,8.85,8.86,8.84,8.86,77914.43
2026-02-19 00:00:00+00:00,8.86,8.87,8.83,8.84,64900.35
2026-02-19 01:00:00+00:00,8.84,8.91,8.84,8.91,64001.22
2026-02-19 02:00:00+00:00,8.91,8.92,8.87,8.9,36976.21
2026-02-19 03:00:00+00:00,8.9,8.93,8.89,8.91,37856.12
2026-02-19 04:00:00+00:00,8.91,8.94,8.89,8.9,63405.44
2026-02-19 05:00:00+00:00,8.9,8.91,8.84,8.88,46974.34
2026-02-19 06:00:00+00:00,8.87,8.94,8.87,8.9,25470.47
2026-02-19 07:00:00+00:00,8.91,8.93,8.88,8.9,34362.79
2026-02-19 08:00:00+00:00,8.91,8.91,8.8,8.83,55385.05
2026-02-19 09:00:00+00:00,8.83,8.87,8.82,8.84,59763.03
2026-02-19 10:00:00+00:00,8.84,8.86,8.8,8.83,79229.77
2026-02-19 11:00:00+00:00,8.83,8.85,8.78,8.79,58879.37
2026-02-19 12:00:00+00:00,8.8,8.83,8.78,8.8,58821.59
2026-02-19 13:00:00+00:00,8.79,8.8,8.66,8.7,147935.7
2026-02-19 14:00:00+00:00,8.7,8.81,8.68,8.78,212128.85
2026-02-19 15:00:00+00:00,8.79,8.86,8.76,8.83,322399.29
2026-02-19 16:00:00+00:00,8.83,8.91,8.74,8.85,192101.53
2026-02-19 17:00:00+00:00,8.85,8.94,8.78,8.8,109186.23
2026-02-19 18:00:00+00:00,8.8,8.91,8.79,8.89,100416.53
2026-02-19 19:00:00+00:00,8.9,8.92,8.83,8.89,64549.32
2026-02-19 20:00:00+00:00,8.88,8.94,8.87,8.9,76124.93
2026-02-19 21:00:00+00:00,8.9,8.92,8.88,8.9,82648.83
2026-02-19 22:00:00+00:00,8.9,8.91,8.86,8.91,81597.79
2026-02-19 23:00:00+00:00,8.91,8.92,8.89,8.91,50869.42
2026-02-20 00:00:00+00:00,8.9,8.98,8.89,8.94,85097.31
2026-02-20 01:00:00+00:00,8.94,8.95,8.91,8.94,30156.2
2026-02-20 02:00:00+00:00,8.94,8.96,8.92,8.94,25394.48
2026-02-20 03:00:00+00:00,8.93,8.96,8.92,8.94,42676.98
2026-02-20 04:00:00+00:00,8.95,8.95,8.88,8.92,69874.72
2026-02-20 05:00:00+00:00,8.93,9.04,8.9,9.01,101514.34
2026-02-20 06:00:00+00:00,9.0,9.09,8.99,9.08,80345.95
2026-02-20 07:00:00+00:00,9.08,9.29,9.08,9.19,513545.5
2026-02-20 08:00:00+00:00,9.19,9.27,9.19,9.22,222308.99
2026-02-20 09:00:00+00:00,9.22,9.33,9.22,9.28,161111.85
2026-02-20 10:00:00+00:00,9.28,9.36,9.22,9.24,162795.26
2026-02-20 11:00:00+00:00,9.23,9.24,9.1,9.12,139632.04
2026-02-20 12:00:00+00:00,9.12,9.13,9.08,9.1,77140.16
2026-02-20 13:00:00+00:00,9.1,9.13,8.93,8.99,245018.46
2026-02-20 14:00:00+00:00,8.98,9.07,8.97,9.03,121705.03
2026-02-20 15:00:00+00:00,9.03,9.2,9.02,9.18,295455.89
2026-02-20 16:00:00+00:00,9.18,9.25,9.1,9.16,176666.27
2026-02-20 17:00:00+00:00,9.16,9.16,9.0,9.15,201964.57
2026-02-20 18:00:00+00:00,9.15,9.18,9.09,9.14,105389.14
2026-02-20 19:00:00+00:00,9.14,9.16,9.1,9.14,67443.33
2026-02-20 20:00:00+00:00,9.15,9.16,9.1,9.14,69668.61
2026-02-20 21:00:00+00:00,9.13,9.16,9.11,9.14,50490.39
2026-02-20 22:00:00+00:00,9.15,9.17,9.12,9.15,59935.02
2026-02-20 23:00:00+00:00,9.14,9.18,9.13,9.17,64984.35
2026-02-21 00:00:00+00:00,9.17,9.18,9.12,9.13,20894.27
2026-02-21 01:00:00+00:00,9.14,9.16,9.12,9.15,39087.22
2026-02-21 02:00:00+00:00,9.15,9.2,9.14,9.19,35668.29
2026-02-21 03:00:00+00:00,9.19,9.2,9.13,9.16,31265.7
2026-02-21 04:00:00+00:00,9.17,9.18,9.14,9.17,9814.75
2026-02-21 05:00:00+00:00,9.18,9.21,9.17,9.2,29489.86
2026-02-21 06:00:00+00:00,9.21,9.21,9.13,9.15,25323.79
2026-02-21 07:00:00+00:00,9.15,9.17,9.13,9.15,17420.96
2026-02-21 08:00:00+00:00,9.15,9.22,9.14,9.21,64359.38
2026-02-21 09:00:00+00:00,9.21,9.26,9.19,9.24,101193.98
2026-02-21 10:00:00+00:00,9.24,9.29,9.23,9.27,72274.39
2026-02-21 11:00:00+00:00,9.26,9.3,9.25,9.27,82433.63
2026-02-21 12:00:00+00:00,9.28,9.29,9.25,9.29,82414.58
2026-02-21 13:00:00+00:00,9.29,9.36,9.28,9.35,57261.28
2026-02-21 14:00:00+00:00,9.35,9.45,9.32,9.35,239513.24
2026-02-21 15:00:00+00:00,9.36,9.37,9.26,9.29,115608.07
2026-02-21 16:00:00+00:00,9.28,9.29,9.2,9.23,127614.99
2026-02-21 17:00:00+00:00,9.22,9.29,9.21,9.27,43989.36
2026-02-21 18:00:00+00:00,9.27,9.31,9.27,9.3,48388.85
2026-02-21 19:00:00+00:00,9.31,9.31,9.25,9.27,26725.71
2026-02-21 20:00:00+00:00,9.26,9.28,9.15,9.16,78981.82
2026-02-21 21:00:00+00:00,9.16,9.21,9.14,9.2,47181.03
2026-02-21 22:00:00+00:00,9.19,9.2,9.16,9.16,45279.59
2026-02-21 23:00:00+00:00,9.17,9.17,9.11,9.12,78636.55
2026-02-22 00:00:00+00:00,9.12,9.12,9.03,9.07,127293.0
2026-02-22 01:00:00+00:00,9.06,9.11,9.05,9.09,64569.47
2026-02-22 02:00:00+00:00,9.08,9.11,9.03,9.03,49567.68
2026-02-22 03:00:00+00:00,9.03,9.06,9.01,9.05,81344.16
2026-02-22 04:00:00+00:00,9.05,9.07,9.03,9.04,27735.11
2026-02-22 05:00:00+00:00,9.04,9.05,8.99,9.01,72218.54
2026-02-22 06:00:00+00:00,9.0,9.02,8.96,9.01,97002.8
2026-02-22 07:00:00+00:00,9.01,9.03,9.0,9.02,54512.06
2026-02-22 08:00:00+00:00,9.01,9.03,8.97,8.99,44848.95
2026-02-22 09:00:00+00:00,8.98,9.0,8.97,9.0,44285.93
2026-02-22 10:00:00+00:00,9.0,9.06,8.99,9.03,66644.39
2026-02-22 11:00:00+00:00,9.02,9.04,8.99,9.01,58641.26
2026-02-22 12:00:00+00:00,9.0,9.01,8.9,8.93,194514.33
2026-02-22 13:00:00+00:00,8.93,8.94,8.87,8.91,231241.64
2026-02-22 14:00:00+00:00,8.9,8.91,8.83,8.87,146048.43
2026-02-22 15:00:00+00:00,8.87,8.91,8.82,8.88,80128.57
2026-02-22 16:00:00+00:00,8.89,8.89,8.85,8.88,37549.68
2026-02-22 17:00:00+00:00,8.88,8.89,8.8,8.81,93691.16
2026-02-22 18:00:00+00:00,8.81,8.84,8.8,8.82,62167.46
2026-02-22 19:00:00+00:00,8.83,8.83,8.8,8.83,34478.96
2026-02-22 20:00:00+00:00,8.82,8.82,8.79,8.8,70758.72
2026-02-22 21:00:00+00:00,8.81,8.84,8.79,8.82,59786.52
2026-02-22 22:00:00+00:00,8.82,8.87,8.81,8.86,51339.93
2026-02-22 23:00:00+00:00,8.87,8.89,8.83,8.87,43780.78
2026-02-23 00:00:00+00:00,8.87,8.9,8.77,8.79,100468.3
2026-02-23 01:00:00+00:00,8.78,8.78,8.34,8.37,1070886.61
2026-02-23 02:00:00+00:00,8.36,8.44,8.33,8.42,238319.0
2026-02-23 03:00:00+00:00,8.42,8.47,8.36,8.41,144463.87
2026-02-23 04:00:00+00:00,8.42,8.43,8.33,8.36,130852.28
2026-02-23 05:00:00+00:00,8.36,8.45,8.35,8.43,125782.14
2026-02-23 06:00:00+00:00,8.43,8.58,8.43,8.58,75906.64
2026-02-23 07:00:00+00:00,8.57,8.61,8.54,8.57,72652.51
2026-02-23 08:00:00+00:00,8.56,8.56,8.5,8.52,57367.05
2026-02-23 09:00:00+00:00,8.52,8.72,8.52,8.7,96920.81
2026-02-23 10:00:00+00:00,8.7,8.72,8.66,8.68,59267.87
2026-02-23 11:00:00+00:00,8.68,8.72,8.63,8.65,69436.3
2026-02-23 12:00:00+00:00,8.65,8.78,8.64,8.73,57950.44
2026-02-23 13:00:00+00:00,8.74,8.75,8.68,8.68,60297.3
2026-02-23 14:00:00+00:00,8.69,8.7,8.59,8.64,75496.26
2026-02-23 15:00:00+00:00,8.64,8.66,8.55,8.57,75293.22
2026-02-23 16:00:00+00:00,8.57,8.62,8.51,8.56,161452.45
2026-02-23 17:00:00+00:00,8.56,8.58,8.34,8.44,133023.63
2026-02-23 18:00:00+00:00,8.44,8.51,8.41,8.42,84658.78
2026-02-23 19:00:00+00:00,8.42,8.44,8.36,8.37,71565.38
2026-02-23 20:00:00+00:00,8.37,8.38,8.27,8.35,239446.18
2026-02-23 21:00:00+00:00,8.35,8.42,8.34,8.41,152586.38
2026-02-23 22:00:00+00:00,8.41,8.45,8.4,8.41,101290.74
2026-02-23 23:00:00+00:00,8.42,8.44,8.35,8.36,64415.38
2026-02-24 00:00:00+00:00,8.37,8.44,8.36,8.42,81107.8
2026-02-24 01:00:00+00:00,8.42,8.45,8.21,8.37,226049.32
2026-02-24 02:00:00+00:00,8.37,8.43,8.35,8.39,60880.17
2026-02-24 03:00:00+00:00,8.38,8.38,8.28,8.31,81236.74
2026-02-24 04:00:00+00:00,8.31,8.32,8.24,8.28,87197.87
2026-02-24 05:00:00+00:00,8.27,8.31,8.21,8.25,73051.11
2026-02-24 06:00:00+00:00,8.25,8.28,8.23,8.24,45022.14
2026-02-24 07:00:00+00:00,8.24,8.28,8.22,8.26,58607.45
2026-02-24 08:00:00+00:00,8.26,8.33,8.23,8.31,54425.26
2026-02-24 09:00:00+00:00,8.3,8.31,8.23,8.29,56139.52
2026-02-24 10:00:00+00:00,8.29,8.3,8.26,8.28,56188.0
2026-02-24 11:00:00+00:00,8.28,8.34,8.25,8.32,240817.64
2026-02-24 12:00:00+00:00,8.32,8.37,8.3,8.3,57915.89
2026-02-24 13:00:00+00:00,8.31,8.32,8.2,8.26,173676.04
2026-02-24 14:00:00+00:00,8.25,8.38,8.18,8.32,158931.87
2026-02-24 15:00:00+00:00,8.32,8.37,8.3,8.34,81575.87
2026-02-24 16:00:00+00:00,8.33,8.41,8.32,8.39,90878.91
2026-02-24 17:00:00+00:00,8.4,8.41,8.35,8.38,76234.83
2026-02-24 18:00:00+00:00,8.38,8.43,8.34,8.4,50215.69
2026-02-24 19:00:00+00:00,8.39,8.42,8.32,8.35,60112.4
2026-02-24 20:00:00+00:00,8.35,8.38,8.33,8.35,36936.04
2026-02-24 21:00:00+00:00,8.35,8.35,8.28,8.31,75275.05
2026-02-24 22:00:00+00:00,8.31,8.36,8.29,8.31,42384.1
2026-02-24 23:00:00+00:00,8.32,8.32,8.25,8.29,44483.66
2026-02-25 00:00:00+00:00,8.28,8.34,8.26,8.33,60107.79
2026-02-25 01:00:00+00:00,8.33,8.7,8.32,8.62,325280.65
2026-02-25 02:00:00+00:00,8.62,8.71,8.6,8.63,197896.48
2026-02-25 03:00:00+00:00,8.63,8.64,8.5,8.51,156397.91
2026-02-25 04:00:00+00:00,8.51,8.57,8.45,8.54,153014.04
2026-02-25 05:00:00+00:00,8.53,8.54,8.41,8.48,96851.24
2026-02-25 06:00:00+00:00,8.47,8.54,8.47,8.51,82535.99
2026-02-25 07:00:00+00:00,8.51,8.59,8.51,8.57,172541.9
2026-02-25 08:00:00+00:00,8.58,8.64,8.54,8.63,92868.44
2026-02-25 09:00:00+00:00,8.62,8.75,8.62,8.74,100540.29
2026-02-25 10:00:00+00:00,8.74,8.83,8.74,8.8,239508.48
2026-02-25 11:00:00+00:00,8.8,8.99,8.76,8.97,493016.94
2026-02-25 12:00:00+00:00,8.97,9.34,8.95,9.3,1252395.38
2026-02-25 13:00:00+00:00,9.31,9.51,9.31,9.39,1107102.78
2026-02-25 14:00:00+00:00,9.39,9.49,9.32,9.48,476334.92
2026-02-25 15:00:00+00:00,9.48,9.6,9.45,9.52,473557.68
2026-02-25 16:00:00+00:00,9.53,9.82,9.53,9.8,571273.79
2026-02-25 17:00:00+00:00,9.8,9.82,9.62,9.66,474071.76
2026-02-25 18:00:00+00:00,9.67,9.77,9.57,9.73,259531.35
2026-02-25 19:00:00+00:00,9.73,9.78,9.63,9.74,258002.07
2026-02-25 20:00:00+00:00,9.75,9.78,9.64,9.69,214548.19
2026-02-25 21:00:00+00:00,9.69,9.84,9.63,9.7,408294.23
2026-02-25 22:00:00+00:00,9.71,9.74,9.53,9.58,265561.95
2026-02-25 23:00:00+00:00,9.58,9.65,9.41,9.51,275973.17
2026-02-26 00:00:00+00:00,9.51,9.64,9.47,9.53,536080.51
2026-02-26 01:00:00+00:00,9.52,9.58,9.49,9.5,186512.26
2026-02-26 02:00:00+00:00,9.51,9.53,9.43,9.48,235205.38
2026-02-26 03:00:00+00:00,9.48,9.5,9.43,9.45,128232.26
2026-02-26 04:00:00+00:00,9.45,9.57,9.44,9.51,160355.26
2026-02-26 05:00:00+00:00,9.5,9.51,9.41,9.43,138979.51
2026-02-26 06:00:00+00:00,9.44,9.46,9.34,9.36,490767.81
2026-02-26 07:00:00+00:00,9.36,9.39,9.32,9.32,152522.92
2026-02-26 08:00:00+00:00,9.32,9.38,9.31,9.32,302563.91
2026-02-26 09:00:00+00:00,9.32,9.41,9.32,9.38,187996.11
2026-02-26 10:00:00+00:00,9.38,9.41,9.28,9.3,142137.39
2026-02-26 11:00:00+00:00,9.3,9.31,9.24,9.24,122352.87
2026-02-26 12:00:00+00:00,9.24,9.37,9.24,9.35,100372.75
2026-02-26 13:00:00+00:00,9.36,9.38,9.32,9.34,82322.93
2026-02-26 14:00:00+00:00,9.33,9.39,9.27,9.32,236376.6
2026-02-26 15:00:00+00:00,9.33,9.36,9.21,9.31,232863.51
2026-02-26 16:00:00+00:00,9.31,9.32,9.09,9.12,310905.79
2026-02-26 17:00:00+00:00,9.12,9.19,9.1,9.13,112901.71
2026-02-26 18:00:00+00:00,9.12,9.23,9.09,9.21,72501.93
2026-02-26 19:00:00+00:00,9.21,9.35,9.21,9.31,208698.54
2026-02-26 20:00:00+00:00,9.3,9.34,9.23,9.25,72535.61
2026-02-26 21:00:00+00:00,9.25,9.28,9.23,9.25,36447.99
2026-02-26 22:00:00+00:00,9.25,9.34,9.24,9.33,66226.04
2026-02-26 23:00:00+00:00,9.32,9.33,9.29,9.31,51477.76
2026-02-27 00:00:00+00:00,9.31,9.32,9.25,9.28,62871.64
2026-02-27 01:00:00+00:00,9.29,9.31,9.25,9.3,77045.73
2026-02-27 02:00:00+00:00,9.31,9.38,9.3,9.35,131019.39
2026-02-27 03:00:00+00:00,9.34,9.43,9.32,9.41,76927.28
2026-02-27 04:00:00+00:00,9.41,9.48,9.38,9.4,128258.02
2026-02-27 05:00:00+00:00,9.4,9.43,9.38,9.41,74614.97
2026-02-27 06:00:00+00:00,9.41,9.44,9.36,9.41,144229.3
2026-02-27 07:00:00+00:00,9.41,9.42,9.34,9.38,74390.88
2026-02-27 08:00:00+00:00,9.38,9.43,9.36,9.38,90061.58
2026-02-27 09:00:00+00:00,9.38,9.4,9.25,9.28,99630.44
2026-02-27 10:00:00+00:00,9.27,9.28,9.08,9.11,226763.33
2026-02-27 11:00:00+00:00,9.1,9.13,8.99,9.04,312332.64
2026-02-27 12:00:00+00:00,9.03,9.06,9.0,9.03,203097.34
2026-02-27 13:00:00+00:00,9.02,9.06,8.92,9.01,362691.24
2026-02-27 14:00:00+00:00,9.01,9.02,8.93,8.96,220411.49
2026-02-27 15:00:00+00:00,8.96,9.03,8.95,9.02,97363.3
2026-02-27 16:00:00+00:00,9.01,9.02,8.9,8.91,122560.59
2026-02-27 17:00:00+00:00,8.92,8.97,8.86,8.95,123456.74
2026-02-27 18:00:00+00:00,8.95,8.98,8.93,8.93,51475.71
2026-02-27 19:00:00+00:00,8.93,8.96,8.85,8.9,169436.37
2026-02-27 20:00:00+00:00,8.89,8.92,8.88,8.9,83079.71
2026-02-27 21:00:00+00:00,8.91,8.94,8.87,8.89,70287.42
2026-02-27 22:00:00+00:00,8.9,8.9,8.78,8.9,153630.06
2026-02-27 23:00:00+00:00,8.9,8.97,8.89,8.95,86194.4
2026-02-28 00:00:00+00:00,8.95,8.98,8.94,8.96,94004.0
2026-02-28 01:00:00+00:00,8.96,8.97,8.89,8.91,53004.68
2026-02-28 02:00:00+00:00,8.91,8.94,8.91,8.93,36005.31
2026-02-28 03:00:00+00:00,8.93,8.93,8.87,8.89,54791.99
2026-02-28 04:00:00+00:00,8.89,8.9,8.85,8.89,61667.09
2026-02-28 05:00:00+00:00,8.89,8.91,8.86,8.88,45269.05
2026-02-28 06:00:00+00:00,8.89,8.89,8.51,8.54,646698.89
2026-02-28 07:00:00+00:00,8.54,8.73,8.49,8.63,215115.47
2026-02-28 08:00:00+00:00,8.62,8.63,8.47,8.49,163896.02
2026-02-28 09:00:00+00:00,8.48,8.51,8.42,8.48,143048.99
2026-02-28 10:00:00+00:00,8.48,8.56,8.44,8.51,119893.43
2026-02-28 11:00:00+00:00,8.51,8.57,8.47,8.47,90235.86
2026-02-28 12:00:00+00:00,8.47,8.52,8.46,8.51,199371.53
2026-02-28 13:00:00+00:00,8.51,8.71,8.49,8.7,267856.07
2026-02-28 14:00:00+00:00,8.7,8.75,8.58,8.6,283177.38
2026-02-28 15:00:00+00:00,8.61,8.67,8.55,8.64,105439.82
2026-02-28 16:00:00+00:00,8.63,8.69,8.61,8.68,67495.2
2026-02-28 17:00:00+00:00,8.68,8.75,8.64,8.73,165061.92
2026-02-28 18:00:00+00:00,8.73,8.96,8.71,8.89,178099.95
2026-02-28 19:00:00+00:00,8.9,8.99,8.82,8.94,273658.24
2026-02-28 20:00:00+00:00,8.93,9.17,8.91,9.15,433479.53
2026-02-28 21:00:00+00:00,9.15,9.19,9.08,9.13,248423.09
2026-02-28 22:00:00+00:00,9.13,9.27,9.12,9.2,299269.93
2026-02-28 23:00:00+00:00,9.2,9.21,9.12,9.16,226038.52
2026-03-01 00:00:00+00:00,9.17,9.22,9.13,9.14,149707.37
2026-03-01 01:00:00+00:00,9.13,9.34,9.05,9.27,251631.82
2026-03-01 02:00:00+00:00,9.26,9.43,9.26,9.35,309418.67
2026-03-01 03:00:00+00:00,9.35,9.38,9.23,9.26,166290.14
2026-03-01 04:00:00+00:00,9.26,9.29,9.18,9.26,98131.53
2026-03-01 05:00:00+00:00,9.27,9.31,9.26,9.26,52806.59
2026-03-01 06:00:00+00:00,9.27,9.27,9.16,9.18,85393.03
2026-03-01 07:00:00+00:00,9.18,9.24,9.16,9.22,50632.37
2026-03-01 08:00:00+00:00,9.22,9.26,9.12,9.14,261378.88
2026-03-01 09:00:00+00:00,9.14,9.23,9.1,9.14,143697.0
2026-03-01 10:00:00+00:00,9.14,9.2,9.1,9.16,92120.39
2026-03-01 11:00:00+00:00,9.17,9.18,9.11,9.12,54314.78
2026-03-01 12:00:00+00:00,9.12,9.15,9.06,9.07,81558.46
2026-03-01 13:00:00+00:00,9.07,9.22,9.03,9.16,209757.1
2026-03-01 14:00:00+00:00,9.16,9.24,9.11,9.14,111834.14
2026-03-01 15:00:00+00:00,9.14,9.21,9.13,9.13,149476.27
2026-03-01 16:00:00+00:00,9.13,9.17,8.97,9.02,209033.04
2026-03-01 17:00:00+00:00,9.03,9.05,8.95,9.01,151813.98
2026-03-01 18:00:00+00:00,9.01,9.1,9.0,9.03,82128.3
2026-03-01 19:00:00+00:00,9.03,9.04,8.94,8.96,94027.17
2026-03-01 20:00:00+00:00,8.95,8.96,8.85,8.87,205266.74
2026-03-01 21:00:00+00:00,8.87,8.95,8.86,8.95,90481.61
2026-03-01 22:00:00+00:00,8.94,9.08,8.93,8.96,294455.04
2026-03-01 23:00:00+00:00,8.96,9.07,8.95,9.04,122222.03
2026-03-02 00:00:00+00:00,9.03,9.14,9.0,9.09,200740.74
2026-03-02 01:00:00+00:00,9.1,9.2,9.08,9.1,148816.1
2026-03-02 02:00:00+00:00,9.11,9.12,9.02,9.05,111991.32
2026-03-02 03:00:00+00:00,9.05,9.15,9.03,9.12,101163.06
2026-03-02 04:00:00+00:00,9.12,9.14,9.08,9.09,64680.41
2026-03-02 05:00:00+00:00,9.1,9.12,9.05,9.07,62236.64
2026-03-02 06:00:00+00:00,9.07,9.07,8.93,8.96,79818.72
2026-03-02 07:00:00+00:00,8.95,8.95,8.88,8.93,120340.52
2026-03-02 08:00:00+00:00,8.93,8.99,8.86,8.97,117906.77
2026-03-02 09:00:00+00:00,8.97,9.04,8.96,8.96,113461.11
2026-03-02 10:00:00+00:00,8.96,8.98,8.93,8.96,99284.96
2026-03-02 11:00:00+00:00,8.96,9.01,8.93,8.98,84556.9
2026-03-02 12:00:00+00:00,8.98,8.99,8.94,8.96,53714.0
2026-03-02 13:00:00+00:00,8.96,8.98,8.9,8.91,74138.27
2026-03-02 14:00:00+00:00,8.91,9.16,8.9,9.14,203680.62
2026-03-02 15:00:00+00:00,9.15,9.4,9.13,9.3,537060.46
2026-03-02 16:00:00+00:00,9.31,9.48,9.31,9.37,395838.18
2026-03-02 17:00:00+00:00,9.37,9.38,9.19,9.28,288054.6
2026-03-02 18:00:00+00:00,9.27,9.3,9.2,9.23,147835.52
2026-03-02 19:00:00+00:00,9.24,9.26,9.19,9.23,129228.99
2026-03-02 20:00:00+00:00,9.24,9.29,9.19,9.22,111934.9
2026-03-02 21:00:00+00:00,9.22,9.23,9.17,9.21,119983.15
2026-03-02 22:00:00+00:00,9.22,9.29,9.21,9.26,113778.47
2026-03-02 23:00:00+00:00,9.26,9.28,9.15,9.17,127377.14
2026-03-03 00:00:00+00:00,9.18,9.24,9.15,9.22,126242.71
2026-03-03 01:00:00+00:00,9.22,9.26,9.16,9.17,139749.03
2026-03-03 02:00:00+00:00,9.16,9.18,9.08,9.16,121398.58
2026-03-03 03:00:00+00:00,9.16,9.18,9.11,9.16,56094.11
2026-03-03 04:00:00+00:00,9.15,9.18,9.11,9.12,55268.05
2026-03-03 05:00:00+00:00,9.11,9.2,9.07,9.1,108169.71
2026-03-03 06:00:00+00:00,9.1,9.12,9.07,9.1,66810.78
2026-03-03 07:00:00+00:00,9.1,9.14,9.09,9.12,58537.78
2026-03-03 08:00:00+00:00,9.11,9.13,8.99,9.0,205620.82
2026-03-03 09:00:00+00:00,9.01,9.05,8.96,9.0,158747.74
2026-03-03 10:00:00+00:00,8.99,9.01,8.94,8.99,167880.17
2026-03-03 11:00:00+00:00,8.99,9.03,8.97,9.01,60523.16
2026-03-03 12:00:00+00:00,9.02,9.12,9.01,9.06,64138.01
2026-03-03 13:00:00+00:00,9.06,9.07,8.95,8.97,86420.35
2026-03-03 14:00:00+00:00,8.97,9.08,8.9,8.97,178308.01
2026-03-03 15:00:00+00:00,8.97,9.19,8.94,9.17,209565.65
2026-03-03 16:00:00+00:00,9.16,9.34,9.09,9.2,280245.88
2026-03-03 17:00:00+00:00,9.2,9.25,9.14,9.24,136494.78
2026-03-03 18:00:00+00:00,9.24,9.32,9.21,9.24,147490.99
2026-03-03 19:00:00+00:00,9.25,9.25,9.16,9.18,142649.09
2026-03-03 20:00:00+00:00,9.18,9.19,9.13,9.14,117230.21
2026-03-03 21:00:00+00:00,9.14,9.15,9.07,9.11,103682.37
2026-03-03 22:00:00+00:00,9.12,9.21,9.1,9.17,80837.86
2026-03-03 23:00:00+00:00,9.17,9.25,9.17,9.18,78206.43
2026-03-04 00:00:00+00:00,9.18,9.21,9.14,9.18,107683.74
2026-03-04 01:00:00+00:00,9.18,9.25,9.14,9.19,101256.4
2026-03-04 02:00:00+00:00,9.19,9.23,9.15,9.22,51372.88
2026-03-04 03:00:00+00:00,9.21,9.23,9.1,9.18,104654.94
2026-03-04 04:00:00+00:00,9.18,9.2,9.06,9.11,152563.56
2026-03-04 05:00:00+00:00,9.11,9.12,9.0,9.05,469487.57
2026-03-04 06:00:00+00:00,9.04,9.1,9.0,9.08,203443.1
2026-03-04 07:00:00+00:00,9.08,9.2,9.05,9.18,121088.7
2026-03-04 08:00:00+00:00,9.18,9.42,9.16,9.38,327414.55
2026-03-04 09:00:00+00:00,9.38,9.5,9.35,9.39,379084.91
2026-03-04 10:00:00+00:00,9.39,9.43,9.33,9.34,227900.59
2026-03-04 11:00:00+00:00,9.34,9.38,9.27,9.3,134935.28
2026-03-04 12:00:00+00:00,9.3,9.33,9.24,9.32,128778.4
2026-03-04 13:00:00+00:00,9.32,9.38,9.31,9.35,128595.31
2026-03-04 14:00:00+00:00,9.35,9.52,9.34,9.38,350976.38
2026-03-04 15:00:00+00:00,9.38,9.73,9.38,9.72,414354.77
2026-03-04 16:00:00+00:00,9.71,9.75,9.53,9.57,291419.84
2026-03-04 17:00:00+00:00,9.57,9.65,9.51,9.61,258603.3
2026-03-04 18:00:00+00:00,9.61,9.64,9.53,9.63,187711.45
2026-03-04 19:00:00+00:00,9.63,9.78,9.62,9.67,305726.93
2026-03-04 20:00:00+00:00,9.66,9.68,9.58,9.58,112618.09
2026-03-04 21:00:00+00:00,9.58,9.59,9.51,9.55,278374.74
2026-03-04 22:00:00+00:00,9.55,9.61,9.46,9.48,137247.38
2026-03-04 23:00:00+00:00,9.48,9.53,9.43,9.5,143637.13
2026-03-05 00:00:00+00:00,9.49,9.51,9.45,9.47,91780.2
2026-03-05 01:00:00+00:00,9.47,9.54,9.41,9.44,141540.3
2026-03-05 02:00:00+00:00,9.43,9.52,9.43,9.48,65137.0
2026-03-05 03:00:00+00:00,9.48,9.5,9.43,9.45,50921.18
2026-03-05 04:00:00+00:00,9.46,9.51,9.44,9.48,69948.06
2026-03-05 05:00:00+00:00,9.47,9.49,9.39,9.41,64721.91
2026-03-05 06:00:00+00:00,9.42,9.47,9.36,9.45,86371.43
2026-03-05 07:00:00+00:00,9.44,9.45,9.34,9.38,58329.12
2026-03-05 08:00:00+00:00,9.39,9.44,9.36,9.43,42748.77
2026-03-05 09:00:00+00:00,9.44,9.51,9.43,9.47,58728.98
2026-03-05 10:00:00+00:00,9.46,9.58,9.44,9.56,108144.57
2026-03-05 11:00:00+00:00,9.55,9.56,9.43,9.46,59540.71
2026-03-05 12:00:00+00:00,9.45,9.53,9.44,9.5,79270.38
2026-03-05 13:00:00+00:00,9.51,9.52,9.38,9.44,90564.07
2026-03-05 14:00:00+00:00,9.44,9.53,9.42,9.5,99981.11
2026-03-05 15:00:00+00:00,9.51,9.52,9.34,9.41,179866.33
2026-03-05 16:00:00+00:00,9.41,9.41,9.28,9.38,147654.43
2026-03-05 17:00:00+00:00,9.37,9.43,9.26,9.27,195518.19
2026-03-05 18:00:00+00:00,9.27,9.36,9.26,9.35,62569.67
2026-03-05 19:00:00+00:00,9.35,9.46,9.35,9.39,71407.74
2026-03-05 20:00:00+00:00,9.39,9.51,9.37,9.47,75497.53
2026-03-05 21:00:00+00:00,9.47,9.51,9.42,9.44,120372.49
2026-03-05 22:00:00+00:00,9.44,9.44,9.39,9.42,35198.73
2026-03-05 23:00:00+00:00,9.41,9.43,9.37,9.39,51299.23
2026-03-06 00:00:00+00:00,9.38,9.4,9.36,9.38,57103.99
2026-03-06 01:00:00+00:00,9.39,9.44,9.33,9.44,58904.8
2026-03-06 02:00:00+00:00,9.44,9.45,9.38,9.4,61034.97
2026-03-06 03:00:00+00:00,9.4,9.42,9.38,9.42,23645.03
2026-03-06 04:00:00+00:00,9.42,9.43,9.33,9.37,42111.42
2026-03-06 05:00:00+00:00,9.36,9.38,9.31,9.37,44129.65
2026-03-06 06:00:00+00:00,9.37,9.4,9.34,9.36,26524.56
2026-03-06 07:00:00+00:00,9.37,9.46,9.34,9.46,63067.35
2026-03-06 08:00:00+00:00,9.46,9.46,9.39,9.4,35586.58
2026-03-06 09:00:00+00:00,9.41,9.41,9.28,9.32,130613.99
2026-03-06 10:00:00+00:00,9.31,9.38,9.31,9.33,33306.57
2026-03-06 11:00:00+00:00,9.33,9.34,9.24,9.26,101488.35
2026-03-06 12:00:00+00:00,9.25,9.26,9.17,9.21,191921.18
2026-03-06 13:00:00+00:00,9.21,9.24,9.08,9.09,396647.45
2026-03-06 14:00:00+00:00,9.09,9.1,8.92,8.96,527205.77
2026-03-06 15:00:00+00:00,8.96,9.05,8.95,8.98,176964.14
2026-03-06 16:00:00+00:00,8.97,9.01,8.93,8.97,211201.82
2026-03-06 17:00:00+00:00,8.97,8.99,8.88,8.92,256342.33
2026-03-06 18:00:00+00:00,8.92,8.98,8.91,8.96,95396.25
2026-03-06 19:00:00+00:00,8.96,9.0,8.95,8.96,85822.38
2026-03-06 20:00:00+00:00,8.97,8.98,8.92,8.95,95268.1
2026-03-06 21:00:00+00:00,8.96,9.04,8.95,9.04,187824.26
2026-03-06 22:00:00+00:00,9.04,9.07,9.01,9.06,39711.2
2026-03-06 23:00:00+00:00,9.07,9.07,9.01,9.01,112709.71
2026-03-07 00:00:00+00:00,9.01,9.07,9.0,9.05,58257.48
2026-03-07 01:00:00+00:00,9.04,9.05,9.03,9.03,9643.21
2026-03-07 02:00:00+00:00,9.04,9.05,9.02,9.05,36918.97
2026-03-07 03:00:00+00:00,9.04,9.08,9.02,9.03,38987.02
2026-03-07 04:00:00+00:00,9.03,9.03,8.98,9.0,76465.87
2026-03-07 05:00:00+00:00,9.0,9.03,8.99,9.01,67805.98
2026-03-07 06:00:00+00:00,9.02,9.02,8.97,8.98,40750.21
2026-03-07 07:00:00+00:00,8.98,9.02,8.96,9.01,27210.86
2026-03-07 08:00:00+00:00,9.01,9.05,9.0,9.01,10107.8
2026-03-07 09:00:00+00:00,9.0,9.03,8.98,9.02,13860.74
2026-03-07 10:00:00+00:00,9.03,9.03,9.0,9.01,23678.34
2026-03-07 11:00:00+00:00,9.0,9.06,8.99,9.02,33895.73
2026-03-07 12:00:00+00:00,9.01,9.03,8.98,8.99,42455.05
2026-03-07 13:00:00+00:00,8.99,9.01,8.98,8.99,41095.26
2026-03-07 14:00:00+00:00,9.0,9.01,8.94,8.99,106282.65
2026-03-07 15:00:00+00:00,8.99,9.01,8.95,8.97,57626.94
2026-03-07 16:00:00+00:00,8.96,8.99,8.96,8.98,23769.56
2026-03-07 17:00:00+00:00,8.98,9.02,8.98,8.99,19510.34
2026-03-07 18:00:00+00:00,9.0,9.0,8.92,8.94,99380.98
2026-03-07 19:00:00+00:00,8.94,8.95,8.87,8.89,126778.32
2026-03-07 20:00:00+00:00,8.89,8.93,8.88,8.93,46448.59
2026-03-07 21:00:00+00:00,8.93,8.94,8.91,8.94,33910.79
2026-03-07 22:00:00+00:00,8.94,8.94,8.87,8.89,59426.35
2026-03-07 23:00:00+00:00,8.9,8.92,8.88,8.91,24661.81
2026-03-08 00:00:00+00:00,8.91,8.92,8.88,8.89,47890.08
2026-03-08 01:00:00+00:00,8.89,8.92,8.88,8.91,29524.06
2026-03-08 02:00:00+00:00,8.91,8.91,8.81,8.83,117254.5
2026-03-08 03:00:00+00:00,8.83,8.87,8.81,8.85,52492.1
2026-03-08 04:00:00+00:00,8.86,8.87,8.79,8.82,72472.0
2026-03-08 05:00:00+00:00,8.82,8.89,8.82,8.86,25265.74
2026-03-08 06:00:00+00:00,8.86,8.87,8.83,8.87,18721.75
2026-03-08 07:00:00+00:00,8.86,8.91,8.86,8.89,21864.17
2026-03-08 08:00:00+00:00,8.89,8.89,8.84,8.88,43937.23
2026-03-08 09:00:00+00:00,8.87,8.95,8.86,8.93,60563.93
2026-03-08 10:00:00+00:00,8.93,9.02,8.93,8.98,46139.81
2026-03-08 11:00:00+00:00,8.98,8.99,8.89,8.91,46161.9
2026-03-08 12:00:00+00:00,8.92,9.02,8.85,8.96,110995.66
2026-03-08 13:00:00+00:00,8.95,8.97,8.84,8.9,93901.01
2026-03-08 14:00:00+00:00,8.89,8.93,8.86,8.9,37918.15
2026-03-08 15:00:00+00:00,8.9,8.9,8.84,8.88,38442.54
2026-03-08 16:00:00+00:00,8.87,8.88,8.82,8.83,43209.3
2026-03-08 17:00:00+00:00,8.84,8.89,8.83,8.86,23727.04
2026-03-08 18:00:00+00:00,8.86,8.87,8.82,8.85,36047.0
2026-03-08 19:00:00+00:00,8.86,8.98,8.85,8.96,70478.52
2026-03-08 20:00:00+00:00,8.96,8.99,8.92,8.94,42710.09
2026-03-08 21:00:00+00:00,8.94,8.95,8.86,8.91,43433.83
2026-03-08 22:00:00+00:00,8.9,8.9,8.69,8.85,400707.17
2026-03-08 23:00:00+00:00,8.85,8.89,8.8,8.82,89558.9
2026-03-09 00:00:00+00:00,8.82,8.98,8.82,8.91,74181.01
2026-03-09 01:00:00+00:00,8.9,8.93,8.84,8.84,59508.64
2026-03-09 02:00:00+00:00,8.84,8.94,8.81,8.92,55625.34
2026-03-09 03:00:00+00:00,8.91,9.09,8.91,8.97,180198.86
2026-03-09 04:00:00+00:00,8.98,9.04,8.97,8.99,50371.38
2026-03-09 05:00:00+00:00,8.99,9.26,8.98,9.21,301758.39
2026-03-09 06:00:00+00:00,9.21,9.29,9.12,9.12,333111.11
2026-03-09 07:00:00+00:00,9.13,9.13,9.02,9.08,145709.02
2026-03-09 08:00:00+00:00,9.08,9.16,9.07,9.09,115293.44
2026-03-09 09:00:00+00:00,9.08,9.18,9.05,9.11,123061.75
2026-03-09 10:00:00+00:00,9.11,9.12,9.04,9.07,54726.3
2026-03-09 11:00:00+00:00,9.06,9.1,9.02,9.09,60224.08
2026-03-09 12:00:00+00:00,9.08,9.17,9.08,9.14,87054.31
2026-03-09 13:00:00+00:00,9.13,9.33,9.12,9.29,202574.37
2026-03-09 14:00:00+00:00,9.28,9.32,9.2,9.25,244256.89
2026-03-09 15:00:00+00:00,9.26,9.29,9.21,9.28,81957.22
2026-03-09 16:00:00+00:00,9.27,9.34,9.27,9.29,123732.98
2026-03-09 17:00:00+00:00,9.29,9.33,9.23,9.25,124193.98
2026-03-09 18:00:00+00:00,9.26,9.31,9.21,9.25,69905.53
2026-03-09 19:00:00+00:00,9.25,9.53,9.23,9.39,320124.48
2026-03-09 20:00:00+00:00,9.39,9.43,9.34,9.37,139287.44
2026-03-09 21:00:00+00:00,9.36,9.4,9.33,9.36,101426.21
2026-03-09 22:00:00+00:00,9.35,9.38,9.23,9.26,85252.64
2026-03-09 23:00:00+00:00,9.25,9.29,9.23,9.26,38653.87
2026-03-10 00:00:00+00:00,9.26,9.37,9.25,9.32,88847.56
2026-03-10 01:00:00+00:00,9.32,9.38,9.31,9.35,57597.7
2026-03-10 02:00:00+00:00,9.35,9.51,9.32,9.45,125291.94
2026-03-10 03:00:00+00:00,9.45,9.47,9.31,9.33,93908.38
2026-03-10 04:00:00+00:00,9.33,9.48,9.33,9.44,60762.89
2026-03-10 05:00:00+00:00,9.43,9.43,9.37,9.39,47537.54
2026-03-10 06:00:00+00:00,9.38,9.39,9.33,9.35,44784.73
2026-03-10 07:00:00+00:00,9.35,9.41,9.34,9.41,57369.24
2026-03-10 08:00:00+00:00,9.41,9.47,9.4,9.43,72112.7
2026-03-10 09:00:00+00:00,9.44,9.6,9.43,9.58,116979.53
2026-03-10 10:00:00+00:00,9.57,9.59,9.49,9.53,64773.38
2026-03-10 11:00:00+00:00,9.54,9.59,9.48,9.5,104243.68
2026-03-10 12:00:00+00:00,9.49,9.5,9.4,9.44,49199.76
2026-03-10 13:00:00+00:00,9.44,9.49,9.33,9.38,93759.16
2026-03-10 14:00:00+00:00,9.38,9.67,9.31,9.65,228646.02
2026-03-10 15:00:00+00:00,9.64,9.81,9.62,9.77,659327.59
2026-03-10 16:00:00+00:00,9.77,9.96,9.69,9.84,476260.69
2026-03-10 17:00:00+00:00,9.83,9.96,9.82,9.88,318348.64
2026-03-10 18:00:00+00:00,9.87,9.89,9.61,9.63,254613.91
2026-03-10 19:00:00+00:00,9.63,9.65,9.55,9.6,119544.24
2026-03-10 20:00:00+00:00,9.6,9.66,9.59,9.63,60965.3
2026-03-10 21:00:00+00:00,9.63,9.66,9.51,9.54,92179.52
2026-03-10 22:00:00+00:00,9.55,9.59,9.5,9.5,56312.78
2026-03-10 23:00:00+00:00,9.5,9.54,9.49,9.53,63565.33
2026-03-11 00:00:00+00:00,9.53,9.59,9.5,9.56,87770.34
2026-03-11 01:00:00+00:00,9.56,9.57,9.5,9.56,60999.74
2026-03-11 02:00:00+00:00,9.56,9.57,9.48,9.57,54528.58
2026-03-11 03:00:00+00:00,9.56,9.6,9.54,9.54,56788.87
2026-03-11 04:00:00+00:00,9.55,9.7,9.52,9.7,76693.15
2026-03-11 05:00:00+00:00,9.69,9.74,9.49,9.5,80937.56
2026-03-11 06:00:00+00:00,9.5,9.63,9.49,9.62,69726.39
2026-03-11 07:00:00+00:00,9.62,9.62,9.49,9.51,48924.59
2026-03-11 08:00:00+00:00,9.51,9.57,9.49,9.55,69719.68
2026-03-11 09:00:00+00:00,9.55,9.57,9.5,9.52,37017.69
2026-03-11 10:00:00+00:00,9.52,9.6,9.51,9.58,30635.54
2026-03-11 11:00:00+00:00,9.58,9.62,9.54,9.55,38924.3
2026-03-11 12:00:00+00:00,9.56,9.68,9.52,9.6,125754.71
2026-03-11 13:00:00+00:00,9.61,9.86,9.6,9.72,165138.19
2026-03-11 14:00:00+00:00,9.71,9.79,9.65,9.68,121508.66
2026-03-11 15:00:00+00:00,9.69,9.7,9.51,9.6,126649.45
2026-03-11 16:00:00+00:00,9.6,9.68,9.57,9.64,104393.83
2026-03-11 17:00:00+00:00,9.64,9.75,9.61,9.68,115553.86
2026-03-11 18:00:00+00:00,9.68,9.76,9.67,9.74,155022.0
2026-03-11 19:00:00+00:00,9.74,9.75,9.69,9.7,56800.85
2026-03-11 20:00:00+00:00,9.7,9.71,9.64,9.67,59486.78
2026-03-11 21:00:00+00:00,9.67,9.67,9.61,9.65,69162.21
2026-03-11 22:00:00+00:00,9.64,9.66,9.58,9.6,83665.2
2026-03-11 23:00:00+00:00,9.61,9.62,9.53,9.55,44882.36
2026-03-12 00:00:00+00:00,9.56,9.57,9.52,9.55,66347.54
2026-03-12 01:00:00+00:00,9.54,9.55,9.49,9.51,57824.08
2026-03-12 02:00:00+00:00,9.51,9.53,9.43,9.45,92808.21
2026-03-12 03:00:00+00:00,9.45,9.52,9.44,9.49,45821.88
2026-03-12 04:00:00+00:00,9.49,9.53,9.47,9.48,39058.37
2026-03-12 05:00:00+00:00,9.48,9.5,9.45,9.47,22782.43
2026-03-12 06:00:00+00:00,9.47,9.55,9.46,9.53,43923.94
2026-03-12 07:00:00+00:00,9.53,9.59,9.5,9.59,71009.22
2026-03-12 08:00:00+00:00,9.58,9.65,9.54,9.58,47721.01
2026-03-12 09:00:00+00:00,9.58,9.64,9.51,9.59,73028.35
2026-03-12 10:00:00+00:00,9.58,9.66,9.57,9.62,84224.12
2026-03-12 11:00:00+00:00,9.61,9.63,9.55,9.57,50372.61
2026-03-12 12:00:00+00:00,9.58,9.65,9.54,9.61,57182.11
2026-03-12 13:00:00+00:00,9.61,9.64,9.51,9.57,92000.63
2026-03-12 14:00:00+00:00,9.57,9.64,9.44,9.51,168215.67
2026-03-12 15:00:00+00:00,9.5,9.63,9.49,9.59,88465.94
2026-03-12 16:00:00+00:00,9.59,9.62,9.53,9.59,76148.98
2026-03-12 17:00:00+00:00,9.6,9.61,9.52,9.55,33148.3
2026-03-12 18:00:00+00:00,9.56,9.59,9.53,9.54,33215.32
2026-03-12 19:00:00+00:00,9.54,9.62,9.52,9.61,54228.5
2026-03-12 20:00:00+00:00,9.6,9.62,9.59,9.61,36391.49
2026-03-12 21:00:00+00:00,9.61,9.67,9.61,9.66,41052.85
2026-03-12 22:00:00+00:00,9.65,9.69,9.62,9.65,66984.86
2026-03-12 23:00:00+00:00,9.65,9.74,9.65,9.67,141092.05
2026-03-13 00:00:00+00:00,9.67,9.95,9.65,9.82,329200.03
2026-03-13 01:00:00+00:00,9.82,9.97,9.82,9.95,168661.8
2026-03-13 02:00:00+00:00,9.96,10.01,9.86,9.89,242010.99
2026-03-13 03:00:00+00:00,9.9,9.98,9.85,9.95,154660.68
2026-03-13 04:00:00+00:00,9.95,9.95,9.87,9.91,79546.41
2026-03-13 05:00:00+00:00,9.92,10.0,9.88,9.95,86182.41
2026-03-13 06:00:00+00:00,9.96,9.97,9.82,9.86,92122.33
2026-03-13 07:00:00+00:00,9.85,9.89,9.82,9.85,45031.28
2026-03-13 08:00:00+00:00,9.86,9.94,9.8,9.85,88975.14
2026-03-13 09:00:00+00:00,9.84,9.97,9.81,9.95,60057.76
2026-03-13 10:00:00+00:00,9.95,10.04,9.94,10.01,105194.97
2026-03-13 11:00:00+00:00,10.02,10.02,9.98,10.01,88405.87
2026-03-13 12:00:00+00:00,10.01,10.18,9.99,10.09,348893.55
2026-03-13 13:00:00+00:00,10.09,10.29,10.07,10.22,458730.68
2026-03-13 14:00:00+00:00,10.22,10.27,9.94,9.97,350092.11
2026-03-13 15:00:00+00:00,9.97,10.04,9.87,9.89,200183.59
2026-03-13 16:00:00+00:00,9.89,9.93,9.83,9.89,123258.7
2026-03-13 17:00:00+00:00,9.89,9.92,9.73,9.76,145145.47
2026-03-13 18:00:00+00:00,9.76,9.83,9.74,9.79,82126.4
2026-03-13 19:00:00+00:00,9.79,9.79,9.74,9.77,88095.39
2026-03-13 20:00:00+00:00,9.78,9.81,9.75,9.79,52447.58
2026-03-13 21:00:00+00:00,9.8,9.83,9.74,9.76,50064.59
2026-03-13 22:00:00+00:00,9.76,9.77,9.67,9.71,122702.62
2026-03-13 23:00:00+00:00,9.71,9.73,9.69,9.72,44840.91
2026-03-14 00:00:00+00:00,9.72,9.72,9.65,9.67,93481.25
2026-03-14 01:00:00+00:00,9.66,9.71,9.63,9.7,75231.6
2026-03-14 02:00:00+00:00,9.7,9.73,9.67,9.71,51445.21
2026-03-14 03:00:00+00:00,9.71,9.76,9.7,9.74,69243.17
2026-03-14 04:00:00+00:00,9.74,9.78,9.7,9.71,107074.47
2026-03-14 05:00:00+00:00,9.72,9.72,9.64,9.67,73563.73
2026-03-14 06:00:00+00:00,9.67,9.67,9.58,9.62,73142.47
2026-03-14 07:00:00+00:00,9.62,9.62,9.59,9.59,29685.52
2026-03-14 08:00:00+00:00,9.59,9.62,9.58,9.59,40767.44
2026-03-14 09:00:00+00:00,9.6,9.62,9.55,9.56,37713.08
2026-03-14 10:00:00+00:00,9.56,9.57,9.52,9.55,152690.01
2026-03-14 11:00:00+00:00,9.55,9.59,9.54,9.58,49919.16
2026-03-14 12:00:00+00:00,9.57,9.58,9.54,9.56,38669.25
2026-03-14 13:00:00+00:00,9.57,9.59,9.55,9.58,42772.43
2026-03-14 14:00:00+00:00,9.58,9.59,9.54,9.55,27710.6
2026-03-14 15:00:00+00:00,9.55,9.58,9.54,9.56,30129.76
2026-03-14 16:00:00+00:00,9.56,9.61,9.55,9.6,15158.48
2026-03-14 17:00:00+00:00,9.61,9.61,9.57,9.58,14729.15
2026-03-14 18:00:00+00:00,9.58,9.59,9.55,9.57,30574.1
2026-03-14 19:00:00+00:00,9.57,9.58,9.56,9.57,14106.96
2026-03-14 20:00:00+00:00,9.57,9.6,9.56,9.59,25014.85
2026-03-14 21:00:00+00:00,9.59,9.62,9.57,9.61,27075.47
2026-03-14 22:00:00+00:00,9.62,9.64,9.61,9.62,40432.93
2026-03-14 23:00:00+00:00,9.63,9.73,9.63,9.73,75043.79
2026-03-15 00:00:00+00:00,9.73,9.74,9.68,9.69,66799.8
2026-03-15 01:00:00+00:00,9.69,9.73,9.65,9.71,34639.59
2026-03-15 02:00:00+00:00,9.72,9.8,9.7,9.78,69928.17
2026-03-15 03:00:00+00:00,9.79,9.81,9.69,9.71,65565.29
2026-03-15 04:00:00+00:00,9.71,9.76,9.68,9.72,25481.63
2026-03-15 05:00:00+00:00,9.71,9.76,9.69,9.71,38282.82
2026-03-15 06:00:00+00:00,9.72,9.73,9.66,9.7,26780.67
2026-03-15 07:00:00+00:00,9.71,9.75,9.7,9.72,22904.85
2026-03-15 08:00:00+00:00,9.72,9.79,9.71,9.78,37877.89
2026-03-15 09:00:00+00:00,9.79,9.87,9.78,9.78,88148.92
2026-03-15 10:00:00+00:00,9.78,9.83,9.78,9.8,30297.23
2026-03-15 11:00:00+00:00,9.81,9.82,9.79,9.8,43657.79
2026-03-15 12:00:00+00:00,9.8,9.88,9.79,9.84,49872.12
2026-03-15 13:00:00+00:00,9.84,9.85,9.7,9.76,63305.63
2026-03-15 14:00:00+00:00,9.76,9.81,9.71,9.75,43333.44
2026-03-15 15:00:00+00:00,9.76,9.76,9.71,9.71,20773.89
2026-03-15 16:00:00+00:00,9.71,9.74,9.68,9.7,30864.42
2026-03-15 17:00:00+00:00,9.7,9.8,9.69,9.77,53795.97
2026-03-15 18:00:00+00:00,9.77,9.8,9.67,9.69,34154.98
2026-03-15 19:00:00+00:00,9.7,9.78,9.68,9.77,49123.96
2026-03-15 20:00:00+00:00,9.76,9.84,9.73,9.79,47389.87
2026-03-15 21:00:00+00:00,9.8,9.87,9.76,9.84,69121.64
2026-03-15 22:00:00+00:00,9.85,10.02,9.79,9.97,199400.25
2026-03-15 23:00:00+00:00,9.98,10.04,9.87,9.95,213871.99
2026-03-16 00:00:00+00:00,9.94,10.0,9.89,9.94,113318.71
2026-03-16 01:00:00+00:00,9.94,10.04,9.88,10.01,88803.14
2026-03-16 02:00:00+00:00,10.0,10.03,9.89,9.96,69297.5
2026-03-16 03:00:00+00:00,9.96,10.41,9.95,10.26,569419.83
2026-03-16 04:00:00+00:00,10.27,10.47,10.26,10.43,303957.39
2026-03-16 05:00:00+00:00,10.42,10.52,10.38,10.49,315736.78
2026-03-16 06:00:00+00:00,10.49,10.5,10.39,10.41,142254.6
2026-03-16 07:00:00+00:00,10.41,10.46,10.34,10.37,143283.13
2026-03-16 08:00:00+00:00,10.37,10.45,10.23,10.24,202005.81
2026-03-16 09:00:00+00:00,10.24,10.31,10.24,10.27,65658.75
2026-03-16 10:00:00+00:00,10.27,10.3,10.19,10.27,147974.05
2026-03-16 11:00:00+00:00,10.27,10.29,10.18,10.22,71726.67
2026-03-16 12:00:00+00:00,10.21,10.28,10.16,10.18,266474.93
2026-03-16 13:00:00+00:00,10.17,10.28,10.15,10.19,324048.95
2026-03-16 14:00:00+00:00,10.2,10.24,10.04,10.14,294645.58
2026-03-16 15:00:00+00:00,10.15,10.2,10.07,10.08,203459.07
2026-03-16 16:00:00+00:00,10.08,10.27,10.07,10.25,174038.51
2026-03-16 17:00:00+00:00,10.25,10.31,10.21,10.26,105046.8
2026-03-16 18:00:00+00:00,10.25,10.34,10.23,10.24,138907.35
2026-03-16 19:00:00+00:00,10.24,10.33,10.19,10.27,204992.15
2026-03-16 20:00:00+00:00,10.28,10.38,10.26,10.33,89227.36
2026-03-16 21:00:00+00:00,10.33,10.45,10.32,10.38,194828.55
2026-03-16 22:00:00+00:00,10.38,10.51,10.37,10.5,164397.47
2026-03-16 23:00:00+00:00,10.5,10.51,10.35,10.49,173454.81
2026-03-17 00:00:00+00:00,10.48,10.55,10.45,10.5,319314.5
2026-03-17 01:00:00+00:00,10.51,10.52,10.44,10.5,197609.62
2026-03-17 02:00:00+00:00,10.5,10.51,10.45,10.48,142973.6
2026-03-17 03:00:00+00:00,10.47,10.48,10.28,10.35,168888.24
2026-03-17 04:00:00+00:00,10.35,10.39,10.25,10.29,161542.85
2026-03-17 05:00:00+00:00,10.29,10.33,10.24,10.28,105399.17
2026-03-17 06:00:00+00:00,10.29,10.38,10.25,10.3,86954.18
2026-03-17 07:00:00+00:00,10.29,10.39,10.29,10.31,67591.06
2026-03-17 08:00:00+00:00,10.32,10.36,10.27,10.29,104936.72
2026-03-17 09:00:00+00:00,10.29,10.31,10.25,10.27,145098.76
2026-03-17 10:00:00+00:00,10.27,10.3,10.23,10.26,196739.97
2026-03-17 11:00:00+00:00,10.27,10.31,10.26,10.26,78408.41
2026-03-17 12:00:00+00:00,10.26,10.28,10.21,10.24,160002.47
2026-03-17 13:00:00+00:00,10.25,10.3,10.23,10.25,174346.5
2026-03-17 14:00:00+00:00,10.26,10.31,10.23,10.28,130268.96
2026-03-17 15:00:00+00:00,10.28,10.34,10.22,10.27,176993.71
2026-03-17 16:00:00+00:00,10.27,10.33,10.25,10.27,101982.3
2026-03-17 17:00:00+00:00,10.26,10.31,10.25,10.29,55873.14
2026-03-17 18:00:00+00:00,10.29,10.33,10.27,10.3,46960.86
2026-03-17 19:00:00+00:00,10.3,10.31,10.24,10.25,47942.69
2026-03-17 20:00:00+00:00,10.25,10.3,10.24,10.28,35435.67
2026-03-17 21:00:00+00:00,10.28,10.33,10.27,10.3,62147.46
2026-03-17 22:00:00+00:00,10.3,10.34,10.22,10.27,62837.84
2026-03-17 23:00:00+00:00,10.26,10.27,10.18,10.2,129805.47
2026-03-18 00:00:00+00:00,10.2,10.23,10.16,10.2,157149.9
2026-03-18 01:00:00+00:00,10.21,10.25,10.2,10.23,39489.42
2026-03-18 02:00:00+00:00,10.22,10.3,10.22,10.26,67311.91
2026-03-18 03:00:00+00:00,10.27,10.36,10.26,10.32,73155.95
2026-03-18 04:00:00+00:00,10.32,10.32,10.23,10.25,33341.73
2026-03-18 05:00:00+00:00,10.26,10.33,10.22,10.24,51073.93
2026-03-18 06:00:00+00:00,10.25,10.32,10.24,10.26,32636.78
2026-03-18 07:00:00+00:00,10.26,10.26,10.22,10.25,38756.51
2026-03-18 08:00:00+00:00,10.25,10.29,10.24,10.25,36513.53
2026-03-18 09:00:00+00:00,10.24,10.28,10.24,10.25,34639.42
2026-03-18 10:00:00+00:00,10.25,10.26,10.2,10.21,54218.17
2026-03-18 11:00:00+00:00,10.21,10.25,9.93,9.98,385320.69
2026-03-18 12:00:00+00:00,9.98,9.98,9.73,9.81,463133.36
2026-03-18 13:00:00+00:00,9.8,9.84,9.75,9.8,195413.06
2026-03-18 14:00:00+00:00,9.8,9.81,9.56,9.57,366830.06
2026-03-18 15:00:00+00:00,9.57,9.59,9.48,9.57,248802.64
2026-03-18 16:00:00+00:00,9.56,9.57,9.49,9.54,176182.28
2026-03-18 17:00:00+00:00,9.54,9.65,9.52,9.62,151154.04
2026-03-18 18:00:00+00:00,9.63,9.72,9.56,9.6,283822.83
2026-03-18 19:00:00+00:00,9.6,9.68,9.59,9.62,109029.31
2026-03-18 20:00:00+00:00,9.62,9.68,9.54,9.66,100167.81
2026-03-18 21:00:00+00:00,9.66,9.74,9.66,9.72,70625.14
2026-03-18 22:00:00+00:00,9.72,9.72,9.66,9.69,65498.78
2026-03-18 23:00:00+00:00,9.7,9.71,9.63,9.69,53484.17
2026-03-19 00:00:00+00:00,9.68,9.7,9.65,9.66,36595.49
2026-03-19 01:00:00+00:00,9.67,9.69,9.65,9.66,20893.32
2026-03-19 02:00:00+00:00,9.66,9.67,9.61,9.62,58873.94
2026-03-19 03:00:00+00:00,9.63,9.75,9.62,9.67,106609.08
2026-03-19 04:00:00+00:00,9.66,9.67,9.61,9.62,38615.72
2026-03-19 05:00:00+00:00,9.62,9.64,9.59,9.6,28219.45
2026-03-19 06:00:00+00:00,9.61,9.63,9.57,9.6,53168.02
2026-03-19 07:00:00+00:00,9.6,9.61,9.44,9.51,128428.61
2026-03-19 08:00:00+00:00,9.52,9.55,9.48,9.52,53990.25
2026-03-19 09:00:00+00:00,9.52,9.61,9.51,9.6,67332.09
2026-03-19 10:00:00+00:00,9.6,9.62,9.54,9.55,24641.09
2026-03-19 11:00:00+00:00,9.54,9.58,9.53,9.54,30171.91
2026-03-19 12:00:00+00:00,9.55,9.55,9.43,9.44,62097.25
2026-03-19 13:00:00+00:00,9.43,9.49,9.36,9.47,131691.83
2026-03-19 14:00:00+00:00,9.48,9.51,9.37,9.43,74298.84
2026-03-19 15:00:00+00:00,9.43,9.48,9.33,9.4,88192.03
2026-03-19 16:00:00+00:00,9.41,9.41,9.35,9.37,52723.14
2026-03-19 17:00:00+00:00,9.38,9.48,9.33,9.46,52099.68
2026-03-19 18:00:00+00:00,9.47,9.47,9.42,9.46,29186.07
2026-03-19 19:00:00+00:00,9.46,9.58,9.45,9.51,77882.93
2026-03-19 20:00:00+00:00,9.51,9.55,9.49,9.5,41056.83
2026-03-19 21:00:00+00:00,9.51,9.53,9.5,9.52,23348.81
2026-03-19 22:00:00+00:00,9.52,9.52,9.42,9.46,49015.78
2026-03-19 23:00:00+00:00,9.47,9.5,9.44,9.48,32791.64
2026-03-20 00:00:00+00:00,9.48,9.53,9.46,9.52,27386.22
2026-03-20 01:00:00+00:00,9.53,9.6,9.52,9.56,32822.98
2026-03-20 02:00:00+00:00,9.56,9.57,9.5,9.55,33498.66
2026-03-20 03:00:00+00:00,9.54,9.58,9.52,9.57,30459.82
2026-03-20 04:00:00+00:00,9.57,9.58,9.52,9.58,24211.21
2026-03-20 05:00:00+00:00,9.57,9.6,9.55,9.57,21108.04
2026-03-20 06:00:00+00:00,9.56,9.56,9.51,9.51,20650.38
2026-03-20 07:00:00+00:00,9.51,9.56,9.45,9.53,49282.71
2026-03-20 08:00:00+00:00,9.53,9.61,9.52,9.58,86688.88
2026-03-20 09:00:00+00:00,9.57,9.57,9.49,9.53,46759.89
2026-03-20 10:00:00+00:00,9.53,9.56,9.49,9.54,27716.0
2026-03-20 11:00:00+00:00,9.55,9.59,9.49,9.52,43785.2
2026-03-20 12:00:00+00:00,9.52,9.55,9.47,9.49,37463.77
2026-03-20 13:00:00+00:00,9.49,9.54,9.44,9.46,75223.59
2026-03-20 14:00:00+00:00,9.45,9.54,9.42,9.45,86024.14
2026-03-20 15:00:00+00:00,9.45,9.5,9.42,9.49,44988.17
2026-03-20 16:00:00+00:00,9.49,9.51,9.45,9.48,44229.84
2026-03-20 17:00:00+00:00,9.47,9.5,9.41,9.5,42165.8
2026-03-20 18:00:00+00:00,9.5,9.54,9.44,9.47,200627.15
2026-03-20 19:00:00+00:00,9.47,9.54,9.43,9.53,79974.7
2026-03-20 20:00:00+00:00,9.54,9.55,9.45,9.52,63225.92
2026-03-20 21:00:00+00:00,9.51,9.61,9.48,9.57,87853.89
2026-03-20 22:00:00+00:00,9.58,9.65,9.57,9.59,119219.87
2026-03-20 23:00:00+00:00,9.58,9.59,9.53,9.56,43817.82
2026-03-21 00:00:00+00:00,9.57,9.61,9.53,9.56,55054.28
2026-03-21 01:00:00+00:00,9.56,9.59,9.53,9.55,30788.09
2026-03-21 02:00:00+00:00,9.55,9.61,9.53,9.61,31080.49
2026-03-21 03:00:00+00:00,9.61,9.62,9.57,9.59,24022.92
2026-03-21 04:00:00+00:00,9.59,9.62,9.55,9.57,23763.68
2026-03-21 05:00:00+00:00,9.57,9.62,9.56,9.59,23244.82
2026-03-21 06:00:00+00:00,9.59,9.64,9.58,9.62,32718.47
2026-03-21 07:00:00+00:00,9.62,9.63,9.58,9.59,39113.9
2026-03-21 08:00:00+00:00,9.59,9.59,9.54,9.57,140686.64
2026-03-21 09:00:00+00:00,9.57,9.6,9.54,9.55,40131.03
2026-03-21 10:00:00+00:00,9.54,9.55,9.49,9.5,40717.33
2026-03-21 11:00:00+00:00,9.5,9.52,9.49,9.51,15863.5
2026-03-21 12:00:00+00:00,9.5,9.52,9.49,9.51,37570.6
2026-03-21 13:00:00+00:00,9.5,9.51,9.48,9.49,11302.19
2026-03-21 14:00:00+00:00,9.5,9.55,9.46,9.47,47052.64
2026-03-21 15:00:00+00:00,9.47,9.55,9.47,9.54,24764.49
2026-03-21 16:00:00+00:00,9.54,9.57,9.49,9.49,43533.53
2026-03-21 17:00:00+00:00,9.5,9.51,9.48,9.5,26770.93
2026-03-21 18:00:00+00:00,9.5,9.51,9.48,9.49,17884.99
2026-03-21 19:00:00+00:00,9.49,9.5,9.47,9.5,14827.82
2026-03-21 20:00:00+00:00,9.5,9.53,9.49,9.53,20987.08
2026-03-21 21:00:00+00:00,9.53,9.53,9.5,9.5,17698.34
2026-03-21 22:00:00+00:00,9.5,9.52,9.48,9.5,23576.89
2026-03-21 23:00:00+00:00,9.5,9.5,9.15,9.21,260668.31
2026-03-22 00:00:00+00:00,9.21,9.27,9.05,9.22,202708.34
2026-03-22 01:00:00+00:00,9.23,9.26,9.2,9.23,61495.32
2026-03-22 02:00:00+00:00,9.23,9.32,9.22,9.29,45527.87
2026-03-22 03:00:00+00:00,9.28,9.36,9.25,9.28,39627.06
2026-03-22 04:00:00+00:00,9.28,9.32,9.26,9.3,49776.21
2026-03-22 05:00:00+00:00,9.3,9.31,9.24,9.25,35649.86
2026-03-22 06:00:00+00:00,9.24,9.25,9.21,9.24,26370.92
2026-03-22 07:00:00+00:00,9.24,9.26,9.19,9.19,49940.18
2026-03-22 08:00:00+00:00,9.19,9.19,9.1,9.15,92614.31
2026-03-22 09:00:00+00:00,9.16,9.19,9.12,9.14,36677.99
2026-03-22 10:00:00+00:00,9.14,9.14,9.09,9.11,48169.07
2026-03-22 11:00:00+00:00,9.11,9.12,9.06,9.07,47962.32
2026-03-22 12:00:00+00:00,9.06,9.14,9.06,9.12,44086.55
2026-03-22 13:00:00+00:00,9.12,9.14,9.07,9.1,50291.89
2026-03-22 14:00:00+00:00,9.1,9.14,9.07,9.08,51646.38
2026-03-22 15:00:00+00:00,9.09,9.11,9.07,9.1,44790.52
2026-03-22 16:00:00+00:00,9.1,9.11,9.08,9.08,39169.39
2026-03-22 17:00:00+00:00,9.08,9.1,9.06,9.08,33931.85
2026-03-22 18:00:00+00:00,9.07,9.09,8.99,9.04,98141.97
2026-03-22 19:00:00+00:00,9.04,9.04,8.95,8.98,92549.13
2026-03-22 20:00:00+00:00,8.98,9.03,8.96,8.99,86618.92
2026-03-22 21:00:00+00:00,8.99,8.99,8.87,8.98,118905.39
2026-03-22 22:00:00+00:00,8.98,9.09,8.93,9.05,170540.24
2026-03-22 23:00:00+00:00,9.05,9.09,9.01,9.03,40845.88
2026-03-23 00:00:00+00:00,9.03,9.07,8.99,9.05,56505.22
2026-03-23 01:00:00+00:00,9.04,9.11,9.03,9.07,45226.7
2026-03-23 02:00:00+00:00,9.07,9.14,9.05,9.12,42142.26
2026-03-23 03:00:00+00:00,9.12,9.19,9.09,9.1,37412.75
2026-03-23 04:00:00+00:00,9.11,9.16,9.1,9.16,28380.15
2026-03-23 05:00:00+00:00,9.15,9.18,9.11,9.16,32087.38
2026-03-23 06:00:00+00:00,9.16,9.16,8.99,9.03,58852.91
2026-03-23 07:00:00+00:00,9.03,9.06,8.95,9.02,70517.23
2026-03-23 08:00:00+00:00,9.03,9.06,8.97,8.98,51520.04
2026-03-23 09:00:00+00:00,8.99,9.02,8.92,9.0,59531.72
2026-03-23 10:00:00+00:00,9.01,9.06,8.98,9.0,39353.64
2026-03-23 11:00:00+00:00,9.01,9.59,9.0,9.38,1050664.88
2026-03-23 12:00:00+00:00,9.39,9.49,9.34,9.47,231861.34
2026-03-23 13:00:00+00:00,9.47,9.64,9.43,9.62,168186.83
2026-03-23 14:00:00+00:00,9.63,9.76,9.59,9.64,287716.02
2026-03-23 15:00:00+00:00,9.64,9.67,9.4,9.42,199863.66
2026-03-23 16:00:00+00:00,9.42,9.48,9.36,9.46,88999.36
2026-03-23 17:00:00+00:00,9.46,9.56,9.43,9.52,80931.79
2026-03-23 18:00:00+00:00,9.53,9.55,9.43,9.53,95350.19
2026-03-23 19:00:00+00:00,9.53,9.58,9.45,9.47,57736.27
2026-03-23 20:00:00+00:00,9.46,9.54,9.44,9.54,37567.17
2026-03-23 21:00:00+00:00,9.54,9.58,9.52,9.57,42207.93
2026-03-23 22:00:00+00:00,9.57,9.58,9.51,9.56,87788.21
2026-03-23 23:00:00+00:00,9.56,9.57,9.49,9.56,54555.04
2026-03-24 00:00:00+00:00,9.56,9.59,9.48,9.54,101499.44
2026-03-24 01:00:00+00:00,9.53,9.54,9.45,9.5,58988.12
2026-03-24 02:00:00+00:00,9.51,9.57,9.49,9.52,57205.38
2026-03-24 03:00:00+00:00,9.52,9.6,9.51,9.57,49654.83
2026-03-24 04:00:00+00:00,9.58,9.62,9.5,9.52,40198.18
2026-03-24 05:00:00+00:00,9.52,9.56,9.47,9.53,37760.08
2026-03-24 06:00:00+00:00,9.53,9.55,9.49,9.55,42774.93
2026-03-24 07:00:00+00:00,9.55,9.62,9.54,9.6,95587.36
2026-03-24 08:00:00+00:00,9.61,9.64,9.56,9.59,62098.94
2026-03-24 09:00:00+00:00,9.59,9.62,9.54,9.6,51261.77
2026-03-24 10:00:00+00:00,9.59,9.6,9.55,9.57,44109.17
2026-03-24 11:00:00+00:00,9.57,9.57,9.51,9.55,47844.12
2026-03-24 12:00:00+00:00,9.55,9.56,9.51,9.55,33616.36
2026-03-24 13:00:00+00:00,9.55,9.56,9.43,9.45,123325.26
2026-03-24 14:00:00+00:00,9.45,9.5,9.39,9.47,130062.23
2026-03-24 15:00:00+00:00,9.47,9.5,9.44,9.44,70694.05
2026-03-24 16:00:00+00:00,9.44,9.48,9.4,9.4,56875.41
2026-03-24 17:00:00+00:00,9.4,9.42,9.35,9.39,58657.1
2026-03-24 18:00:00+00:00,9.39,9.45,9.38,9.41,30850.41
2026-03-24 19:00:00+00:00,9.41,9.43,9.38,9.39,25915.51
2026-03-24 20:00:00+00:00,9.39,9.58,9.38,9.56,112267.74
2026-03-24 21:00:00+00:00,9.56,9.58,9.51,9.56,86152.09
2026-03-24 22:00:00+00:00,9.56,9.6,9.54,9.57,70870.23
2026-03-24 23:00:00+00:00,9.58,9.65,9.56,9.62,81754.52
2026-03-25 00:00:00+00:00,9.63,9.66,9.58,9.64,94980.26
2026-03-25 01:00:00+00:00,9.64,9.65,9.6,9.6,57138.31
2026-03-25 02:00:00+00:00,9.6,9.62,9.58,9.58,44792.54
2026-03-25 03:00:00+00:00,9.58,9.63,9.56,9.62,47592.28
2026-03-25 04:00:00+00:00,9.62,9.66,9.6,9.64,45962.21
2026-03-25 05:00:00+00:00,9.64,9.69,9.62,9.64,93550.95
2026-03-25 06:00:00+00:00,9.64,9.69,9.61,9.64,88592.99
2026-03-25 07:00:00+00:00,9.65,9.71,9.63,9.64,73672.76
2026-03-25 08:00:00+00:00,9.65,9.74,9.62,9.7,115156.26
2026-03-25 09:00:00+00:00,9.69,9.72,9.65,9.71,43578.82
2026-03-25 10:00:00+00:00,9.7,9.74,9.69,9.71,65066.25
2026-03-25 11:00:00+00:00,9.72,9.78,9.69,9.75,175473.89
2026-03-25 12:00:00+00:00,9.75,9.8,9.67,9.74,135350.26
2026-03-25 13:00:00+00:00,9.73,9.77,9.71,9.73,126070.28
2026-03-25 14:00:00+00:00,9.73,9.74,9.69,9.7,76217.74
2026-03-25 15:00:00+00:00,9.7,9.71,9.59,9.67,87770.94
2026-03-25 16:00:00+00:00,9.67,9.76,9.65,9.7,142902.0
2026-03-25 17:00:00+00:00,9.71,9.71,9.63,9.65,60690.74
2026-03-25 18:00:00+00:00,9.65,9.7,9.65,9.66,47969.12
2026-03-25 19:00:00+00:00,9.66,9.71,9.65,9.68,46736.44
2026-03-25 20:00:00+00:00,9.68,9.69,9.61,9.65,33708.27
2026-03-25 21:00:00+00:00,9.65,9.68,9.63,9.64,33698.57
2026-03-25 22:00:00+00:00,9.65,9.73,9.64,9.68,51271.01
2026-03-25 23:00:00+00:00,9.68,9.7,9.66,9.68,27566.05
2026-03-26 00:00:00+00:00,9.69,9.69,9.65,9.68,37451.1
2026-03-26 01:00:00+00:00,9.68,9.69,9.64,9.67,31709.62
2026-03-26 02:00:00+00:00,9.66,9.67,9.56,9.6,42551.9
2026-03-26 03:00:00+00:00,9.59,9.61,9.54,9.57,40498.16
2026-03-26 04:00:00+00:00,9.57,9.57,9.53,9.55,39004.62
2026-03-26 05:00:00+00:00,9.55,9.56,9.44,9.45,105399.89
2026-03-26 06:00:00+00:00,9.44,9.46,9.42,9.43,72568.77
2026-03-26 07:00:00+00:00,9.43,9.46,9.41,9.44,55935.03
2026-03-26 08:00:00+00:00,9.45,9.45,9.38,9.41,70180.94
2026-03-26 09:00:00+00:00,9.41,9.42,9.27,9.29,170420.22
2026-03-26 10:00:00+00:00,9.29,9.3,9.24,9.26,103416.04
2026-03-26 11:00:00+00:00,9.27,9.29,9.23,9.23,82040.3
2026-03-26 12:00:00+00:00,9.23,9.26,9.21,9.25,89995.26
2026-03-26 13:00:00+00:00,9.25,9.34,9.24,9.3,86503.87
2026-03-26 14:00:00+00:00,9.3,9.32,9.22,9.24,77634.36
2026-03-26 15:00:00+00:00,9.24,9.25,9.13,9.18,116485.27
2026-03-26 16:00:00+00:00,9.19,9.21,9.13,9.14,63187.95
2026-03-26 17:00:00+00:00,9.14,9.17,9.03,9.06,152321.98
2026-03-26 18:00:00+00:00,9.06,9.07,8.99,9.02,166729.33
2026-03-26 19:00:00+00:00,9.03,9.04,8.99,9.02,85909.63
2026-03-26 20:00:00+00:00,9.01,9.15,9.0,9.1,212296.17
2026-03-26 21:00:00+00:00,9.09,9.15,9.08,9.11,65189.18
2026-03-26 22:00:00+00:00,9.11,9.12,9.07,9.12,52259.29
2026-03-26 23:00:00+00:00,9.12,9.14,9.08,9.11,44016.69
2026-03-27 00:00:00+00:00,9.1,9.12,9.08,9.11,50133.82
2026-03-27 01:00:00+00:00,9.11,9.14,9.07,9.14,54194.97
2026-03-27 02:00:00+00:00,9.14,9.15,9.11,9.13,22439.98
2026-03-27 03:00:00+00:00,9.13,9.13,9.07,9.08,31585.23
2026-03-27 04:00:00+00:00,9.07,9.08,9.0,9.06,54801.62
2026-03-27 05:00:00+00:00,9.05,9.1,9.04,9.08,29942.19
2026-03-27 06:00:00+00:00,9.07,9.1,9.05,9.09,54755.03
2026-03-27 07:00:00+00:00,9.08,9.1,9.03,9.07,57844.85
2026-03-27 08:00:00+00:00,9.07,9.08,8.91,8.98,166691.3
2026-03-27 09:00:00+00:00,8.98,8.99,8.91,8.94,100377.96
2026-03-27 10:00:00+00:00,8.93,8.96,8.7,8.72,342343.9
2026-03-27 11:00:00+00:00,8.72,8.77,8.66,8.76,200457.71
2026-03-27 12:00:00+00:00,8.76,8.79,8.73,8.78,121625.52
2026-03-27 13:00:00+00:00,8.79,8.84,8.75,8.79,161934.68
2026-03-27 14:00:00+00:00,8.78,8.83,8.73,8.8,112121.34
2026-03-27 15:00:00+00:00,8.8,8.89,8.78,8.8,112433.58
2026-03-27 16:00:00+00:00,8.81,8.81,8.75,8.77,60998.84
2026-03-27 17:00:00+00:00,8.77,8.82,8.72,8.73,80943.1
2026-03-27 18:00:00+00:00,8.72,8.74,8.66,8.72,96546.55
2026-03-27 19:00:00+00:00,8.72,8.77,8.69,8.77,58004.05
2026-03-27 20:00:00+00:00,8.77,8.78,8.72,8.77,34609.83
2026-03-27 21:00:00+00:00,8.77,8.81,8.77,8.77,26264.33
2026-03-27 22:00:00+00:00,8.78,8.79,8.74,8.77,21347.95
2026-03-27 23:00:00+00:00,8.77,8.8,8.74,8.79,48792.67
2026-03-28 00:00:00+00:00,8.79,8.79,8.76,8.77,29629.58
2026-03-28 01:00:00+00:00,8.77,8.77,8.7,8.74,52703.74
2026-03-28 02:00:00+00:00,8.75,8.78,8.72,8.74,38808.42
2026-03-28 03:00:00+00:00,8.74,8.76,8.73,8.74,18275.63
2026-03-28 04:00:00+00:00,8.74,8.75,8.71,8.74,23291.67
2026-03-28 05:00:00+00:00,8.74,8.77,8.72,8.77,14510.81
2026-03-28 06:00:00+00:00,8.76,8.8,8.75,8.79,30380.35
2026-03-28 07:00:00+00:00,8.79,8.83,8.77,8.83,27058.2
2026-03-28 08:00:00+00:00,8.84,8.85,8.8,8.81,34504.18
2026-03-28 09:00:00+00:00,8.81,8.82,8.79,8.8,22043.66
2026-03-28 10:00:00+00:00,8.8,8.84,8.77,8.8,28764.97
2026-03-28 11:00:00+00:00,8.8,8.82,8.79,8.82,23348.13
2026-03-28 12:00:00+00:00,8.82,8.84,8.78,8.79,37304.77
2026-03-28 13:00:00+00:00,8.79,8.94,8.77,8.89,144666.85
2026-03-28 14:00:00+00:00,8.9,8.93,8.85,8.88,63157.62
2026-03-28 15:00:00+00:00,8.88,8.99,8.87,8.94,94313.14
2026-03-28 16:00:00+00:00,8.94,8.95,8.89,8.91,35475.98
2026-03-28 17:00:00+00:00,8.92,8.94,8.86,8.88,30528.24
2026-03-28 18:00:00+00:00,8.89,8.92,8.87,8.91,24024.58
2026-03-28 19:00:00+00:00,8.9,8.91,8.86,8.89,20250.89
2026-03-28 20:00:00+00:00,8.88,8.91,8.87,8.89,25671.85
2026-03-28 21:00:00+00:00,8.88,8.89,8.82,8.84,34482.13
2026-03-28 22:00:00+00:00,8.83,8.85,8.81,8.83,31210.25
2026-03-28 23:00:00+00:00,8.84,8.84,8.73,8.75,65446.56
2026-03-29 00:00:00+00:00,8.76,8.78,8.73,8.75,41838.81
2026-03-29 01:00:00+00:00,8.75,8.78,8.73,8.77,46046.07
2026-03-29 02:00:00+00:00,8.76,8.79,8.75,8.78,21964.34
2026-03-29 03:00:00+00:00,8.78,8.82,8.76,8.8,32857.91
2026-03-29 04:00:00+00:00,8.79,8.81,8.76,8.78,19488.57
2026-03-29 05:00:00+00:00,8.77,8.78,8.74,8.77,31916.71
2026-03-29 06:00:00+00:00,8.77,8.79,8.75,8.76,16155.03
2026-03-29 07:00:00+00:00,8.75,8.76,8.72,8.75,34346.17
2026-03-29 08:00:00+00:00,8.75,8.76,8.73,8.75,12288.33
2026-03-29 09:00:00+00:00,8.75,8.76,8.72,8.73,28187.96
2026-03-29 10:00:00+00:00,8.72,8.72,8.67,8.7,29738.43
2026-03-29 11:00:00+00:00,8.7,8.75,8.69,8.73,24321.59
2026-03-29 12:00:00+00:00,8.72,8.73,8.68,8.7,26275.49
2026-03-29 13:00:00+00:00,8.71,8.71,8.62,8.65,78350.91
2026-03-29 14:00:00+00:00,8.65,8.71,8.64,8.69,48892.51
2026-03-29 15:00:00+00:00,8.69,8.71,8.63,8.66,62487.48
2026-03-29 16:00:00+00:00,8.66,8.68,8.63,8.63,35855.13
2026-03-29 17:00:00+00:00,8.63,8.65,8.57,8.61,65821.53
2026-03-29 18:00:00+00:00,8.61,8.64,8.59,8.62,23876.36
2026-03-29 19:00:00+00:00,8.62,8.64,8.6,8.61,24891.72
2026-03-29 20:00:00+00:00,8.61,8.68,8.6,8.65,28082.87
2026-03-29 21:00:00+00:00,8.65,8.67,8.64,8.67,17781.5
2026-03-29 22:00:00+00:00,8.66,8.66,8.37,8.56,245507.54
2026-03-29 23:00:00+00:00,8.56,8.63,8.53,8.6,119752.12
2026-03-30 00:00:00+00:00,8.6,8.76,8.56,8.67,120069.34
2026-03-30 01:00:00+00:00,8.67,8.75,8.67,8.73,52541.85
2026-03-30 02:00:00+00:00,8.73,8.86,8.72,8.8,105859.46
2026-03-30 03:00:00+00:00,8.8,8.83,8.76,8.81,34438.15
2026-03-30 04:00:00+00:00,8.81,8.86,8.81,8.85,56873.32
2026-03-30 05:00:00+00:00,8.85,8.89,8.82,8.84,51001.62
2026-03-30 06:00:00+00:00,8.84,8.86,8.8,8.82,30541.13
2026-03-30 07:00:00+00:00,8.82,8.92,8.81,8.92,45051.16
2026-03-30 08:00:00+00:00,8.92,9.08,8.91,9.0,185865.74
2026-03-30 09:00:00+00:00,9.01,9.02,8.91,8.92,38145.97
2026-03-30 10:00:00+00:00,8.91,8.94,8.89,8.94,39718.65
2026-03-30 11:00:00+00:00,8.93,9.05,8.93,8.99,166300.87
2026-03-30 12:00:00+00:00,8.99,9.01,8.96,9.0,38746.42
2026-03-30 13:00:00+00:00,9.01,9.03,8.93,8.94,84964.46
2026-03-30 14:00:00+00:00,8.95,8.98,8.87,8.98,92519.94
2026-03-30 15:00:00+00:00,8.98,8.99,8.9,8.94,42095.21
2026-03-30 16:00:00+00:00,8.95,8.96,8.88,8.92,91334.28
2026-03-30 17:00:00+00:00,8.91,8.94,8.82,8.84,86071.41
2026-03-30 18:00:00+00:00,8.85,8.86,8.77,8.79,82256.45
2026-03-30 19:00:00+00:00,8.78,8.81,8.74,8.8,38424.88
2026-03-30 20:00:00+00:00,8.8,8.83,8.78,8.8,21734.16
2026-03-30 21:00:00+00:00,8.8,8.88,8.78,8.85,41360.99
2026-03-30 22:00:00+00:00,8.84,8.86,8.8,8.83,29241.06
2026-03-30 23:00:00+00:00,8.82,8.82,8.76,8.81,38145.4
2026-03-31 00:00:00+00:00,8.81,8.88,8.79,8.86,57581.1
2026-03-31 01:00:00+00:00,8.86,9.07,8.84,9.01,82699.29
2026-03-31 02:00:00+00:00,9.01,9.07,8.98,9.03,53336.04
2026-03-31 03:00:00+00:00,9.02,9.04,8.96,8.97,26999.8
2026-03-31 04:00:00+00:00,8.98,9.0,8.93,8.93,34056.5
2026-03-31 05:00:00+00:00,8.93,8.96,8.9,8.94,20953.2
2026-03-31 06:00:00+00:00,8.95,8.97,8.9,8.96,27229.89
2026-03-31 07:00:00+00:00,8.96,8.96,8.88,8.92,27758.19
2026-03-31 08:00:00+00:00,8.92,8.92,8.8,8.81,46631.62
2026-03-31 09:00:00+00:00,8.81,8.84,8.69,8.72,78073.15
2026-03-31 10:00:00+00:00,8.72,8.75,8.71,8.72,38546.43
2026-03-31 11:00:00+00:00,8.73,8.8,8.71,8.77,96731.28
2026-03-31 12:00:00+00:00,8.77,8.81,8.74,8.78,54422.49
2026-03-31 13:00:00+00:00,8.77,8.9,8.77,8.87,68582.83
2026-03-31 14:00:00+00:00,8.87,8.96,8.74,8.77,83739.14
2026-03-31 15:00:00+00:00,8.78,8.88,8.74,8.74,164139.12
2026-03-31 16:00:00+00:00,8.75,8.91,8.72,8.86,111197.5
2026-03-31 17:00:00+00:00,8.87,8.96,8.8,8.82,109051.95
2026-03-31 18:00:00+00:00,8.83,8.91,8.83,8.9,106487.47
2026-03-31 19:00:00+00:00,8.91,8.93,8.88,8.91,41989.11
2026-03-31 20:00:00+00:00,8.9,8.96,8.9,8.94,86488.63
2026-03-31 21:00:00+00:00,8.94,8.95,8.87,8.9,117689.93
2026-03-31 22:00:00+00:00,8.9,8.91,8.85,8.89,50536.1
2026-03-31 23:00:00+00:00,8.89,8.93,8.88,8.91,52016.76
2026-04-01 00:00:00+00:00,8.91,8.98,8.89,8.97,55908.32
2026-04-01 01:00:00+00:00,8.97,8.98,8.89,8.9,52152.94
2026-04-01 02:00:00+00:00,8.91,8.92,8.87,8.88,29720.5
2026-04-01 03:00:00+00:00,8.89,8.99,8.89,8.96,37704.58
2026-04-01 04:00:00+00:00,8.96,8.99,8.95,8.97,41853.54
2026-04-01 05:00:00+00:00,8.97,9.12,8.95,9.09,194871.25
2026-04-01 06:00:00+00:00,9.09,9.43,9.09,9.39,776207.75
2026-04-01 07:00:00+00:00,9.39,9.48,9.33,9.34,401802.68
2026-04-01 08:00:00+00:00,9.34,9.36,9.24,9.24,125098.45
2026-04-01 09:00:00+00:00,9.24,9.25,9.18,9.21,79381.94
2026-04-01 10:00:00+00:00,9.22,9.23,9.15,9.17,62872.5
2026-04-01 11:00:00+00:00,9.18,9.23,9.16,9.21,86550.13
2026-04-01 12:00:00+00:00,9.2,9.31,9.19,9.23,215090.32
2026-04-01 13:00:00+00:00,9.24,9.26,9.14,9.17,135061.98
2026-04-01 14:00:00+00:00,9.16,9.22,9.15,9.2,68072.49
2026-04-01 15:00:00+00:00,9.21,9.23,9.17,9.22,47545.24
2026-04-01 16:00:00+00:00,9.22,9.26,9.17,9.23,82094.39
2026-04-01 17:00:00+00:00,9.24,9.31,9.18,9.19,100274.34
2026-04-01 18:00:00+00:00,9.19,9.19,9.12,9.12,54965.63
2026-04-01 19:00:00+00:00,9.13,9.19,9.12,9.16,31246.72
2026-04-01 20:00:00+00:00,9.17,9.17,9.09,9.13,36840.7
2026-04-01 21:00:00+00:00,9.13,9.21,9.12,9.18,62072.77
2026-04-01 22:00:00+00:00,9.18,9.19,9.11,9.12,53938.67
2026-04-01 23:00:00+00:00,9.12,9.14,9.1,9.13,65493.64
2026-04-02 00:00:00+00:00,9.13,9.19,9.12,9.19,46072.64
2026-04-02 01:00:00+00:00,9.18,9.19,8.86,8.93,425111.62
2026-04-02 02:00:00+00:00,8.92,8.94,8.77,8.81,173319.7
2026-04-02 03:00:00+00:00,8.8,8.83,8.73,8.78,170648.63
2026-04-02 04:00:00+00:00,8.77,8.79,8.66,8.68,163411.88
2026-04-02 05:00:00+00:00,8.68,8.72,8.66,8.71,152908.24
2026-04-02 06:00:00+00:00,8.71,8.74,8.69,8.71,65597.78
2026-04-02 07:00:00+00:00,8.7,8.75,8.67,8.75,105608.4
2026-04-02 08:00:00+00:00,8.74,8.74,8.66,8.67,83479.39
2026-04-02 09:00:00+00:00,8.67,8.68,8.64,8.67,84382.51
2026-04-02 10:00:00+00:00,8.66,8.69,8.63,8.68,48092.48
2026-04-02 11:00:00+00:00,8.68,8.7,8.64,8.69,64049.39
2026-04-02 12:00:00+00:00,8.68,8.7,8.65,8.66,55360.41
2026-04-02 13:00:00+00:00,8.66,8.69,8.62,8.69,150531.29
2026-04-02 14:00:00+00:00,8.69,8.85,8.66,8.82,202149.35
2026-04-02 15:00:00+00:00,8.81,8.82,8.71,8.73,106703.7
2026-04-02 16:00:00+00:00,8.74,8.79,8.69,8.73,96891.41
2026-04-02 17:00:00+00:00,8.73,8.78,8.64,8.65,94802.47
2026-04-02 18:00:00+00:00,8.65,8.72,8.64,8.7,55549.23
2026-04-02 19:00:00+00:00,8.69,8.72,8.66,8.71,66121.77
2026-04-02 20:00:00+00:00,8.7,8.75,8.67,8.71,45924.63
2026-04-02 21:00:00+00:00,8.71,8.73,8.68,8.73,45358.99
2026-04-02 22:00:00+00:00,8.72,8.75,8.7,8.73,43463.69
2026-04-02 23:00:00+00:00,8.73,8.77,8.71,8.75,66445.61
2026-04-03 00:00:00+00:00,8.75,8.78,8.74,8.78,52786.21
2026-04-03 01:00:00+00:00,8.78,8.81,8.74,8.76,31939.43
2026-04-03 02:00:00+00:00,8.76,8.82,8.73,8.78,46168.35
2026-04-03 03:00:00+00:00,8.78,8.82,8.76,8.81,51620.29
2026-04-03 04:00:00+00:00,8.81,8.85,8.77,8.83,33232.69
2026-04-03 05:00:00+00:00,8.83,8.95,8.8,8.89,98183.1
2026-04-03 06:00:00+00:00,8.9,8.95,8.86,8.92,92601.33
2026-04-03 07:00:00+00:00,8.91,8.95,8.88,8.9,63434.3
2026-04-03 08:00:00+00:00,8.9,8.93,8.88,8.91,43718.97
2026-04-03 09:00:00+00:00,8.91,8.96,8.89,8.93,32323.01
2026-04-03 10:00:00+00:00,8.93,8.96,8.91,8.94,38778.08
2026-04-03 11:00:00+00:00,8.95,8.97,8.92,8.96,37110.88
2026-04-03 12:00:00+00:00,8.96,9.07,8.94,8.96,163738.8
2026-04-03 13:00:00+00:00,8.97,8.99,8.93,8.99,59425.97
2026-04-03 14:00:00+00:00,8.98,9.05,8.96,9.03,81657.26
2026-04-03 15:00:00+00:00,9.03,9.06,9.0,9.01,95184.09
2026-04-03 16:00:00+00:00,9.01,9.13,9.01,9.12,129770.2
2026-04-03 17:00:00+00:00,9.12,9.15,9.0,9.03,118434.71
2026-04-03 18:00:00+00:00,9.03,9.05,8.98,8.99,63831.5
2026-04-03 19:00:00+00:00,9.0,9.01,8.93,8.96,52450.74
2026-04-03 20:00:00+00:00,8.96,8.99,8.94,8.94,42588.89
2026-04-03 21:00:00+00:00,8.94,8.98,8.93,8.94,28494.75
2026-04-03 22:00:00+00:00,8.94,8.96,8.9,8.91,41721.36
2026-04-03 23:00:00+00:00,8.9,8.92,8.87,8.91,40506.0
2026-04-04 00:00:00+00:00,8.91,8.92,8.85,8.87,29933.45
2026-04-04 01:00:00+00:00,8.86,8.9,8.86,8.9,14806.23
2026-04-04 02:00:00+00:00,8.9,8.92,8.88,8.89,17862.69
2026-04-04 03:00:00+00:00,8.9,8.92,8.88,8.9,11364.94
2026-04-04 04:00:00+00:00,8.9,8.92,8.87,8.91,11616.12
2026-04-04 05:00:00+00:00,8.9,8.91,8.86,8.87,16051.89
2026-04-04 06:00:00+00:00,8.87,8.91,8.85,8.9,23858.53
2026-04-04 07:00:00+00:00,8.91,8.91,8.87,8.87,13636.51
2026-04-04 08:00:00+00:00,8.88,8.89,8.84,8.86,18689.21
2026-04-04 09:00:00+00:00,8.85,8.89,8.84,8.85,17673.62
2026-04-04 10:00:00+00:00,8.85,8.9,8.85,8.89,24154.95
2026-04-04 11:00:00+00:00,8.9,8.91,8.87,8.89,14116.86
2026-04-04 12:00:00+00:00,8.89,8.91,8.88,8.89,23730.5
2026-04-04 13:00:00+00:00,8.9,8.91,8.85,8.87,30757.26
2026-04-04 14:00:00+00:00,8.87,8.89,8.83,8.89,24131.17
2026-04-04 15:00:00+00:00,8.89,8.97,8.88,8.95,70372.22
2026-04-04 16:00:00+00:00,8.95,9.02,8.93,8.93,62086.42
2026-04-04 17:00:00+00:00,8.94,9.05,8.92,9.04,59888.73
2026-04-04 18:00:00+00:00,9.05,9.07,9.01,9.03,57875.26
2026-04-04 19:00:00+00:00,9.03,9.11,9.01,9.02,53160.5
2026-04-04 20:00:00+00:00,9.02,9.04,8.98,9.0,41618.87
2026-04-04 21:00:00+00:00,8.99,9.03,8.98,9.0,41731.6
2026-04-04 22:00:00+00:00,9.0,9.02,8.99,8.99,21968.79
2026-04-04 23:00:00+00:00,8.99,9.0,8.96,8.99,17968.38
2026-04-05 00:00:00+00:00,8.99,9.02,8.98,9.01,23228.22
2026-04-05 01:00:00+00:00,9.01,9.03,8.97,8.98,23483.16
2026-04-05 02:00:00+00:00,8.97,9.0,8.95,8.97,31523.89
2026-04-05 03:00:00+00:00,8.97,8.99,8.94,8.95,25193.66
2026-04-05 04:00:00+00:00,8.95,8.96,8.93,8.94,14533.95
2026-04-05 05:00:00+00:00,8.93,8.93,8.87,8.87,20339.68
2026-04-05 06:00:00+00:00,8.87,8.88,8.79,8.82,55831.95
2026-04-05 07:00:00+00:00,8.82,8.84,8.78,8.8,32456.04
2026-04-05 08:00:00+00:00,8.8,8.84,8.79,8.82,28404.56
2026-04-05 09:00:00+00:00,8.83,8.85,8.8,8.83,18235.86
2026-04-05 10:00:00+00:00,8.83,8.86,8.8,8.81,17104.81
2026-04-05 11:00:00+00:00,8.81,8.83,8.79,8.82,22578.33
2026-04-05 12:00:00+00:00,8.82,8.82,8.74,8.79,48730.52
2026-04-05 13:00:00+00:00,8.78,8.82,8.75,8.81,28023.23
2026-04-05 14:00:00+00:00,8.82,8.84,8.8,8.82,23071.71
2026-04-05 15:00:00+00:00,8.81,8.95,8.8,8.87,94295.98
2026-04-05 16:00:00+00:00,8.88,8.89,8.84,8.84,29829.16
2026-04-05 17:00:00+00:00,8.84,8.87,8.81,8.87,23492.2
2026-04-05 18:00:00+00:00,8.87,8.87,8.83,8.85,28626.56
2026-04-05 19:00:00+00:00,8.86,8.89,8.82,8.85,27140.3
2026-04-05 20:00:00+00:00,8.85,8.9,8.85,8.89,26271.16
2026-04-05 21:00:00+00:00,8.88,8.89,8.83,8.86,34890.42
2026-04-05 22:00:00+00:00,8.86,8.97,8.81,8.96,67998.63
2026-04-05 23:00:00+00:00,8.96,9.09,8.94,9.06,112592.03
2026-04-06 00:00:00+00:00,9.07,9.43,9.07,9.42,456131.27
2026-04-06 01:00:00+00:00,9.42,9.61,9.39,9.43,576839.21
2026-04-06 02:00:00+00:00,9.43,9.66,9.42,9.59,389530.76
2026-04-06 03:00:00+00:00,9.6,9.62,9.44,9.45,209319.98
2026-04-06 04:00:00+00:00,9.45,9.52,9.4,9.48,120199.74
2026-04-06 05:00:00+00:00,9.49,9.54,9.46,9.47,130835.71
2026-04-06 06:00:00+00:00,9.47,9.52,9.37,9.39,169417.8
2026-04-06 07:00:00+00:00,9.4,9.43,9.37,9.39,70319.78
2026-04-06 08:00:00+00:00,9.39,9.45,9.38,9.42,73335.93
2026-04-06 09:00:00+00:00,9.41,9.51,9.41,9.45,118765.46
2026-04-06 10:00:00+00:00,9.45,9.5,9.44,9.46,63492.31
2026-04-06 11:00:00+00:00,9.45,9.47,9.44,9.44,40641.51
2026-04-06 12:00:00+00:00,9.45,9.46,9.4,9.41,42615.24
2026-04-06 13:00:00+00:00,9.41,9.41,9.33,9.36,91664.02
2026-04-06 14:00:00+00:00,9.36,9.4,9.33,9.36,104173.13
2026-04-06 15:00:00+00:00,9.36,9.39,9.34,9.39,50163.8
2026-04-06 16:00:00+00:00,9.38,9.4,9.32,9.33,65192.98
2026-04-06 17:00:00+00:00,9.34,9.35,9.27,9.33,77754.81
2026-04-06 18:00:00+00:00,9.32,9.36,9.3,9.34,44155.3
2026-04-06 19:00:00+00:00,9.34,9.34,9.29,9.32,61160.79
2026-04-06 20:00:00+00:00,9.32,9.36,9.31,9.34,33242.67
2026-04-06 21:00:00+00:00,9.33,9.33,9.26,9.28,34475.73
2026-04-06 22:00:00+00:00,9.27,9.27,9.12,9.12,152971.23
2026-04-06 23:00:00+00:00,9.12,9.12,8.81,8.91,667430.81
2026-04-07 00:00:00+00:00,8.9,8.93,8.81,8.83,223709.84
2026-04-07 01:00:00+00:00,8.83,8.83,8.69,8.71,290166.15
2026-04-07 02:00:00+00:00,8.71,8.72,8.63,8.67,444796.56
2026-04-07 03:00:00+00:00,8.67,8.71,8.64,8.69,219831.03
2026-04-07 04:00:00+00:00,8.68,8.73,8.65,8.71,293823.79
2026-04-07 05:00:00+00:00,8.7,8.71,8.53,8.56,515931.99
2026-04-07 06:00:00+00:00,8.56,8.59,8.46,8.58,512505.88
2026-04-07 07:00:00+00:00,8.59,8.66,8.57,8.65,286103.81
2026-04-07 08:00:00+00:00,8.65,8.71,8.64,8.69,147887.06
2026-04-07 09:00:00+00:00,8.7,8.73,8.67,8.7,114568.68
2026-04-07 10:00:00+00:00,8.7,8.71,8.61,8.63,259766.92
2026-04-07 11:00:00+00:00,8.63,8.64,8.58,8.62,199385.4
2026-04-07 12:00:00+00:00,8.61,8.69,8.55,8.66,235769.07
2026-04-07 13:00:00+00:00,8.66,8.69,8.6,8.6,244103.33
2026-04-07 14:00:00+00:00,8.61,8.62,8.52,8.56,185346.96
2026-04-07 15:00:00+00:00,8.56,8.62,8.54,8.59,134172.97
2026-04-07 16:00:00+00:00,8.59,8.64,8.56,8.57,124192.76
2026-04-07 17:00:00+00:00,8.57,8.7,8.56,8.61,166701.06
2026-04-07 18:00:00+00:00,8.6,8.66,8.6,8.64,120910.66
2026-04-07 19:00:00+00:00,8.64,8.81,8.63,8.79,270491.41
2026-04-07 20:00:00+00:00,8.8,8.89,8.74,8.76,297510.61
2026-04-07 21:00:00+00:00,8.77,9.13,8.75,9.04,311708.28
2026-04-07 22:00:00+00:00,9.05,9.36,9.04,9.35,571743.05
2026-04-07 23:00:00+00:00,9.35,9.62,9.35,9.43,711341.94
2026-04-08 00:00:00+00:00,9.43,9.48,9.34,9.37,213258.21
2026-04-08 01:00:00+00:00,9.37,9.45,9.32,9.41,147533.1
2026-04-08 02:00:00+00:00,9.42,9.52,9.41,9.43,195221.96
2026-04-08 03:00:00+00:00,9.43,9.48,9.42,9.44,164433.18
2026-04-08 04:00:00+00:00,9.43,9.56,9.43,9.46,273060.53
2026-04-08 05:00:00+00:00,9.46,9.52,9.42,9.46,157608.8
2026-04-08 06:00:00+00:00,9.46,9.48,9.4,9.41,159260.84
2026-04-08 07:00:00+00:00,9.41,9.45,9.37,9.39,166349.38
2026-04-08 08:00:00+00:00,9.4,9.4,9.36,9.38,70077.24
2026-04-08 09:00:00+00:00,9.38,9.41,9.35,9.36,87427.78
2026-04-08 10:00:00+00:00,9.36,9.39,9.34,9.36,72058.97
2026-04-08 11:00:00+00:00,9.35,9.36,9.28,9.3,131231.12
2026-04-08 12:00:00+00:00,9.3,9.37,9.27,9.36,170004.05
2026-04-08 13:00:00+00:00,9.35,9.44,9.31,9.32,199844.39
2026-04-08 14:00:00+00:00,9.33,9.34,9.14,9.18,274115.85
2026-04-08 15:00:00+00:00,9.18,9.23,9.17,9.22,100487.59
2026-04-08 16:00:00+00:00,9.21,9.25,9.17,9.22,69502.31
2026-04-08 17:00:00+00:00,9.23,9.29,9.2,9.27,74470.54
2026-04-08 18:00:00+00:00,9.27,9.29,9.12,9.14,99973.21
2026-04-08 19:00:00+00:00,9.14,9.19,9.12,9.19,75173.32
2026-04-08 20:00:00+00:00,9.19,9.22,9.13,9.15,49986.83
2026-04-08 21:00:00+00:00,9.14,9.22,9.13,9.2,67694.39
2026-04-08 22:00:00+00:00,9.19,9.19,9.11,9.12,120496.08
2026-04-08 23:00:00+00:00,9.12,9.12,9.04,9.05,147024.0
2026-04-09 00:00:00+00:00,9.05,9.06,8.94,8.97,161299.26
2026-04-09 01:00:00+00:00,8.96,8.99,8.92,8.99,117022.29
2026-04-09 02:00:00+00:00,8.99,9.06,8.96,9.04,90076.15
2026-04-09 03:00:00+00:00,9.03,9.06,9.01,9.03,45346.96
2026-04-09 04:00:00+00:00,9.02,9.07,9.01,9.04,33031.91
2026-04-09 05:00:00+00:00,9.05,9.06,9.0,9.02,31875.14
2026-04-09 06:00:00+00:00,9.01,9.06,9.01,9.05,27182.09
2026-04-09 07:00:00+00:00,9.06,9.09,9.05,9.08,25406.33
2026-04-09 08:00:00+00:00,9.08,9.17,9.05,9.16,73812.91
2026-04-09 09:00:00+00:00,9.16,9.16,9.06,9.13,117452.71
2026-04-09 10:00:00+00:00,9.13,9.16,9.1,9.1,47866.54
2026-04-09 11:00:00+00:00,9.1,9.11,9.04,9.08,50370.32
2026-04-09 12:00:00+00:00,9.09,9.13,9.06,9.1,54800.59
2026-04-09 13:00:00+00:00,9.11,9.12,9.06,9.1,77298.99
2026-04-09 14:00:00+00:00,9.1,9.18,9.06,9.16,87735.51
2026-04-09 15:00:00+00:00,9.16,9.37,9.13,9.34,252286.84
2026-04-09 16:00:00+00:00,9.34,9.39,9.24,9.29,180967.33
2026-04-09 17:00:00+00:00,9.29,9.39,9.28,9.36,156766.47
2026-04-09 18:00:00+00:00,9.36,9.37,9.26,9.28,89051.61
2026-04-09 19:00:00+00:00,9.28,9.35,9.25,9.31,136655.11
2026-04-09 20:00:00+00:00,9.31,9.35,9.28,9.33,147620.7
2026-04-09 21:00:00+00:00,9.33,9.46,9.31,9.42,132017.08
2026-04-09 22:00:00+00:00,9.42,9.7,9.39,9.48,543440.17
2026-04-09 23:00:00+00:00,9.48,9.52,9.34,9.37,241335.19
2026-04-10 00:00:00+00:00,9.37,9.41,9.31,9.34,137136.73
2026-04-10 01:00:00+00:00,9.33,9.42,9.27,9.35,82938.93
2026-04-10 02:00:00+00:00,9.35,9.38,9.31,9.33,46560.89
2026-04-10 03:00:00+00:00,9.33,9.36,9.28,9.31,67343.84
2026-04-10 04:00:00+00:00,9.31,9.4,9.3,9.38,75004.45
2026-04-10 05:00:00+00:00,9.39,9.42,9.36,9.37,84615.44
2026-04-10 06:00:00+00:00,9.38,9.4,9.28,9.3,68937.18
2026-04-10 07:00:00+00:00,9.31,9.32,9.27,9.28,92713.04
2026-04-10 08:00:00+00:00,9.28,9.33,9.25,9.27,90120.06
2026-04-10 09:00:00+00:00,9.27,9.33,9.27,9.31,48572.33
2026-04-10 10:00:00+00:00,9.31,9.31,9.26,9.28,48349.95
2026-04-10 11:00:00+00:00,9.28,9.34,9.26,9.3,62227.47
2026-04-10 12:00:00+00:00,9.31,9.38,9.3,9.38,122793.02
2026-04-10 13:00:00+00:00,9.38,9.42,9.32,9.37,80182.13
2026-04-10 14:00:00+00:00,9.37,9.47,9.33,9.44,129971.66
2026-04-10 15:00:00+00:00,9.45,9.51,9.39,9.42,113796.33
2026-04-10 16:00:00+00:00,9.42,9.46,9.4,9.42,63966.29
2026-04-10 17:00:00+00:00,9.42,9.42,9.35,9.4,48689.58
2026-04-10 18:00:00+00:00,9.4,9.53,9.38,9.52,189144.03
2026-04-10 19:00:00+00:00,9.52,9.56,9.49,9.53,76826.96
2026-04-10 20:00:00+00:00,9.53,9.56,9.49,9.51,85733.69
2026-04-10 21:00:00+00:00,9.51,9.52,9.4,9.45,78246.11
2026-04-10 22:00:00+00:00,9.45,9.46,9.39,9.42,46144.5
2026-04-10 23:00:00+00:00,9.42,9.42,9.38,9.39,57787.48
2026-04-11 00:00:00+00:00,9.39,9.4,9.35,9.35,50743.21
2026-04-11 01:00:00+00:00,9.35,9.36,9.31,9.35,47581.72
2026-04-11 02:00:00+00:00,9.35,9.38,9.33,9.35,92624.83
2026-04-11 03:00:00+00:00,9.34,9.37,9.31,9.33,59584.19
2026-04-11 04:00:00+00:00,9.32,9.35,9.3,9.31,47760.32
2026-04-11 05:00:00+00:00,9.3,9.31,9.25,9.26,64977.37
2026-04-11 06:00:00+00:00,9.26,9.29,9.23,9.28,47652.92
2026-04-11 07:00:00+00:00,9.28,9.31,9.26,9.28,32670.24
2026-04-11 08:00:00+00:00,9.29,9.32,9.27,9.28,44553.59
2026-04-11 09:00:00+00:00,9.28,9.32,9.26,9.28,48646.28
2026-04-11 10:00:00+00:00,9.28,9.29,9.25,9.27,31731.16
2026-04-11 11:00:00+00:00,9.26,9.29,9.25,9.28,32794.72
2026-04-11 12:00:00+00:00,9.28,9.3,9.26,9.27,30218.53
2026-04-11 13:00:00+00:00,9.27,9.28,9.19,9.24,85821.53
2026-04-11 14:00:00+00:00,9.23,9.28,9.23,9.27,30042.97
2026-04-11 15:00:00+00:00,9.28,9.34,9.27,9.34,53727.69
2026-04-11 16:00:00+00:00,9.33,9.47,9.33,9.44,101411.06
2026-04-11 17:00:00+00:00,9.45,9.46,9.38,9.39,63866.97
2026-04-11 18:00:00+00:00,9.39,9.53,9.36,9.5,150282.2
2026-04-11 19:00:00+00:00,9.49,9.61,9.48,9.58,137249.83
2026-04-11 20:00:00+00:00,9.58,9.61,9.43,9.46,140227.84
2026-04-11 21:00:00+00:00,9.46,9.5,9.43,9.47,68902.15
2026-04-11 22:00:00+00:00,9.46,9.52,9.39,9.42,114949.82
2026-04-11 23:00:00+00:00,9.41,9.42,9.33,9.38,61230.58
2026-04-12 00:00:00+00:00,9.37,9.38,9.32,9.37,60905.7
2026-04-12 01:00:00+00:00,9.37,9.39,9.03,9.09,358550.91
2026-04-12 02:00:00+00:00,9.08,9.14,9.03,9.13,171132.86
2026-04-12 03:00:00+00:00,9.13,9.13,9.08,9.09,109592.92
2026-04-12 04:00:00+00:00,9.08,9.1,9.06,9.07,106606.84
2026-04-12 05:00:00+00:00,9.08,9.09,9.05,9.07,94545.42
2026-04-12 06:00:00+00:00,9.07,9.09,9.04,9.05,48770.71
2026-04-12 07:00:00+00:00,9.05,9.05,9.0,9.02,93360.89
2026-04-12 08:00:00+00:00,9.02,9.05,9.0,9.04,52517.45
2026-04-12 09:00:00+00:00,9.04,9.05,9.0,9.03,49043.24
2026-04-12 10:00:00+00:00,9.02,9.05,8.98,9.0,80759.01
2026-04-12 11:00:00+00:00,8.99,9.05,8.98,9.03,53332.7
2026-04-12 12:00:00+00:00,9.03,9.06,9.0,9.02,95283.2
2026-04-12 13:00:00+00:00,9.02,9.05,8.96,8.97,108330.64
2026-04-12 14:00:00+00:00,8.96,9.01,8.96,8.98,65328.46
2026-04-12 15:00:00+00:00,8.98,8.99,8.92,8.96,75488.37
2026-04-12 16:00:00+00:00,8.96,9.02,8.95,9.02,77455.7
2026-04-12 17:00:00+00:00,9.02,9.13,9.01,9.11,78350.1
2026-04-12 18:00:00+00:00,9.12,9.17,9.09,9.11,89698.75
2026-04-12 19:00:00+00:00,9.11,9.11,9.06,9.08,48979.61
2026-04-12 20:00:00+00:00,9.09,9.15,9.06,9.13,64275.56
2026-04-12 21:00:00+00:00,9.14,9.17,9.11,9.15,68101.0
2026-04-12 22:00:00+00:00,9.15,9.15,9.02,9.06,120173.78
2026-04-12 23:00:00+00:00,9.06,9.06,9.01,9.03,70483.4
2026-04-13 00:00:00+00:00,9.04,9.12,9.02,9.1,79424.48
2026-04-13 01:00:00+00:00,9.1,9.17,9.09,9.14,83746.18
2026-04-13 02:00:00+00:00,9.14,9.15,9.05,9.06,51652.91
2026-04-13 03:00:00+00:00,9.06,9.08,9.04,9.07,35362.41
2026-04-13 04:00:00+00:00,9.07,9.12,9.05,9.05,42194.82
2026-04-13 05:00:00+00:00,9.05,9.07,9.01,9.07,47725.54
2026-04-13 06:00:00+00:00,9.07,9.2,9.06,9.15,129907.4
2026-04-13 07:00:00+00:00,9.16,9.16,9.04,9.06,71985.28
2026-04-13 08:00:00+00:00,9.06,9.07,9.01,9.03,72463.27
2026-04-13 09:00:00+00:00,9.02,9.09,9.02,9.08,47504.81
2026-04-13 10:00:00+00:00,9.08,9.09,8.98,8.99,71477.1
2026-04-13 11:00:00+00:00,9.0,9.08,8.97,9.07,141161.37
2026-04-13 12:00:00+00:00,9.06,9.19,9.03,9.15,103883.66
2026-04-13 13:00:00+00:00,9.16,9.28,9.1,9.26,285882.2
2026-04-13 14:00:00+00:00,9.27,9.33,9.15,9.31,205756.94
2026-04-13 15:00:00+00:00,9.32,9.33,9.15,9.21,190812.32
2026-04-13 16:00:00+00:00,9.21,9.31,9.15,9.28,185285.24
2026-04-13 17:00:00+00:00,9.29,9.39,9.25,9.26,147378.44
2026-04-13 18:00:00+00:00,9.26,9.27,9.18,9.26,105759.44
2026-04-13 19:00:00+00:00,9.27,9.42,9.26,9.4,174938.13
2026-04-13 20:00:00+00:00,9.41,9.42,9.27,9.3,121178.75
2026-04-13 21:00:00+00:00,9.3,9.33,9.25,9.32,84577.52
2026-04-13 22:00:00+00:00,9.31,9.62,9.31,9.59,509395.82
2026-04-13 23:00:00+00:00,9.6,9.71,9.56,9.66,429770.17
2026-04-14 00:00:00+00:00,9.66,9.71,9.49,9.51,213498.7
2026-04-14 01:00:00+00:00,9.51,9.54,9.46,9.5,105612.43
2026-04-14 02:00:00+00:00,9.5,9.5,9.43,9.46,132990.48
2026-04-14 03:00:00+00:00,9.45,9.49,9.43,9.46,66574.46
2026-04-14 04:00:00+00:00,9.45,9.47,9.43,9.45,67671.34
2026-04-14 05:00:00+00:00,9.45,9.45,9.37,9.39,97548.85
2026-04-14 06:00:00+00:00,9.38,9.44,9.38,9.42,70516.42
2026-04-14 07:00:00+00:00,9.42,9.46,9.39,9.42,108632.35
2026-04-14 08:00:00+00:00,9.42,9.46,9.39,9.45,108641.55
2026-04-14 09:00:00+00:00,9.44,9.45,9.39,9.43,79223.53
2026-04-14 10:00:00+00:00,9.42,9.45,9.4,9.41,58822.2
2026-04-14 11:00:00+00:00,9.41,9.41,9.38,9.39,85913.93
2026-04-14 12:00:00+00:00,9.39,9.4,9.36,9.38,71197.54
2026-04-14 13:00:00+00:00,9.38,9.5,9.37,9.49,189320.68
2026-04-14 14:00:00+00:00,9.5,9.54,9.39,9.39,255006.41
2026-04-14 15:00:00+00:00,9.4,9.47,9.28,9.42,251992.35
2026-04-14 16:00:00+00:00,9.42,9.49,9.37,9.39,193544.65
2026-04-14 17:00:00+00:00,9.39,9.45,9.32,9.38,114818.96
2026-04-14 18:00:00+00:00,9.38,9.4,9.21,9.25,203784.25
2026-04-14 19:00:00+00:00,9.25,9.35,9.25,9.35,135350.21
2026-04-14 20:00:00+00:00,9.36,9.38,9.3,9.32,90944.08
2026-04-14 21:00:00+00:00,9.33,9.39,9.32,9.37,345907.68
2026-04-14 22:00:00+00:00,9.36,9.39,9.29,9.31,160988.75
2026-04-14 23:00:00+00:00,9.31,9.33,9.27,9.31,67539.18
2026-04-15 00:00:00+00:00,9.3,9.38,9.3,9.34,83678.12
2026-04-15 01:00:00+00:00,9.33,9.39,9.32,9.36,75378.12
2026-04-15 02:00:00+00:00,9.37,9.39,9.28,9.32,50826.28
2026-04-15 03:00:00+00:00,9.32,9.36,9.29,9.35,58423.68
2026-04-15 04:00:00+00:00,9.35,9.45,9.34,9.41,200890.22
2026-04-15 05:00:00+00:00,9.41,9.45,9.32,9.35,92734.71
2026-04-15 06:00:00+00:00,9.34,9.34,9.29,9.31,54450.27
2026-04-15 07:00:00+00:00,9.31,9.33,9.26,9.27,120068.45
2026-04-15 08:00:00+00:00,9.27,9.4,9.26,9.35,90416.88
2026-04-15 09:00:00+00:00,9.36,9.37,9.3,9.32,48171.42
2026-04-15 10:00:00+00:00,9.32,9.4,9.29,9.34,60593.83
2026-04-15 11:00:00+00:00,9.34,9.46,9.34,9.43,109331.92
2026-04-15 12:00:00+00:00,9.42,9.44,9.38,9.44,90058.96
2026-04-15 13:00:00+00:00,9.43,9.45,9.36,9.39,96501.73
2026-04-15 14:00:00+00:00,9.39,9.47,9.38,9.45,90741.08
2026-04-15 15:00:00+00:00,9.46,9.46,9.33,9.37,112524.4
2026-04-15 16:00:00+00:00,9.36,9.46,9.36,9.43,83277.72
2026-04-15 17:00:00+00:00,9.44,9.48,9.4,9.45,79598.97
2026-04-15 18:00:00+00:00,9.45,9.5,9.44,9.47,101503.23
2026-04-15 19:00:00+00:00,9.47,9.57,9.45,9.53,160006.47
2026-04-15 20:00:00+00:00,9.53,9.54,9.45,9.47,80380.79
2026-04-15 21:00:00+00:00,9.47,9.51,9.43,9.5,38503.25
2026-04-15 22:00:00+00:00,9.5,9.56,9.48,9.49,113457.19
2026-04-15 23:00:00+00:00,9.48,9.48,9.39,9.43,88928.68
2026-04-16 00:00:00+00:00,9.44,9.45,9.37,9.4,68512.97
2026-04-16 01:00:00+00:00,9.41,9.41,9.35,9.37,81216.95
2026-04-16 02:00:00+00:00,9.37,9.49,9.37,9.44,101779.1
2026-04-16 03:00:00+00:00,9.44,9.51,9.41,9.49,140426.2
2026-04-16 04:00:00+00:00,9.49,9.55,9.47,9.48,132104.11
2026-04-16 05:00:00+00:00,9.49,9.52,9.46,9.49,54088.36
2026-04-16 06:00:00+00:00,9.5,9.57,9.5,9.56,69017.32
2026-04-16 07:00:00+00:00,9.57,9.62,9.49,9.51,171826.66
2026-04-16 08:00:00+00:00,9.51,9.52,9.44,9.45,95919.35
2026-04-16 09:00:00+00:00,9.44,9.51,9.43,9.43,49965.1
2026-04-16 10:00:00+00:00,9.43,9.45,9.35,9.41,109665.72
2026-04-16 11:00:00+00:00,9.41,9.48,9.38,9.46,79846.2
2026-04-16 12:00:00+00:00,9.47,9.56,9.47,9.5,128997.02
2026-04-16 13:00:00+00:00,9.51,9.62,9.31,9.41,286137.77
2026-04-16 14:00:00+00:00,9.41,9.42,9.26,9.4,256102.35
2026-04-16 15:00:00+00:00,9.4,9.61,9.39,9.58,335356.87
2026-04-16 16:00:00+00:00,9.59,9.65,9.42,9.46,272922.73
2026-04-16 17:00:00+00:00,9.46,9.55,9.41,9.53,158709.3
2026-04-16 18:00:00+00:00,9.52,9.85,9.49,9.78,503888.33
2026-04-16 19:00:00+00:00,9.78,9.87,9.74,9.86,318557.29
2026-04-16 20:00:00+00:00,9.85,9.89,9.66,9.7,218568.96
2026-04-16 21:00:00+00:00,9.7,9.74,9.65,9.73,131493.33
2026-04-16 22:00:00+00:00,9.73,9.77,9.68,9.71,75234.66
2026-04-16 23:00:00+00:00,9.71,9.78,9.69,9.73,71276.25
2026-04-17 00:00:00+00:00,9.72,9.75,9.67,9.69,80384.36
2026-04-17 01:00:00+00:00,9.69,9.72,9.6,9.64,140196.13
2026-04-17 02:00:00+00:00,9.63,9.65,9.55,9.59,100136.76
2026-04-17 03:00:00+00:00,9.58,9.59,9.54,9.55,46761.31
2026-04-17 04:00:00+00:00,9.55,9.59,9.53,9.55,68495.93
2026-04-17 05:00:00+00:00,9.55,9.56,9.45,9.45,99097.64
2026-04-17 06:00:00+00:00,9.45,9.58,9.45,9.56,94482.11
2026-04-17 07:00:00+00:00,9.57,9.63,9.56,9.62,83967.07
2026-04-17 08:00:00+00:00,9.63,9.71,9.62,9.67,94362.44
2026-04-17 09:00:00+00:00,9.67,9.74,9.6,9.68,177016.66
2026-04-17 10:00:00+00:00,9.68,9.71,9.5,9.55,127388.61
2026-04-17 11:00:00+00:00,9.54,9.68,9.53,9.65,92984.43
2026-04-17 12:00:00+00:00,9.66,9.76,9.61,9.74,147546.74
2026-04-17 13:00:00+00:00,9.73,9.92,9.71,9.9,465035.34
2026-04-17 14:00:00+00:00,9.89,10.01,9.86,9.94,348288.46
2026-04-17 15:00:00+00:00,9.94,9.94,9.75,9.82,172762.24
2026-04-17 16:00:00+00:00,9.81,9.95,9.8,9.92,217642.94
2026-04-17 17:00:00+00:00,9.93,9.93,9.77,9.84,200145.98
2026-04-17 18:00:00+00:00,9.84,9.85,9.74,9.77,121250.16
2026-04-17 19:00:00+00:00,9.77,9.84,9.75,9.79,75100.0
2026-04-17 20:00:00+00:00,9.79,9.83,9.72,9.79,80941.23
2026-04-17 21:00:00+00:00,9.78,9.85,9.76,9.79,64269.0
2026-04-17 22:00:00+00:00,9.79,9.85,9.77,9.8,54430.28
2026-04-17 23:00:00+00:00,9.8,9.8,9.69,9.72,84805.28
2026-04-18 00:00:00+00:00,9.72,9.77,9.7,9.74,51273.74
2026-04-18 01:00:00+00:00,9.75,9.79,9.68,9.7,53368.05
2026-04-18 02:00:00+00:00,9.7,9.75,9.68,9.71,41956.86
2026-04-18 03:00:00+00:00,9.71,9.72,9.63,9.64,74452.61
2026-04-18 04:00:00+00:00,9.65,9.68,9.62,9.66,101358.85
2026-04-18 05:00:00+00:00,9.66,9.72,9.66,9.7,54883.3
2026-04-18 06:00:00+00:00,9.69,9.73,9.65,9.69,35686.05
2026-04-18 07:00:00+00:00,9.69,9.74,9.68,9.7,65955.89
2026-04-18 08:00:00+00:00,9.7,9.71,9.51,9.56,175509.99
2026-04-18 09:00:00+00:00,9.56,9.57,9.48,9.53,104671.18
2026-04-18 10:00:00+00:00,9.53,9.53,9.42,9.43,182194.05
2026-04-18 11:00:00+00:00,9.44,9.44,9.35,9.4,137563.02
2026-04-18 12:00:00+00:00,9.39,9.42,9.38,9.41,79414.76
2026-04-18 13:00:00+00:00,9.42,9.43,9.33,9.4,84068.97
2026-04-18 14:00:00+00:00,9.39,9.44,9.37,9.43,77493.45
2026-04-18 15:00:00+00:00,9.42,9.45,9.39,9.4,83461.5
2026-04-18 16:00:00+00:00,9.41,9.44,9.36,9.39,98974.6
2026-04-18 17:00:00+00:00,9.39,9.42,9.35,9.39,66672.21
2026-04-18 18:00:00+00:00,9.39,9.4,9.3,9.34,139480.99
2026-04-18 19:00:00+00:00,9.33,9.4,9.33,9.38,50388.95
2026-04-18 20:00:00+00:00,9.38,9.42,9.35,9.4,77742.32
2026-04-18 21:00:00+00:00,9.4,9.41,9.37,9.39,49469.81
2026-04-18 22:00:00+00:00,9.4,9.4,9.35,9.39,46602.45
2026-04-18 23:00:00+00:00,9.38,9.4,9.32,9.33,52783.41
2026-04-19 00:00:00+00:00,9.33,9.34,9.27,9.3,74055.33
2026-04-19 01:00:00+00:00,9.3,9.33,9.25,9.28,67749.48
2026-04-19 02:00:00+00:00,9.28,9.29,9.21,9.27,131974.0
2026-04-19 03:00:00+00:00,9.28,9.33,9.24,9.3,96376.57
2026-04-19 04:00:00+00:00,9.29,9.33,9.25,9.29,73097.42
2026-04-19 05:00:00+00:00,9.3,9.32,9.26,9.27,54327.89
2026-04-19 06:00:00+00:00,9.27,9.31,9.23,9.28,60286.14
2026-04-19 07:00:00+00:00,9.28,9.28,9.13,9.22,221756.21
2026-04-19 08:00:00+00:00,9.21,9.22,9.18,9.2,63294.03
2026-04-19 09:00:00+00:00,9.2,9.22,9.17,9.18,71191.24
2026-04-19 10:00:00+00:00,9.17,9.2,9.15,9.18,62105.96
2026-04-19 11:00:00+00:00,9.18,9.28,9.17,9.25,115505.11
2026-04-19 12:00:00+00:00,9.25,9.29,9.24,9.27,80960.98
2026-04-19 13:00:00+00:00,9.27,9.36,9.26,9.29,101751.23
2026-04-19 14:00:00+00:00,9.3,9.36,9.24,9.32,115907.68
2026-04-19 15:00:00+00:00,9.31,9.32,9.2,9.28,110804.95
2026-04-19 16:00:00+00:00,9.29,9.29,9.21,9.22,119687.65
2026-04-19 17:00:00+00:00,9.22,9.24,9.14,9.15,164848.51
2026-04-19 18:00:00+00:00,9.15,9.19,9.13,9.18,109253.67
2026-04-19 19:00:00+00:00,9.18,9.24,9.17,9.2,82142.49
2026-04-19 20:00:00+00:00,9.19,9.2,9.12,9.15,79273.03
2026-04-19 21:00:00+00:00,9.15,9.18,9.11,9.13,71025.39
2026-04-19 22:00:00+00:00,9.12,9.12,8.96,9.01,510521.09
2026-04-19 23:00:00+00:00,9.0,9.02,8.97,9.0,144036.72
2026-04-20 00:00:00+00:00,9.0,9.1,8.98,9.08,226434.31
2026-04-20 01:00:00+00:00,9.07,9.14,9.07,9.13,66169.76
2026-04-20 02:00:00+00:00,9.13,9.14,9.07,9.11,85105.32
2026-04-20 03:00:00+00:00,9.11,9.17,9.11,9.15,54931.6
2026-04-20 04:00:00+00:00,9.16,9.17,9.11,9.14,51257.69
2026-04-20 05:00:00+00:00,9.14,9.14,9.05,9.08,105678.19
2026-04-20 06:00:00+00:00,9.08,9.17,9.06,9.15,95507.51
2026-04-20 07:00:00+00:00,9.15,9.33,9.14,9.22,251392.82
2026-04-20 08:00:00+00:00,9.23,9.24,9.16,9.16,154380.94
2026-04-20 09:00:00+00:00,9.17,9.25,9.16,9.21,156906.67
2026-04-20 10:00:00+00:00,9.2,9.28,9.2,9.22,101457.93
2026-04-20 11:00:00+00:00,9.21,9.23,9.17,9.22,136329.31
2026-04-20 12:00:00+00:00,9.22,9.27,9.19,9.25,131346.32
2026-04-20 13:00:00+00:00,9.26,9.29,9.22,9.26,200743.42
2026-04-20 14:00:00+00:00,9.25,9.3,9.17,9.2,223968.03
2026-04-20 15:00:00+00:00,9.21,9.25,9.15,9.23,315214.29
2026-04-20 16:00:00+00:00,9.23,9.24,9.16,9.17,110999.08
2026-04-20 17:00:00+00:00,9.18,9.27,9.17,9.26,85842.53
2026-04-20 18:00:00+00:00,9.27,9.35,9.27,9.33,213645.7
2026-04-20 19:00:00+00:00,9.32,9.36,9.3,9.31,78778.03
2026-04-20 20:00:00+00:00,9.32,9.4,9.29,9.38,144588.5
2026-04-20 21:00:00+00:00,9.38,9.44,9.35,9.4,211352.03
2026-04-20 22:00:00+00:00,9.4,9.42,9.34,9.37,72383.46
2026-04-20 23:00:00+00:00,9.36,9.36,9.26,9.27,66500.4
2026-04-21 00:00:00+00:00,9.27,9.34,9.27,9.33,65145.49
2026-04-21 01:00:00+00:00,9.32,9.37,9.31,9.31,56597.97
2026-04-21 02:00:00+00:00,9.31,9.32,9.27,9.28,54487.99
2026-04-21 03:00:00+00:00,9.27,9.32,9.25,9.29,69247.64
2026-04-21 04:00:00+00:00,9.28,9.33,9.26,9.32,47747.42
2026-04-21 05:00:00+00:00,9.32,9.38,9.31,9.36,89351.01
2026-04-21 06:00:00+00:00,9.37,9.38,9.3,9.33,82683.79
2026-04-21 07:00:00+00:00,9.32,9.38,9.28,9.34,89116.35
2026-04-21 08:00:00+00:00,9.34,9.43,9.33,9.37,120279.6
2026-04-21 09:00:00+00:00,9.37,9.42,9.34,9.39,75574.98
2026-04-21 10:00:00+00:00,9.39,9.44,9.39,9.41,61978.23
2026-04-21 11:00:00+00:00,9.42,9.53,9.38,9.44,242997.07
2026-04-21 12:00:00+00:00,9.44,9.46,9.34,9.4,232239.24
2026-04-21 13:00:00+00:00,9.39,9.4,9.33,9.37,126287.33
2026-04-21 14:00:00+00:00,9.38,9.47,9.34,9.36,115820.81
2026-04-21 15:00:00+00:00,9.36,9.4,9.32,9.39,128037.3
2026-04-21 16:00:00+00:00,9.39,9.44,9.31,9.33,97122.77
2026-04-21 17:00:00+00:00,9.33,9.39,9.21,9.33,213611.41
2026-04-21 18:00:00+00:00,9.33,9.35,9.26,9.32,81133.89
2026-04-21 19:00:00+00:00,9.32,9.35,9.17,9.2,147879.98
2026-04-21 20:00:00+00:00,9.21,9.36,9.2,9.31,173165.77
2026-04-21 21:00:00+00:00,9.3,9.33,9.29,9.3,59786.23
2026-04-21 22:00:00+00:00,9.3,9.32,9.26,9.3,40919.82
2026-04-21 23:00:00+00:00,9.3,9.4,9.3,9.39,54955.76
2026-04-22 00:00:00+00:00,9.4,9.43,9.38,9.42,137655.38
2026-04-22 01:00:00+00:00,9.42,9.43,9.36,9.39,88173.01
2026-04-22 02:00:00+00:00,9.4,9.59,9.38,9.58,308831.74
2026-04-22 03:00:00+00:00,9.59,9.61,9.5,9.56,128778.04
2026-04-22 04:00:00+00:00,9.57,9.59,9.53,9.56,71458.45
2026-04-22 05:00:00+00:00,9.56,9.68,9.54,9.62,270398.11
2026-04-22 06:00:00+00:00,9.61,9.62,9.58,9.61,104459.63
2026-04-22 07:00:00+00:00,9.61,9.61,9.55,9.57,100945.06
2026-04-22 08:00:00+00:00,9.58,9.59,9.53,9.56,59612.88
2026-04-22 09:00:00+00:00,9.56,9.64,9.54,9.6,111284.51
2026-04-22 10:00:00+00:00,9.61,9.64,9.55,9.58,220046.85
2026-04-22 11:00:00+00:00,9.58,9.6,9.56,9.58,76677.5
2026-04-22 12:00:00+00:00,9.57,9.59,9.51,9.53,63608.8
2026-04-22 13:00:00+00:00,9.52,9.57,9.49,9.55,116464.27
2026-04-22 14:00:00+00:00,9.56,9.6,9.52,9.57,111957.81
2026-04-22 15:00:00+00:00,9.57,9.59,9.54,9.54,114529.76
2026-04-22 16:00:00+00:00,9.55,9.57,9.49,9.49,73404.45
2026-04-22 17:00:00+00:00,9.5,9.55,9.49,9.52,57029.51
2026-04-22 18:00:00+00:00,9.53,9.58,9.51,9.51,37480.24
2026-04-22 19:00:00+00:00,9.52,9.53,9.43,9.48,81304.62
2026-04-22 20:00:00+00:00,9.48,9.48,9.43,9.44,48521.61
2026-04-22 21:00:00+00:00,9.44,9.49,9.44,9.48,67342.86
2026-04-22 22:00:00+00:00,9.47,9.49,9.42,9.43,63094.73
2026-04-22 23:00:00+00:00,9.43,9.43,9.33,9.33,119642.01
2026-04-23 00:00:00+00:00,9.33,9.36,9.21,9.35,283372.94
2026-04-23 01:00:00+00:00,9.35,9.35,9.28,9.33,83361.99
2026-04-23 02:00:00+00:00,9.34,9.34,9.27,9.31,122388.4
2026-04-23 03:00:00+00:00,9.31,9.31,9.22,9.27,96303.67
2026-04-23 04:00:00+00:00,9.27,9.32,9.26,9.32,45467.82
2026-04-23 05:00:00+00:00,9.32,9.35,9.25,9.28,192342.76
2026-04-23 06:00:00+00:00,9.28,9.34,9.27,9.33,159638.52
2026-04-23 07:00:00+00:00,9.32,9.33,9.27,9.28,55106.8
2026-04-23 08:00:00+00:00,9.29,9.29,9.24,9.29,61877.41
2026-04-23 09:00:00+00:00,9.29,9.29,9.22,9.24,69336.89
2026-04-23 10:00:00+00:00,9.25,9.26,9.19,9.22,89519.12
2026-04-23 11:00:00+00:00,9.23,9.3,9.22,9.27,64875.63
2026-04-23 12:00:00+00:00,9.28,9.31,9.26,9.29,111664.8
2026-04-23 13:00:00+00:00,9.3,9.31,9.26,9.28,38680.17
2026-04-23 14:00:00+00:00,9.27,9.36,9.24,9.36,78951.94
2026-04-23 15:00:00+00:00,9.36,9.45,9.34,9.4,145535.33
2026-04-23 16:00:00+00:00,9.4,9.41,9.33,9.33,75472.53
2026-04-23 17:00:00+00:00,9.33,9.35,9.16,9.26,261991.33
2026-04-23 18:00:00+00:00,9.26,9.31,9.25,9.26,102524.08
2026-04-23 19:00:00+00:00,9.26,9.31,9.24,9.28,87323.12
2026-04-23 20:00:00+00:00,9.27,9.35,9.27,9.32,60762.32
2026-04-23 21:00:00+00:00,9.32,9.37,9.3,9.34,65400.09
2026-04-23 22:00:00+00:00,9.34,9.38,9.34,9.36,58998.56
2026-04-23 23:00:00+00:00,9.35,9.41,9.34,9.38,31022.01
2026-04-24 00:00:00+00:00,9.39,9.42,9.39,9.41,60444.35
2026-04-24 01:00:00+00:00,9.42,9.44,9.36,9.43,62460.75
2026-04-24 02:00:00+00:00,9.43,9.44,9.36,9.36,39714.47
2026-04-24 03:00:00+00:00,9.36,9.37,9.28,9.33,50758.55
2026-04-24 04:00:00+00:00,9.33,9.34,9.3,9.32,50545.1
2026-04-24 05:00:00+00:00,9.32,9.38,9.3,9.36,45808.16
2026-04-24 06:00:00+00:00,9.37,9.41,9.35,9.37,39667.39
2026-04-24 07:00:00+00:00,9.37,9.41,9.34,9.37,69136.24
2026-04-24 08:00:00+00:00,9.37,9.4,9.35,9.37,49479.21
2026-04-24 09:00:00+00:00,9.37,9.38,9.32,9.36,55901.13
2026-04-24 10:00:00+00:00,9.35,9.42,9.33,9.39,33167.29
2026-04-24 11:00:00+00:00,9.4,9.47,9.4,9.44,93192.82
2026-04-24 12:00:00+00:00,9.44,9.47,9.39,9.41,41828.38
2026-04-24 13:00:00+00:00,9.41,9.45,9.4,9.41,50268.96
2026-04-24 14:00:00+00:00,9.42,9.43,9.37,9.41,52801.81
2026-04-24 15:00:00+00:00,9.41,9.46,9.34,9.46,73164.47
2026-04-24 16:00:00+00:00,9.46,9.48,9.39,9.43,44176.89
2026-04-24 17:00:00+00:00,9.42,9.45,9.4,9.42,74786.82
2026-04-24 18:00:00+00:00,9.42,9.45,9.38,9.42,37188.59
2026-04-24 19:00:00+00:00,9.43,9.45,9.41,9.44,31234.92
2026-04-24 20:00:00+00:00,9.44,9.47,9.39,9.46,62119.94
2026-04-24 21:00:00+00:00,9.46,9.48,9.43,9.45,74211.81
2026-04-24 22:00:00+00:00,9.45,9.45,9.37,9.39,54999.81
2026-04-24 23:00:00+00:00,9.39,9.41,9.37,9.4,38674.15
2026-04-25 00:00:00+00:00,9.4,9.42,9.38,9.41,41083.37
2026-04-25 01:00:00+00:00,9.41,9.46,9.41,9.43,34385.85
2026-04-25 02:00:00+00:00,9.44,9.44,9.4,9.44,29395.1
2026-04-25 03:00:00+00:00,9.44,9.46,9.41,9.44,31406.8
2026-04-25 04:00:00+00:00,9.44,9.46,9.42,9.44,30975.2
2026-04-25 05:00:00+00:00,9.44,9.46,9.39,9.45,116769.37
2026-04-25 06:00:00+00:00,9.45,9.5,9.45,9.46,89918.45
2026-04-25 07:00:00+00:00,9.45,9.47,9.43,9.45,24342.28
2026-04-25 08:00:00+00:00,9.45,9.47,9.43,9.46,53019.76
2026-04-25 09:00:00+00:00,9.45,9.49,9.45,9.48,52762.89
2026-04-25 10:00:00+00:00,9.47,9.49,9.46,9.47,53762.58
2026-04-25 11:00:00+00:00,9.48,9.48,9.38,9.4,48336.13
2026-04-25 12:00:00+00:00,9.4,9.41,9.37,9.39,26658.51
2026-04-25 13:00:00+00:00,9.38,9.44,9.38,9.42,16672.49
2026-04-25 14:00:00+00:00,9.42,9.43,9.38,9.38,22479.58
2026-04-25 15:00:00+00:00,9.39,9.4,9.32,9.34,55100.87
2026-04-25 16:00:00+00:00,9.34,9.37,9.3,9.33,61375.84
2026-04-25 17:00:00+00:00,9.33,9.34,9.28,9.3,49575.55
2026-04-25 18:00:00+00:00,9.3,9.34,9.29,9.31,28375.81
2026-04-25 19:00:00+00:00,9.31,9.33,9.3,9.3,13419.22
2026-04-25 20:00:00+00:00,9.31,9.33,9.29,9.33,29213.27
2026-04-25 21:00:00+00:00,9.32,9.35,9.32,9.33,30673.47
2026-04-25 22:00:00+00:00,9.33,9.37,9.32,9.34,28469.05
2026-04-25 23:00:00+00:00,9.34,9.37,9.34,9.36,20456.09
2026-04-26 00:00:00+00:00,9.36,9.37,9.32,9.33,36693.18
2026-04-26 01:00:00+00:00,9.33,9.34,9.31,9.32,24191.28
2026-04-26 02:00:00+00:00,9.32,9.37,9.32,9.35,24108.34
2026-04-26 03:00:00+00:00,9.34,9.36,9.31,9.34,23926.12
2026-04-26 04:00:00+00:00,9.35,9.4,9.32,9.37,41032.25
2026-04-26 05:00:00+00:00,9.36,9.44,9.36,9.4,72380.06
2026-04-26 06:00:00+00:00,9.4,9.44,9.39,9.42,58089.82
2026-04-26 07:00:00+00:00,9.41,9.44,9.4,9.43,29277.45
2026-04-26 08:00:00+00:00,9.43,9.45,9.41,9.44,38550.47
2026-04-26 09:00:00+00:00,9.43,9.46,9.43,9.45,40456.58
2026-04-26 10:00:00+00:00,9.45,9.46,9.43,9.45,32529.95
2026-04-26 11:00:00+00:00,9.45,9.53,9.45,9.48,70173.33
2026-04-26 12:00:00+00:00,9.49,9.5,9.42,9.43,33645.54
2026-04-26 13:00:00+00:00,9.44,9.45,9.41,9.41,30665.88
2026-04-26 14:00:00+00:00,9.41,9.49,9.4,9.47,53522.98
2026-04-26 15:00:00+00:00,9.46,9.49,9.45,9.49,34692.66
2026-04-26 16:00:00+00:00,9.48,9.49,9.43,9.43,54419.43
2026-04-26 17:00:00+00:00,9.43,9.44,9.4,9.43,50145.51
2026-04-26 18:00:00+00:00,9.42,9.55,9.41,9.48,314416.46
2026-04-26 19:00:00+00:00,9.48,9.52,9.46,9.48,54644.01
2026-04-26 20:00:00+00:00,9.48,9.49,9.45,9.45,31911.92
2026-04-26 21:00:00+00:00,9.45,9.47,9.39,9.46,93618.16
2026-04-26 22:00:00+00:00,9.46,9.51,9.42,9.45,109328.09
2026-04-26 23:00:00+00:00,9.44,9.5,9.43,9.45,69677.42
2026-04-27 00:00:00+00:00,9.46,9.51,9.42,9.51,73475.23
2026-04-27 01:00:00+00:00,9.51,9.56,9.47,9.55,94110.67
2026-04-27 02:00:00+00:00,9.55,9.56,9.5,9.54,42310.01
2026-04-27 03:00:00+00:00,9.53,9.57,9.51,9.51,80978.37
2026-04-27 04:00:00+00:00,9.51,9.54,9.48,9.5,47611.13
2026-04-27 05:00:00+00:00,9.5,9.5,9.27,9.29,255660.77
2026-04-27 06:00:00+00:00,9.29,9.3,9.21,9.26,165401.91
2026-04-27 07:00:00+00:00,9.25,9.27,9.23,9.23,90786.28
2026-04-27 08:00:00+00:00,9.23,9.26,9.22,9.25,75135.1
2026-04-27 09:00:00+00:00,9.26,9.28,9.24,9.26,53753.62
2026-04-27 10:00:00+00:00,9.25,9.28,9.25,9.26,24159.65
2026-04-27 11:00:00+00:00,9.26,9.28,9.24,9.27,51682.6
2026-04-27 12:00:00+00:00,9.26,9.27,9.24,9.24,40555.44
2026-04-27 13:00:00+00:00,9.24,9.26,9.19,9.24,97473.56
2026-04-27 14:00:00+00:00,9.23,9.32,9.23,9.27,129146.42
2026-04-27 15:00:00+00:00,9.28,9.28,9.08,9.13,295615.67
2026-04-27 16:00:00+00:00,9.13,9.18,9.1,9.16,88798.95
2026-04-27 17:00:00+00:00,9.16,9.2,9.15,9.17,34816.67
2026-04-27 18:00:00+00:00,9.17,9.21,9.16,9.19,22447.93
2026-04-27 19:00:00+00:00,9.19,9.21,9.13,9.18,54918.09
2026-04-27 20:00:00+00:00,9.17,9.2,9.17,9.17,25827.38
2026-04-27 21:00:00+00:00,9.17,9.2,9.16,9.18,20571.59
2026-04-27 22:00:00+00:00,9.18,9.23,9.16,9.22,28521.6
2026-04-27 23:00:00+00:00,9.22,9.28,9.22,9.27,66010.84
2026-04-28 00:00:00+00:00,9.26,9.27,9.23,9.26,53543.37
2026-04-28 01:00:00+00:00,9.25,9.27,9.23,9.25,43485.6
2026-04-28 02:00:00+00:00,9.25,9.28,9.2,9.21,38847.39
2026-04-28 03:00:00+00:00,9.22,9.23,9.2,9.22,22937.15
2026-04-28 04:00:00+00:00,9.22,9.25,9.21,9.22,21177.27
2026-04-28 05:00:00+00:00,9.22,9.26,9.21,9.22,22614.95
2026-04-28 06:00:00+00:00,9.23,9.25,9.16,9.19,31431.75
2026-04-28 07:00:00+00:00,9.18,9.19,9.14,9.18,45282.92
2026-04-28 08:00:00+00:00,9.17,9.21,9.16,9.18,56807.89
2026-04-28 09:00:00+00:00,9.19,9.19,9.13,9.15,74022.95
2026-04-28 10:00:00+00:00,9.16,9.21,9.15,9.21,32061.13
2026-04-28 11:00:00+00:00,9.22,9.23,9.12,9.15,179868.21
2026-04-28 12:00:00+00:00,9.16,9.2,9.14,9.19,65018.37
2026-04-28 13:00:00+00:00,9.2,9.23,9.13,9.19,108160.83
2026-04-28 14:00:00+00:00,9.19,9.2,9.11,9.17,55603.42
2026-04-28 15:00:00+00:00,9.17,9.2,9.13,9.17,63686.79
2026-04-28 16:00:00+00:00,9.16,9.18,9.14,9.17,37758.34
2026-04-28 17:00:00+00:00,9.16,9.2,9.13,9.16,33895.96
2026-04-28 18:00:00+00:00,9.16,9.19,9.12,9.17,85821.94
2026-04-28 19:00:00+00:00,9.17,9.19,9.14,9.18,32637.69
2026-04-28 20:00:00+00:00,9.19,9.2,9.17,9.18,37339.32
2026-04-28 21:00:00+00:00,9.19,9.21,9.17,9.18,42336.96
2026-04-28 22:00:00+00:00,9.18,9.2,9.15,9.16,39055.01
2026-04-28 23:00:00+00:00,9.17,9.18,9.15,9.17,15185.69
2026-04-29 00:00:00+00:00,9.17,9.18,9.15,9.18,21687.27
2026-04-29 01:00:00+00:00,9.17,9.19,9.14,9.18,44399.12
2026-04-29 02:00:00+00:00,9.18,9.2,9.15,9.18,27826.14
2026-04-29 03:00:00+00:00,9.18,9.26,9.18,9.26,68912.31
2026-04-29 04:00:00+00:00,9.26,9.35,9.24,9.34,100780.76
2026-04-29 05:00:00+00:00,9.34,9.35,9.32,9.33,72854.46
2026-04-29 06:00:00+00:00,9.33,9.35,9.28,9.3,35323.1
2026-04-29 07:00:00+00:00,9.3,9.33,9.28,9.3,46603.3
2026-04-29 08:00:00+00:00,9.3,9.3,9.25,9.27,43058.92
2026-04-29 09:00:00+00:00,9.26,9.42,9.25,9.4,123044.71
2026-04-29 10:00:00+00:00,9.4,9.45,9.36,9.4,131679.61
2026-04-29 11:00:00+00:00,9.39,9.4,9.33,9.35,60748.35
2026-04-29 12:00:00+00:00,9.34,9.35,9.2,9.27,174218.62
2026-04-29 13:00:00+00:00,9.26,9.28,9.16,9.22,107070.84
2026-04-29 14:00:00+00:00,9.21,9.24,9.17,9.2,46838.9
2026-04-29 15:00:00+00:00,9.19,9.21,9.08,9.12,158339.58
2026-04-29 16:00:00+00:00,9.12,9.16,9.1,9.12,77000.1
2026-04-29 17:00:00+00:00,9.12,9.19,9.11,9.18,37000.44
2026-04-29 18:00:00+00:00,9.19,9.19,8.92,9.07,531638.5
2026-04-29 19:00:00+00:00,9.07,9.08,9.02,9.06,106250.25
2026-04-29 20:00:00+00:00,9.06,9.13,9.05,9.1,85642.81
2026-04-29 21:00:00+00:00,9.1,9.16,9.09,9.13,60276.48
2026-04-29 22:00:00+00:00,9.12,9.14,9.1,9.12,30658.26
2026-04-29 23:00:00+00:00,9.12,9.13,9.09,9.12,52416.55
2026-04-30 00:00:00+00:00,9.12,9.23,9.12,9.21,84061.28
2026-04-30 01:00:00+00:00,9.22,9.22,9.17,9.19,40141.48
2026-04-30 02:00:00+00:00,9.2,9.22,9.09,9.12,102558.59
2026-04-30 03:00:00+00:00,9.12,9.17,9.12,9.16,38195.7
2026-04-30 04:00:00+00:00,9.17,9.17,9.08,9.08,59008.96
2026-04-30 05:00:00+00:00,9.09,9.12,9.05,9.09,37744.12
2026-04-30 06:00:00+00:00,9.1,9.13,9.08,9.11,25738.49
2026-04-30 07:00:00+00:00,9.11,9.16,9.09,9.15,49013.34
2026-04-30 08:00:00+00:00,9.16,9.17,9.14,9.15,54772.68
2026-04-30 09:00:00+00:00,9.15,9.23,9.14,9.18,81016.8
2026-04-30 10:00:00+00:00,9.18,9.19,9.13,9.14,47355.42
2026-04-30 11:00:00+00:00,9.15,9.19,9.11,9.14,50442.09
2026-04-30 12:00:00+00:00,9.15,9.18,9.13,9.13,27027.94
2026-04-30 13:00:00+00:00,9.13,9.16,9.09,9.13,62744.87
2026-04-30 14:00:00+00:00,9.13,9.16,9.08,9.12,95236.49
2026-04-30 15:00:00+00:00,9.12,9.17,9.09,9.13,78412.56
2026-04-30 16:00:00+00:00,9.14,9.14,9.08,9.1,35808.78
2026-04-30 17:00:00+00:00,9.09,9.11,9.07,9.1,24527.81
2026-04-30 18:00:00+00:00,9.09,9.13,9.08,9.1,25618.18
2026-04-30 19:00:00+00:00,9.1,9.13,9.09,9.1,30392.0
2026-04-30 20:00:00+00:00,9.11,9.12,9.09,9.09,34715.62
2026-04-30 21:00:00+00:00,9.09,9.11,9.08,9.09,23520.47
2026-04-30 22:00:00+00:00,9.09,9.1,9.06,9.06,40617.88
2026-04-30 23:00:00+00:00,9.07,9.1,9.06,9.09,15808.96
2026-05-01 00:00:00+00:00,9.1,9.14,9.09,9.1,24514.07
2026-05-01 01:00:00+00:00,9.11,9.14,9.1,9.13,24537.01
2026-05-01 02:00:00+00:00,9.12,9.13,9.09,9.11,17795.92
2026-05-01 03:00:00+00:00,9.11,9.21,9.1,9.15,62483.59
2026-05-01 04:00:00+00:00,9.16,9.18,9.12,9.12,47610.44
2026-05-01 05:00:00+00:00,9.12,9.14,9.1,9.12,18587.64
2026-05-01 06:00:00+00:00,9.12,9.13,9.06,9.09,37554.85
2026-05-01 07:00:00+00:00,9.08,9.12,9.07,9.1,24231.61
2026-05-01 08:00:00+00:00,9.1,9.15,9.1,9.14,36165.59
2026-05-01 09:00:00+00:00,9.14,9.14,9.08,9.11,51791.93
2026-05-01 10:00:00+00:00,9.11,9.12,9.06,9.11,26206.54
2026-05-01 11:00:00+00:00,9.12,9.13,9.09,9.13,30660.44
2026-05-01 12:00:00+00:00,9.12,9.2,9.11,9.16,84556.06
2026-05-01 13:00:00+00:00,9.17,9.26,9.17,9.25,105678.94
2026-05-01 14:00:00+00:00,9.25,9.27,9.18,9.22,84274.37
2026-05-01 15:00:00+00:00,9.21,9.24,9.16,9.2,124431.26
2026-05-01 16:00:00+00:00,9.2,9.22,9.14,9.17,71116.74
2026-05-01 17:00:00+00:00,9.16,9.19,9.13,9.19,61407.64
2026-05-01 18:00:00+00:00,9.19,9.19,9.16,9.17,30130.0
2026-05-01 19:00:00+00:00,9.17,9.19,9.15,9.16,43919.37
2026-05-01 20:00:00+00:00,9.15,9.16,9.07,9.08,49725.08
2026-05-01 21:00:00+00:00,9.08,9.13,9.08,9.11,42859.08
2026-05-01 22:00:00+00:00,9.11,9.13,9.08,9.09,45035.35
2026-05-01 23:00:00+00:00,9.09,9.1,9.06,9.08,39722.81
2026-05-02 00:00:00+00:00,9.09,9.11,9.07,9.09,27888.89
2026-05-02 01:00:00+00:00,9.09,9.12,9.08,9.11,19622.11
2026-05-02 02:00:00+00:00,9.1,9.13,9.09,9.11,27074.63
2026-05-02 03:00:00+00:00,9.11,9.14,9.09,9.12,27906.56
2026-05-02 04:00:00+00:00,9.13,9.13,9.07,9.08,26333.25
2026-05-02 05:00:00+00:00,9.09,9.1,9.06,9.08,18727.45
2026-05-02 06:00:00+00:00,9.07,9.11,9.07,9.1,27806.89
2026-05-02 07:00:00+00:00,9.11,9.11,9.09,9.1,5602.49
2026-05-02 08:00:00+00:00,9.09,9.1,9.08,9.09,18359.08
2026-05-02 09:00:00+00:00,9.1,9.13,9.09,9.11,18450.4
2026-05-02 10:00:00+00:00,9.11,9.13,9.1,9.13,16092.16
2026-05-02 11:00:00+00:00,9.12,9.12,9.07,9.08,21987.86
2026-05-02 12:00:00+00:00,9.09,9.11,9.08,9.08,26062.26
2026-05-02 13:00:00+00:00,9.09,9.12,9.08,9.12,29483.25
2026-05-02 14:00:00+00:00,9.11,9.14,9.11,9.13,21852.27
2026-05-02 15:00:00+00:00,9.13,9.16,9.12,9.15,22924.23
2026-05-02 16:00:00+00:00,9.15,9.18,9.14,9.17,21723.71
2026-05-02 17:00:00+00:00,9.17,9.17,9.14,9.14,34943.05
2026-05-02 18:00:00+00:00,9.13,9.16,9.1,9.15,64196.73
2026-05-02 19:00:00+00:00,9.15,9.17,9.14,9.17,39390.73
2026-05-02 20:00:00+00:00,9.17,9.19,9.15,9.17,20970.15
2026-05-02 21:00:00+00:00,9.18,9.25,9.15,9.21,176383.46
2026-05-02 22:00:00+00:00,9.21,9.22,9.18,9.21,78768.23
2026-05-02 23:00:00+00:00,9.21,9.21,9.17,9.18,26182.93
2026-05-03 00:00:00+00:00,9.19,9.2,9.12,9.14,34884.78
2026-05-03 01:00:00+00:00,9.13,9.14,9.07,9.08,57815.54
2026-05-03 02:00:00+00:00,9.07,9.09,9.04,9.06,78966.95
2026-05-03 03:00:00+00:00,9.06,9.07,9.02,9.05,46112.88
2026-05-03 04:00:00+00:00,9.04,9.05,9.02,9.02,62115.91
2026-05-03 05:00:00+00:00,9.02,9.06,9.02,9.04,43145.53
2026-05-03 06:00:00+00:00,9.03,9.07,9.0,9.05,68635.38
2026-05-03 07:00:00+00:00,9.05,9.08,9.04,9.06,34841.14
2026-05-03 08:00:00+00:00,9.05,9.08,9.03,9.03,29032.31
2026-05-03 09:00:00+00:00,9.03,9.08,8.97,9.06,162926.57
2026-05-03 10:00:00+00:00,9.06,9.07,9.04,9.05,33862.81
2026-05-03 11:00:00+00:00,9.04,9.11,9.03,9.08,70472.33
2026-05-03 12:00:00+00:00,9.08,9.13,9.08,9.09,67649.6
2026-05-03 13:00:00+00:00,9.09,9.1,9.05,9.06,38277.15
2026-05-03 14:00:00+00:00,9.06,9.11,9.05,9.09,61664.23
2026-05-03 15:00:00+00:00,9.1,9.13,9.08,9.11,40702.71
2026-05-03 16:00:00+00:00,9.11,9.11,9.07,9.09,37955.12
2026-05-03 17:00:00+00:00,9.09,9.11,9.07,9.1,24806.89
2026-05-03 18:00:00+00:00,9.1,9.12,9.09,9.1,18637.1
2026-05-03 19:00:00+00:00,9.11,9.14,9.1,9.13,23938.7
2026-05-03 20:00:00+00:00,9.13,9.18,9.11,9.12,63957.24
2026-05-03 21:00:00+00:00,9.13,9.15,9.06,9.08,61510.98
2026-05-03 22:00:00+00:00,9.09,9.2,9.08,9.17,82778.98
2026-05-03 23:00:00+00:00,9.17,9.18,9.08,9.08,56508.21
2026-05-04 00:00:00+00:00,9.08,9.09,8.99,9.06,103287.68
2026-05-04 01:00:00+00:00,9.06,9.21,9.01,9.19,130088.95
2026-05-04 02:00:00+00:00,9.2,9.31,9.18,9.29,189342.88
2026-05-04 03:00:00+00:00,9.29,9.34,9.25,9.29,116025.3
2026-05-04 04:00:00+00:00,9.29,9.38,9.28,9.33,110188.89
2026-05-04 05:00:00+00:00,9.33,9.34,9.25,9.32,50676.92
2026-05-04 06:00:00+00:00,9.32,9.33,9.21,9.26,72702.44
2026-05-04 07:00:00+00:00,9.26,9.29,9.23,9.24,52753.14
2026-05-04 08:00:00+00:00,9.23,9.24,9.17,9.2,94258.99
2026-05-04 09:00:00+00:00,9.2,9.32,9.16,9.29,186055.12
2026-05-04 10:00:00+00:00,9.29,9.29,9.03,9.12,340367.24
2026-05-04 11:00:00+00:00,9.12,9.15,9.11,9.14,57797.38
2026-05-04 12:00:00+00:00,9.14,9.17,9.11,9.11,54047.84
2026-05-04 13:00:00+00:00,9.1,9.15,9.07,9.12,95963.66
2026-05-04 14:00:00+00:00,9.12,9.28,9.07,9.23,141827.26
2026-05-04 15:00:00+00:00,9.24,9.24,9.1,9.14,171561.51
2026-05-04 16:00:00+00:00,9.14,9.24,9.09,9.19,170525.41
2026-05-04 17:00:00+00:00,9.2,9.3,9.18,9.26,87624.55
2026-05-04 18:00:00+00:00,9.25,9.29,9.23,9.27,88490.21
2026-05-04 19:00:00+00:00,9.27,9.27,9.2,9.23,52210.63
2026-05-04 20:00:00+00:00,9.23,9.24,9.13,9.15,98319.59
2026-05-04 21:00:00+00:00,9.15,9.26,9.14,9.23,52457.33
2026-05-04 22:00:00+00:00,9.23,9.26,9.18,9.19,63346.37
2026-05-04 23:00:00+00:00,9.18,9.19,9.14,9.18,71179.53
2026-05-05 00:00:00+00:00,9.18,9.22,9.17,9.21,81957.58
2026-05-05 01:00:00+00:00,9.21,9.26,9.2,9.24,96784.93
2026-05-05 02:00:00+00:00,9.24,9.3,9.23,9.26,99678.5
2026-05-05 03:00:00+00:00,9.26,9.32,9.24,9.28,72021.61
2026-05-05 04:00:00+00:00,9.29,9.3,9.26,9.27,31560.02
2026-05-05 05:00:00+00:00,9.27,9.31,9.26,9.3,56804.37
2026-05-05 06:00:00+00:00,9.3,9.33,9.27,9.33,42910.27
2026-05-05 07:00:00+00:00,9.33,9.38,9.31,9.33,67483.37
2026-05-05 08:00:00+00:00,9.33,9.36,9.32,9.34,53826.44
2026-05-05 09:00:00+00:00,9.34,9.37,9.31,9.34,97156.33
2026-05-05 10:00:00+00:00,9.34,9.43,9.33,9.4,115634.5
2026-05-05 11:00:00+00:00,9.41,9.41,9.34,9.39,54384.75
2026-05-05 12:00:00+00:00,9.39,9.43,9.38,9.42,56459.73
2026-05-05 13:00:00+00:00,9.42,9.52,9.41,9.47,196295.39
2026-05-05 14:00:00+00:00,9.48,9.52,9.4,9.45,169768.35
2026-05-05 15:00:00+00:00,9.45,9.49,9.4,9.41,82580.04
2026-05-05 16:00:00+00:00,9.41,9.43,9.33,9.37,63515.51
2026-05-05 17:00:00+00:00,9.38,9.4,9.35,9.38,81442.57
2026-05-05 18:00:00+00:00,9.38,9.41,9.37,9.4,39216.99
2026-05-05 19:00:00+00:00,9.4,9.43,9.38,9.4,36541.85
2026-05-05 20:00:00+00:00,9.41,9.46,9.4,9.44,96099.68
2026-05-05 21:00:00+00:00,9.44,9.49,9.43,9.45,94395.93
2026-05-05 22:00:00+00:00,9.46,9.49,9.37,9.42,110183.98
2026-05-05 23:00:00+00:00,9.42,9.43,9.36,9.4,44734.74
2026-05-06 00:00:00+00:00,9.4,9.42,9.37,9.4,53949.34
2026-05-06 01:00:00+00:00,9.4,9.53,9.4,9.49,106124.79
2026-05-06 02:00:00+00:00,9.5,9.51,9.43,9.49,64556.44
2026-05-06 03:00:00+00:00,9.49,9.58,9.48,9.56,190451.4
2026-05-06 04:00:00+00:00,9.57,9.59,9.49,9.51,146417.81
2026-05-06 05:00:00+00:00,9.52,9.56,9.49,9.55,110304.55
2026-05-06 06:00:00+00:00,9.56,9.57,9.5,9.53,89014.35
2026-05-06 07:00:00+00:00,9.52,9.59,9.52,9.56,95950.62
2026-05-06 08:00:00+00:00,9.56,9.74,9.56,9.73,236902.02
2026-05-06 09:00:00+00:00,9.72,9.75,9.67,9.73,249643.12
2026-05-06 10:00:00+00:00,9.73,9.76,9.7,9.74,223089.31
2026-05-06 11:00:00+00:00,9.73,9.76,9.7,9.74,129897.02
2026-05-06 12:00:00+00:00,9.75,9.78,9.71,9.75,152350.85
2026-05-06 13:00:00+00:00,9.75,9.75,9.55,9.57,220339.46
2026-05-06 14:00:00+00:00,9.56,9.62,9.46,9.55,288229.72
2026-05-06 15:00:00+00:00,9.55,9.63,9.53,9.62,153992.95
2026-05-06 16:00:00+00:00,9.62,9.67,9.57,9.62,144353.18
2026-05-06 17:00:00+00:00,9.63,9.65,9.59,9.59,92580.58
2026-05-06 18:00:00+00:00,9.6,9.62,9.57,9.57,57556.44
2026-05-06 19:00:00+00:00,9.57,9.62,9.56,9.61,69986.14
2026-05-06 20:00:00+00:00,9.6,9.65,9.56,9.6,60513.26
2026-05-06 21:00:00+00:00,9.6,9.67,9.57,9.65,84226.0
2026-05-06 22:00:00+00:00,9.66,9.66,9.57,9.6,72643.35
2026-05-06 23:00:00+00:00,9.59,9.62,9.52,9.61,49872.56
2026-05-07 00:00:00+00:00,9.61,9.63,9.52,9.54,74762.19
2026-05-07 01:00:00+00:00,9.53,9.56,9.47,9.52,124748.32
2026-05-07 02:00:00+00:00,9.53,9.53,9.45,9.51,103699.08
2026-05-07 03:00:00+00:00,9.5,9.52,9.46,9.47,36137.21
2026-05-07 04:00:00+00:00,9.46,9.57,9.46,9.57,47680.35
2026-05-07 05:00:00+00:00,9.56,9.62,9.56,9.58,86389.3
2026-05-07 06:00:00+00:00,9.58,9.66,9.53,9.66,105050.04
2026-05-07 07:00:00+00:00,9.66,9.7,9.64,9.68,99655.28
2026-05-07 08:00:00+00:00,9.69,9.69,9.64,9.64,93730.28
2026-05-07 09:00:00+00:00,9.64,9.65,9.56,9.57,74164.11
2026-05-07 10:00:00+00:00,9.56,9.6,9.52,9.58,64402.54
2026-05-07 11:00:00+00:00,9.58,9.61,9.55,9.57,58789.98
2026-05-07 12:00:00+00:00,9.58,9.65,9.57,9.64,82255.66
2026-05-07 13:00:00+00:00,9.64,9.65,9.49,9.54,128458.39
2026-05-07 14:00:00+00:00,9.53,9.56,9.41,9.46,232219.68
2026-05-07 15:00:00+00:00,9.46,9.48,9.37,9.41,198924.23
2026-05-07 16:00:00+00:00,9.42,9.48,9.4,9.45,89139.62
2026-05-07 17:00:00+00:00,9.45,9.51,9.4,9.51,108578.67
2026-05-07 18:00:00+00:00,9.5,9.55,9.47,9.5,93025.32
2026-05-07 19:00:00+00:00,9.5,9.51,9.46,9.47,86055.71
2026-05-07 20:00:00+00:00,9.47,9.53,9.44,9.44,76329.24
2026-05-07 21:00:00+00:00,9.44,9.49,9.41,9.45,81659.56
2026-05-07 22:00:00+00:00,9.45,9.49,9.41,9.46,62871.94
2026-05-07 23:00:00+00:00,9.45,9.51,9.45,9.5,36567.35
2026-05-08 00:00:00+00:00,9.51,9.54,9.47,9.5,79011.92
2026-05-08 01:00:00+00:00,9.51,9.52,9.46,9.49,33108.32
2026-05-08 02:00:00+00:00,9.49,9.52,9.43,9.49,83030.08
2026-05-08 03:00:00+00:00,9.48,9.51,9.43,9.49,60297.43
2026-05-08 04:00:00+00:00,9.49,9.53,9.47,9.5,82432.05
2026-05-08 05:00:00+00:00,9.51,9.52,9.48,9.49,53127.25
2026-05-08 06:00:00+00:00,9.48,9.5,9.45,9.49,73803.44
2026-05-08 07:00:00+00:00,9.49,9.52,9.44,9.52,62069.43
2026-05-08 08:00:00+00:00,9.51,9.58,9.51,9.54,132751.47
2026-05-08 09:00:00+00:00,9.54,9.63,9.53,9.56,99603.04
2026-05-08 10:00:00+00:00,9.57,9.62,9.55,9.59,91524.14
2026-05-08 11:00:00+00:00,9.59,9.61,9.56,9.59,113490.58
2026-05-08 12:00:00+00:00,9.59,9.62,9.55,9.57,126715.27
2026-05-08 13:00:00+00:00,9.58,9.59,9.5,9.54,74988.48
2026-05-08 14:00:00+00:00,9.55,9.72,9.54,9.71,175194.76
2026-05-08 15:00:00+00:00,9.7,9.78,9.62,9.78,190391.24
2026-05-08 16:00:00+00:00,9.78,9.8,9.72,9.74,97089.31
2026-05-08 17:00:00+00:00,9.74,9.86,9.7,9.81,182602.27
2026-05-08 18:00:00+00:00,9.81,9.94,9.8,9.9,304000.12
2026-05-08 19:00:00+00:00,9.9,9.96,9.87,9.91,167597.65
2026-05-08 20:00:00+00:00,9.91,9.92,9.86,9.89,95871.26
2026-05-08 21:00:00+00:00,9.89,10.0,9.88,9.98,149463.28
2026-05-08 22:00:00+00:00,9.98,10.02,9.92,9.95,162261.8
2026-05-08 23:00:00+00:00,9.95,9.95,9.86,9.91,72318.56
2026-05-09 00:00:00+00:00,9.91,10.01,9.89,10.0,141180.75
2026-05-09 01:00:00+00:00,10.0,10.12,9.99,10.08,209285.11
2026-05-09 02:00:00+00:00,10.09,10.1,10.02,10.04,70082.14
2026-05-09 03:00:00+00:00,10.03,10.05,9.96,9.98,102611.68
2026-05-09 04:00:00+00:00,9.99,10.04,9.95,9.97,34846.01
2026-05-09 05:00:00+00:00,9.97,10.02,9.94,10.0,54937.88
2026-05-09 06:00:00+00:00,10.0,10.02,9.94,9.95,46732.22
2026-05-09 07:00:00+00:00,9.96,9.99,9.93,9.95,73659.42
2026-05-09 08:00:00+00:00,9.95,10.0,9.94,9.97,74992.37
2026-05-09 09:00:00+00:00,9.97,9.97,9.88,9.89,65171.41
2026-05-09 10:00:00+00:00,9.9,9.92,9.86,9.91,33773.19
2026-05-09 11:00:00+00:00,9.91,9.95,9.9,9.93,39686.71
2026-05-09 12:00:00+00:00,9.94,9.96,9.9,9.93,40258.85
2026-05-09 13:00:00+00:00,9.93,9.98,9.89,9.9,189196.18
2026-05-09 14:00:00+00:00,9.9,9.91,9.81,9.85,206425.16
2026-05-09 15:00:00+00:00,9.84,9.86,9.8,9.83,63089.19
2026-05-09 16:00:00+00:00,9.84,9.88,9.81,9.84,54821.21
2026-05-09 17:00:00+00:00,9.85,9.97,9.84,9.95,81347.95
2026-05-09 18:00:00+00:00,9.95,9.98,9.93,9.96,64993.46
2026-05-09 19:00:00+00:00,9.96,10.0,9.94,10.0,51094.62
2026-05-09 20:00:00+00:00,10.0,10.01,9.94,9.97,38986.77
2026-05-09 21:00:00+00:00,9.97,9.99,9.94,9.97,40563.11
2026-05-09 22:00:00+00:00,9.96,10.01,9.94,9.98,37606.2
2026-05-09 23:00:00+00:00,9.99,10.01,9.93,9.97,36805.26
2026-05-10 00:00:00+00:00,9.96,10.0,9.91,9.93,74990.69
2026-05-10 01:00:00+00:00,9.92,9.92,9.86,9.89,45831.94
2026-05-10 02:00:00+00:00,9.89,9.93,9.85,9.92,31741.72
2026-05-10 03:00:00+00:00,9.91,9.95,9.9,9.91,41813.6
2026-05-10 04:00:00+00:00,9.91,9.94,9.89,9.91,29780.59
2026-05-10 05:00:00+00:00,9.92,9.95,9.89,9.93,27294.83
2026-05-10 06:00:00+00:00,9.93,9.96,9.91,9.95,49510.97
2026-05-10 07:00:00+00:00,9.95,10.02,9.92,9.92,82827.82
2026-05-10 08:00:00+00:00,9.92,10.07,9.91,10.03,219897.32
2026-05-10 09:00:00+00:00,10.04,10.07,9.97,10.0,60860.59
2026-05-10 10:00:00+00:00,10.0,10.02,9.94,10.01,58893.3
2026-05-10 11:00:00+00:00,10.0,10.02,9.94,9.98,42044.19
2026-05-10 12:00:00+00:00,9.99,10.01,9.95,10.0,39323.46
2026-05-10 13:00:00+00:00,10.0,10.08,9.99,10.08,54504.8
2026-05-10 14:00:00+00:00,10.08,10.12,10.01,10.05,282112.45
2026-05-10 15:00:00+00:00,10.05,10.17,10.05,10.15,150020.03
2026-05-10 16:00:00+00:00,10.16,10.26,10.14,10.25,176062.49
2026-05-10 17:00:00+00:00,10.25,10.37,10.19,10.36,201115.46
2026-05-10 18:00:00+00:00,10.36,10.43,10.33,10.4,147105.97
2026-05-10 19:00:00+00:00,10.4,10.49,10.34,10.41,155980.83
2026-05-10 20:00:00+00:00,10.41,10.47,9.95,10.09,350971.83
2026-05-10 21:00:00+00:00,10.09,10.19,10.03,10.14,152485.85
2026-05-10 22:00:00+00:00,10.13,10.3,10.11,10.28,176063.61
2026-05-10 23:00:00+00:00,10.29,10.3,10.21,10.23,116117.73
2026-05-11 00:00:00+00:00,10.23,10.26,10.11,10.16,125358.67
2026-05-11 01:00:00+00:00,10.15,10.22,10.11,10.15,85490.34
2026-05-11 02:00:00+00:00,10.15,10.15,10.01,10.06,128181.34
2026-05-11 03:00:00+00:00,10.06,10.07,9.97,10.03,104985.97
2026-05-11 04:00:00+00:00,10.03,10.05,9.98,10.04,55537.05
2026-05-11 05:00:00+00:00,10.03,10.11,10.02,10.08,99417.56
2026-05-11 06:00:00+00:00,10.09,10.15,10.08,10.11,60060.07
2026-05-11 07:00:00+00:00,10.1,10.11,10.04,10.09,64794.8
2026-05-11 08:00:00+00:00,10.09,10.11,10.02,10.07,83266.88
2026-05-11 09:00:00+00:00,10.08,10.16,10.07,10.15,57105.6
2026-05-11 10:00:00+00:00,10.15,10.21,10.1,10.11,70280.57
2026-05-11 11:00:00+00:00,10.11,10.16,10.09,10.12,50431.05
2026-05-11 12:00:00+00:00,10.13,10.15,10.06,10.07,73173.22
2026-05-11 13:00:00+00:00,10.08,10.15,10.03,10.11,84514.6
2026-05-11 14:00:00+00:00,10.11,10.17,10.0,10.11,173325.74
2026-05-11 15:00:00+00:00,10.11,10.25,10.08,10.24,86087.07
2026-05-11 16:00:00+00:00,10.24,10.27,10.14,10.18,110172.44
2026-05-11 17:00:00+00:00,10.18,10.23,10.14,10.22,51433.13
2026-05-11 18:00:00+00:00,10.22,10.23,10.15,10.17,48923.64
2026-05-11 19:00:00+00:00,10.16,10.23,10.15,10.21,65098.13
2026-05-11 20:00:00+00:00,10.21,10.23,10.17,10.19,52980.3
2026-05-11 21:00:00+00:00,10.18,10.21,10.16,10.16,24229.22
2026-05-11 22:00:00+00:00,10.16,10.2,10.13,10.15,53023.38
2026-05-11 23:00:00+00:00,10.15,10.17,10.11,10.14,49242.6
2026-05-12 00:00:00+00:00,10.14,10.17,10.1,10.15,66636.36
2026-05-12 01:00:00+00:00,10.16,10.17,9.98,10.03,131507.12
2026-05-12 02:00:00+00:00,10.02,10.08,10.02,10.06,59012.41
2026-05-12 03:00:00+00:00,10.06,10.08,10.0,10.02,48492.86
2026-05-12 04:00:00+00:00,10.01,10.05,10.0,10.03,32511.44
2026-05-12 05:00:00+00:00,10.03,10.08,10.03,10.05,36797.14
2026-05-12 06:00:00+00:00,10.04,10.07,10.01,10.03,59426.6
2026-05-12 07:00:00+00:00,10.02,10.03,9.94,10.02,73408.66
2026-05-12 08:00:00+00:00,10.01,10.02,9.94,9.97,71567.76
2026-05-12 09:00:00+00:00,9.96,9.97,9.89,9.91,128487.17
2026-05-12 10:00:00+00:00,9.91,9.93,9.84,9.86,87097.17
2026-05-12 11:00:00+00:00,9.87,9.88,9.81,9.87,71109.46
2026-05-12 12:00:00+00:00,9.87,9.93,9.82,9.89,83259.45
2026-05-12 13:00:00+00:00,9.89,9.91,9.77,9.79,101758.07
2026-05-12 14:00:00+00:00,9.79,9.84,9.69,9.74,228099.27
2026-05-12 15:00:00+00:00,9.74,9.78,9.66,9.74,171202.81
2026-05-12 16:00:00+00:00,9.73,9.77,9.68,9.7,93971.67
2026-05-12 17:00:00+00:00,9.7,9.81,9.7,9.79,64891.79
2026-05-12 18:00:00+00:00,9.8,9.85,9.78,9.83,37847.65
2026-05-12 19:00:00+00:00,9.84,9.89,9.83,9.87,50409.52
2026-05-12 20:00:00+00:00,9.87,9.89,9.84,9.86,33320.56
2026-05-12 21:00:00+00:00,9.87,9.89,9.85,9.88,51036.91
2026-05-12 22:00:00+00:00,9.88,9.9,9.86,9.87,27149.5
2026-05-12 23:00:00+00:00,9.88,9.89,9.83,9.83,40895.66
2026-05-13 00:00:00+00:00,9.83,9.89,9.82,9.88,32822.01
2026-05-13 01:00:00+00:00,9.88,9.97,9.88,9.94,103939.18
2026-05-13 02:00:00+00:00,9.95,10.0,9.93,9.98,59511.34
2026-05-13 03:00:00+00:00,9.98,10.05,9.97,10.03,60710.89
2026-05-13 04:00:00+00:00,10.04,10.06,10.01,10.05,67870.78
2026-05-13 05:00:00+00:00,10.04,10.05,9.96,10.0,47788.48
2026-05-13 06:00:00+00:00,10.0,10.03,9.97,9.97,39316.87
2026-05-13 07:00:00+00:00,9.98,10.02,9.97,10.0,40441.71
2026-05-13 08:00:00+00:00,10.0,10.06,9.98,10.03,31504.22
2026-05-13 09:00:00+00:00,10.04,10.15,10.03,10.14,117201.75
2026-05-13 10:00:00+00:00,10.15,10.16,10.05,10.08,87087.9
2026-05-13 11:00:00+00:00,10.07,10.08,9.94,9.95,80796.53
2026-05-13 12:00:00+00:00,9.95,9.98,9.79,9.86,161709.62
2026-05-13 13:00:00+00:00,9.87,9.91,9.74,9.76,196556.05
2026-05-13 14:00:00+00:00,9.76,9.83,9.7,9.81,122272.79
2026-05-13 15:00:00+00:00,9.81,9.83,9.62,9.64,152019.68
2026-05-13 16:00:00+00:00,9.64,9.76,9.63,9.73,112508.55
2026-05-13 17:00:00+00:00,9.74,9.79,9.74,9.77,69971.99
2026-05-13 18:00:00+00:00,9.77,9.82,9.77,9.78,49852.73
2026-05-13 19:00:00+00:00,9.78,9.79,9.71,9.74,46470.07
2026-05-13 20:00:00+00:00,9.73,9.8,9.72,9.79,43978.78
2026-05-13 21:00:00+00:00,9.79,9.79,9.7,9.71,46411.42
2026-05-13 22:00:00+00:00,9.72,9.77,9.69,9.76,58552.81
2026-05-13 23:00:00+00:00,9.76,9.78,9.74,9.76,33170.99
2026-05-14 00:00:00+00:00,9.76,9.82,9.76,9.8,59565.66
2026-05-14 01:00:00+00:00,9.79,9.81,9.77,9.79,30982.05
2026-05-14 02:00:00+00:00,9.8,9.82,9.72,9.73,54843.63
2026-05-14 03:00:00+00:00,9.73,9.75,9.63,9.65,111035.21
2026-05-14 04:00:00+00:00,9.66,9.72,9.64,9.72,73227.14
2026-05-14 05:00:00+00:00,9.72,9.8,9.7,9.78,48276.61
2026-05-14 06:00:00+00:00,9.79,9.79,9.74,9.74,46150.96
2026-05-14 07:00:00+00:00,9.74,9.76,9.7,9.71,59937.41
2026-05-14 08:00:00+00:00,9.71,9.73,9.68,9.71,59998.87
2026-05-14 09:00:00+00:00,9.71,9.72,9.63,9.68,90020.48
2026-05-14 10:00:00+00:00,9.67,9.73,9.66,9.71,42612.85
2026-05-14 11:00:00+00:00,9.71,9.73,9.66,9.68,43127.72
2026-05-14 12:00:00+00:00,9.67,9.78,9.66,9.76,34254.53
2026-05-14 13:00:00+00:00,9.77,9.83,9.75,9.78,84888.77
2026-05-14 14:00:00+00:00,9.78,10.05,9.74,10.03,211784.62
2026-05-14 15:00:00+00:00,10.04,10.07,9.98,10.05,155053.62
2026-05-14 16:00:00+00:00,10.06,10.1,9.93,10.05,181472.47
2026-05-14 17:00:00+00:00,10.05,10.08,9.94,10.01,108610.11
2026-05-14 18:00:00+00:00,10.01,10.12,9.98,10.09,117636.09
2026-05-14 19:00:00+00:00,10.09,10.14,10.0,10.02,142430.06
2026-05-14 20:00:00+00:00,10.01,10.03,9.94,9.99,58858.67
2026-05-14 21:00:00+00:00,9.99,10.02,9.94,9.98,36901.0
2026-05-14 22:00:00+00:00,9.98,10.01,9.97,9.98,24703.35
2026-05-14 23:00:00+00:00,9.97,9.98,9.89,9.91,41698.66
2026-05-15 00:00:00+00:00,9.9,9.96,9.89,9.95,29871.26
2026-05-15 01:00:00+00:00,9.95,9.97,9.87,9.88,45728.04
2026-05-15 02:00:00+00:00,9.87,9.93,9.82,9.92,82940.69
2026-05-15 03:00:00+00:00,9.92,9.93,9.86,9.88,28995.28
2026-05-15 04:00:00+00:00,9.88,9.88,9.8,9.81,37889.82
2026-05-15 05:00:00+00:00,9.8,9.83,9.68,9.7,86662.85
2026-05-15 06:00:00+00:00,9.7,9.78,9.69,9.76,61460.41
2026-05-15 07:00:00+00:00,9.75,9.86,9.74,9.82,50370.46
2026-05-15 08:00:00+00:00,9.82,9.82,9.74,9.78,33091.6
2026-05-15 09:00:00+00:00,9.79,9.8,9.73,9.75,37400.48
2026-05-15 10:00:00+00:00,9.75,9.83,9.74,9.82,26607.88
2026-05-15 11:00:00+00:00,9.82,9.82,9.77,9.79,35037.34
2026-05-15 12:00:00+00:00,9.78,9.79,9.72,9.73,24689.11
2026-05-15 13:00:00+00:00,9.72,9.73,9.43,9.46,288940.76
2026-05-15 14:00:00+00:00,9.46,9.53,9.41,9.48,249044.09
2026-05-15 15:00:00+00:00,9.49,9.51,9.45,9.48,79619.05
2026-05-15 16:00:00+00:00,9.49,9.59,9.47,9.56,78344.99
2026-05-15 17:00:00+00:00,9.56,9.61,9.56,9.59,42542.7
2026-05-15 18:00:00+00:00,9.6,9.61,9.54,9.58,35838.01
2026-05-15 19:00:00+00:00,9.57,9.58,9.53,9.55,21451.77
2026-05-15 20:00:00+00:00,9.54,9.55,9.5,9.53,69173.3
2026-05-15 21:00:00+00:00,9.52,9.56,9.5,9.52,45393.73
2026-05-15 22:00:00+00:00,9.52,9.56,9.51,9.55,24652.35
2026-05-15 23:00:00+00:00,9.56,9.57,9.53,9.54,14717.99
2026-05-16 00:00:00+00:00,9.53,9.58,9.52,9.54,20258.53
2026-05-16 01:00:00+00:00,9.55,9.56,9.51,9.56,29780.34
2026-05-16 02:00:00+00:00,9.55,9.56,9.52,9.54,13348.71
2026-05-16 03:00:00+00:00,9.55,9.56,9.52,9.53,15513.35
2026-05-16 04:00:00+00:00,9.54,9.54,9.44,9.49,64799.11
2026-05-16 05:00:00+00:00,9.49,9.49,9.46,9.47,48073.67
2026-05-16 06:00:00+00:00,9.47,9.48,9.34,9.37,145957.64
2026-05-16 07:00:00+00:00,9.37,9.38,9.22,9.34,223200.46
2026-05-16 08:00:00+00:00,9.35,9.38,9.34,9.34,31353.31
2026-05-16 09:00:00+00:00,9.34,9.35,9.2,9.25,154235.27
2026-05-16 10:00:00+00:00,9.24,9.27,9.19,9.24,134677.84
2026-05-16 11:00:00+00:00,9.25,9.29,9.25,9.26,25659.0
2026-05-16 12:00:00+00:00,9.26,9.29,9.24,9.28,24044.7
2026-05-16 13:00:00+00:00,9.27,9.31,9.26,9.27,40865.15
2026-05-16 14:00:00+00:00,9.27,9.34,9.25,9.29,51663.55
2026-05-16 15:00:00+00:00,9.29,9.33,9.28,9.32,48460.53
2026-05-16 16:00:00+00:00,9.32,9.36,9.31,9.33,35698.54
2026-05-16 17:00:00+00:00,9.33,9.38,9.33,9.35,23064.62
2026-05-16 18:00:00+00:00,9.36,9.37,9.33,9.33,37051.28
2026-05-16 19:00:00+00:00,9.33,9.34,9.31,9.31,14054.1
2026-05-16 20:00:00+00:00,9.32,9.34,9.29,9.31,13313.16
2026-05-16 21:00:00+00:00,9.31,9.33,9.3,9.32,17777.99
2026-05-16 22:00:00+00:00,9.31,9.32,9.29,9.3,31176.6
2026-05-16 23:00:00+00:00,9.3,9.31,9.28,9.29,9456.34
2026-05-17 00:00:00+00:00,9.3,9.31,9.23,9.24,42506.08
2026-05-17 01:00:00+00:00,9.24,9.27,9.18,9.21,108854.92
2026-05-17 02:00:00+00:00,9.21,9.24,9.2,9.23,22118.93
2026-05-17 03:00:00+00:00,9.22,9.3,9.22,9.27,18943.46
2026-05-17 04:00:00+00:00,9.27,9.33,9.27,9.3,34542.59
2026-05-17 05:00:00+00:00,9.31,9.36,9.3,9.32,29227.71
2026-05-17 06:00:00+00:00,9.33,9.35,9.31,9.35,15119.61
2026-05-17 07:00:00+00:00,9.35,9.36,9.3,9.32,65348.47
2026-05-17 08:00:00+00:00,9.32,9.32,9.29,9.3,27770.09
2026-05-17 09:00:00+00:00,9.3,9.38,9.29,9.36,55575.0
2026-05-17 10:00:00+00:00,9.37,9.42,9.36,9.37,49796.61
2026-05-17 11:00:00+00:00,9.38,9.38,9.34,9.36,20120.76
2026-05-17 12:00:00+00:00,9.36,9.4,9.35,9.36,12536.73
2026-05-17 13:00:00+00:00,9.35,9.36,9.31,9.33,23213.74
2026-05-17 14:00:00+00:00,9.33,9.34,9.26,9.3,44550.06
2026-05-17 15:00:00+00:00,9.29,9.31,9.27,9.3,28820.33
2026-05-17 16:00:00+00:00,9.3,9.32,9.26,9.27,29809.22
2026-05-17 17:00:00+00:00,9.27,9.28,9.23,9.26,35652.17
2026-05-17 18:00:00+00:00,9.26,9.29,9.23,9.28,32996.21
2026-05-17 19:00:00+00:00,9.29,9.33,9.28,9.31,14872.99
2026-05-17 20:00:00+00:00,9.32,9.32,9.28,9.3,33644.19
2026-05-17 21:00:00+00:00,9.3,9.35,9.28,9.32,80345.64
2026-05-17 22:00:00+00:00,9.32,9.33,9.22,9.25,51964.11
2026-05-17 23:00:00+00:00,9.24,9.24,8.96,9.2,572242.05
2026-05-18 00:00:00+00:00,9.19,9.2,9.11,9.19,111840.69
2026-05-18 01:00:00+00:00,9.19,9.2,9.11,9.17,71728.1
2026-05-18 02:00:00+00:00,9.16,9.24,9.15,9.2,59126.94
2026-05-18 03:00:00+00:00,9.2,9.23,9.17,9.2,46960.32
2026-05-18 04:00:00+00:00,9.2,9.23,9.15,9.22,28159.9
2026-05-18 05:00:00+00:00,9.22,9.23,9.15,9.16,70152.65
2026-05-18 06:00:00+00:00,9.16,9.18,9.06,9.13,160848.66
2026-05-18 07:00:00+00:00,9.14,9.15,9.08,9.11,61479.77
2026-05-18 08:00:00+00:00,9.12,9.14,9.1,9.13,31535.82
2026-05-18 09:00:00+00:00,9.14,9.14,9.08,9.08,28026.71
2026-05-18 10:00:00+00:00,9.08,9.09,9.04,9.07,58991.24
2026-05-18 11:00:00+00:00,9.06,9.21,9.05,9.16,72307.94
2026-05-18 12:00:00+00:00,9.16,9.23,9.16,9.2,60919.81
2026-05-18 13:00:00+00:00,9.2,9.2,9.08,9.15,52055.42
2026-05-18 14:00:00+00:00,9.14,9.14,9.03,9.07,83378.84
2026-05-18 15:00:00+00:00,9.07,9.11,9.01,9.09,81902.86
2026-05-18 16:00:00+00:00,9.09,9.12,9.05,9.09,49848.0
2026-05-18 17:00:00+00:00,9.1,9.15,9.09,9.12,34559.43
2026-05-18 18:00:00+00:00,9.13,9.13,9.01,9.02,55762.2
2026-05-18 19:00:00+00:00,9.02,9.2,9.02,9.18,130597.72
2026-05-18 20:00:00+00:00,9.18,9.22,9.15,9.18,37387.56
2026-05-18 21:00:00+00:00,9.18,9.26,9.16,9.25,67615.35
2026-05-18 22:00:00+00:00,9.25,9.27,9.21,9.24,50727.64
2026-05-18 23:00:00+00:00,9.25,9.27,9.22,9.24,46704.88
2026-05-19 00:00:00+00:00,9.25,9.32,9.24,9.28,64779.35
2026-05-19 01:00:00+00:00,9.28,9.28,9.22,9.24,61702.58
2026-05-19 02:00:00+00:00,9.23,9.28,9.2,9.21,39391.35
2026-05-19 03:00:00+00:00,9.21,9.26,9.19,9.24,50650.02
2026-05-19 04:00:00+00:00,9.24,9.27,9.21,9.24,43874.53
2026-05-19 05:00:00+00:00,9.24,9.27,9.19,9.24,51980.18
2026-05-19 06:00:00+00:00,9.25,9.28,9.23,9.25,39116.46
2026-05-19 07:00:00+00:00,9.26,9.3,9.24,9.28,66034.82
2026-05-19 08:00:00+00:00,9.28,9.28,9.21,9.24,42718.08
2026-05-19 09:00:00+00:00,9.23,9.25,9.17,9.19,43280.73
2026-05-19 10:00:00+00:00,9.19,9.2,9.13,9.16,38258.94
2026-05-19 11:00:00+00:00,9.16,9.16,9.08,9.1,34215.44
2026-05-19 12:00:00+00:00,9.1,9.16,9.09,9.15,18391.39
2026-05-19 13:00:00+00:00,9.15,9.16,9.1,9.12,89930.45
2026-05-19 14:00:00+00:00,9.11,9.14,9.02,9.07,81119.45
2026-05-19 15:00:00+00:00,9.07,9.12,9.06,9.1,49174.96
2026-05-19 16:00:00+00:00,9.1,9.17,9.08,9.17,30395.54
2026-05-19 17:00:00+00:00,9.16,9.19,9.13,9.16,29755.12
2026-05-19 18:00:00+00:00,9.15,9.17,9.1,9.14,39086.55
2026-05-19 19:00:00+00:00,9.13,9.18,9.1,9.11,38113.3
2026-05-19 20:00:00+00:00,9.12,9.15,9.11,9.14,9490.9
2026-05-19 21:00:00+00:00,9.14,9.15,9.12,9.13,19668.97
2026-05-19 22:00:00+00:00,9.13,9.13,9.06,9.08,38197.23
2026-05-19 23:00:00+00:00,9.08,9.14,9.08,9.11,19395.92
2026-05-20 00:00:00+00:00,9.1,9.12,9.07,9.1,43230.87
2026-05-20 01:00:00+00:00,9.11,9.12,9.06,9.11,28723.77
2026-05-20 02:00:00+00:00,9.12,9.13,9.08,9.1,7625.85
2026-05-20 03:00:00+00:00,9.09,9.14,9.08,9.12,15675.44
2026-05-20 04:00:00+00:00,9.12,9.13,9.09,9.13,12153.58
2026-05-20 05:00:00+00:00,9.13,9.21,9.13,9.193,63526.12
2026-05-20 06:00:00+00:00,9.194,9.245,9.194,9.236,63621.71
2026-05-20 07:00:00+00:00,9.236,9.239,9.197,9.207,29085.5
2026-05-20 08:00:00+00:00,9.208,9.267,9.205,9.24,64140.57
2026-05-20 09:00:00+00:00,9.239,9.24,9.2,9.204,19546.83
2026-05-20 10:00:00+00:00,9.205,9.25,9.205,9.225,33373.3
2026-05-20 11:00:00+00:00,9.224,9.238,9.185,9.205,41641.16
2026-05-20 12:00:00+00:00,9.204,9.272,9.195,9.253,46032.56
2026-05-20 13:00:00+00:00,9.252,9.258,9.153,9.193,71051.11
2026-05-20 14:00:00+00:00,9.194,9.332,9.165,9.312,136705.46
2026-05-20 15:00:00+00:00,9.312,9.368,9.268,9.34,178568.24
2026-05-20 16:00:00+00:00,9.341,9.374,9.271,9.336,98485.92
2026-05-20 17:00:00+00:00,9.335,9.4,9.315,9.342,157812.55
2026-05-20 18:00:00+00:00,9.341,9.349,9.272,9.291,37001.1
2026-05-20 19:00:00+00:00,9.291,9.336,9.275,9.318,57075.3
2026-05-20 20:00:00+00:00,9.317,9.336,9.262,9.307,63779.41
2026-05-20 21:00:00+00:00,9.305,9.315,9.266,9.268,35473.85
2026-05-20 22:00:00+00:00,9.268,9.285,9.22,9.274,39948.6
2026-05-20 23:00:00+00:00,9.273,9.299,9.249,9.298,43905.95
2026-05-21 00:00:00+00:00,9.297,9.365,9.292,9.355,73509.71
2026-05-21 01:00:00+00:00,9.355,9.387,9.333,9.354,95948.22
2026-05-21 02:00:00+00:00,9.353,9.392,9.345,9.361,72535.17
2026-05-21 03:00:00+00:00,9.361,9.388,9.353,9.383,49526.75
2026-05-21 04:00:00+00:00,9.384,9.402,9.355,9.388,91168.93
2026-05-21 05:00:00+00:00,9.388,9.399,9.304,9.347,63945.1
2026-05-21 06:00:00+00:00,9.347,9.42,9.343,9.389,439941.15
2026-05-21 07:00:00+00:00,9.39,9.485,9.375,9.471,138410.71
2026-05-21 08:00:00+00:00,9.472,9.517,9.379,9.411,529114.49
2026-05-21 09:00:00+00:00,9.411,9.45,9.378,9.378,78760.74
2026-05-21 10:00:00+00:00,9.378,9.384,9.284,9.323,111667.77
2026-05-21 11:00:00+00:00,9.323,9.341,9.296,9.296,50125.43
2026-05-21 12:00:00+00:00,9.297,9.326,9.263,9.307,71960.19
2026-05-21 13:00:00+00:00,9.307,9.35,9.25,9.33,95433.29
2026-05-21 14:00:00+00:00,9.329,9.378,9.292,9.316,88452.63
2026-05-21 15:00:00+00:00,9.315,9.405,9.295,9.376,85172.07
2026-05-21 16:00:00+00:00,9.377,9.394,9.298,9.332,95968.09
2026-05-21 17:00:00+00:00,9.333,9.516,9.333,9.478,216501.17
2026-05-21 18:00:00+00:00,9.478,9.51,9.414,9.454,208237.77
2026-05-21 19:00:00+00:00,9.454,9.508,9.447,9.493,80232.1
2026-05-21 20:00:00+00:00,9.493,9.505,9.457,9.481,66451.45
2026-05-21 21:00:00+00:00,9.482,9.502,9.464,9.47,53697.11
2026-05-21 22:00:00+00:00,9.471,9.484,9.448,9.454,42597.62
2026-05-21 23:00:00+00:00,9.453,9.468,9.428,9.453,48862.26
2026-05-22 00:00:00+00:00,9.453,9.462,9.387,9.392,43524.34
2026-05-22 01:00:00+00:00,9.391,9.436,9.384,9.432,45490.62
2026-05-22 02:00:00+00:00,9.433,9.49,9.433,9.472,46499.27
2026-05-22 03:00:00+00:00,9.472,9.507,9.452,9.503,71671.23
2026-05-22 04:00:00+00:00,9.504,9.552,9.493,9.517,77453.85
2026-05-22 05:00:00+00:00,9.517,9.575,9.508,9.534,81623.55
2026-05-22 06:00:00+00:00,9.534,9.54,9.481,9.493,75233.98
2026-05-22 07:00:00+00:00,9.492,9.548,9.458,9.51,82180.49
2026-05-22 08:00:00+00:00,9.51,9.566,9.486,9.509,128436.08
2026-05-22 09:00:00+00:00,9.509,9.55,9.491,9.493,56962.38
2026-05-22 10:00:00+00:00,9.492,9.5,9.459,9.496,29319.0
2026-05-22 11:00:00+00:00,9.496,9.532,9.467,9.531,66160.0
2026-05-22 12:00:00+00:00,9.531,9.591,9.517,9.59,100616.38
2026-05-22 13:00:00+00:00,9.589,9.602,9.494,9.537,159423.16
2026-05-22 14:00:00+00:00,9.537,9.537,9.401,9.428,145862.97
2026-05-22 15:00:00+00:00,9.427,9.464,9.373,9.433,102319.34
2026-05-22 16:00:00+00:00,9.433,9.46,9.403,9.438,58199.72
2026-05-22 17:00:00+00:00,9.439,9.466,9.402,9.408,59999.58
2026-05-22 18:00:00+00:00,9.408,9.408,9.204,9.296,228836.94
2026-05-22 19:00:00+00:00,9.296,9.313,9.148,9.22,312361.93
2026-05-22 20:00:00+00:00,9.22,9.259,9.201,9.252,104475.37
2026-05-22 21:00:00+00:00,9.251,9.285,9.245,9.262,34323.01
2026-05-22 22:00:00+00:00,9.262,9.265,9.209,9.231,46090.46
2026-05-22 23:00:00+00:00,9.232,9.25,9.099,9.154,154743.96
2026-05-23 00:00:00+00:00,9.155,9.174,9.109,9.17,109663.66
2026-05-23 01:00:00+00:00,9.17,9.192,9.151,9.182,31992.76
2026-05-23 02:00:00+00:00,9.183,9.192,9.17,9.192,39357.42
2026-05-23 03:00:00+00:00,9.192,9.215,9.191,9.201,17245.26
2026-05-23 04:00:00+00:00,9.2,9.201,9.151,9.158,33632.02
2026-05-23 05:00:00+00:00,9.159,9.167,9.126,9.147,48479.46
2026-05-23 06:00:00+00:00,9.148,9.152,9.108,9.118,64080.39
2026-05-23 07:00:00+00:00,9.119,9.123,8.842,8.92,524059.46
2026-05-23 08:00:00+00:00,8.92,8.93,8.834,8.89,341771.7
2026-05-23 09:00:00+00:00,8.889,8.896,8.842,8.875,158710.01
2026-05-23 10:00:00+00:00,8.875,8.917,8.872,8.906,82308.26
2026-05-23 11:00:00+00:00,8.906,8.926,8.9,8.9,139079.5
2026-05-23 12:00:00+00:00,8.901,8.94,8.877,8.929,179992.17
2026-05-23 13:00:00+00:00,8.928,9.022,8.927,9.013,108248.79
2026-05-23 14:00:00+00:00,9.014,9.112,9.001,9.105,77185.66
2026-05-23 15:00:00+00:00,9.106,9.169,9.095,9.134,72178.67
2026-05-23 16:00:00+00:00,9.135,9.162,9.11,9.153,44382.84
2026-05-23 17:00:00+00:00,9.154,9.173,9.117,9.144,43860.41
2026-05-23 18:00:00+00:00,9.144,9.334,9.139,9.274,216278.29
2026-05-23 19:00:00+00:00,9.275,9.306,9.253,9.285,87078.52
2026-05-23 20:00:00+00:00,9.286,9.544,9.269,9.541,363511.8
2026-05-23 21:00:00+00:00,9.542,9.59,9.438,9.482,261365.05
2026-05-23 22:00:00+00:00,9.482,9.513,9.364,9.414,177999.37
2026-05-23 23:00:00+00:00,9.413,9.424,9.383,9.39,54649.29
2026-05-24 00:00:00+00:00,9.391,9.422,9.378,9.406,57142.25
2026-05-24 01:00:00+00:00,9.406,9.429,9.389,9.408,37048.15
2026-05-24 02:00:00+00:00,9.409,9.417,9.338,9.359,43763.09
2026-05-24 03:00:00+00:00,9.359,9.377,9.32,9.33,32741.49
2026-05-24 04:00:00+00:00,9.331,9.361,9.331,9.357,18404.53
2026-05-24 05:00:00+00:00,9.356,9.36,9.326,9.353,25505.97
2026-05-24 06:00:00+00:00,9.352,9.374,9.323,9.363,28839.9
2026-05-24 07:00:00+00:00,9.364,9.374,9.322,9.327,24058.08
2026-05-24 08:00:00+00:00,9.328,9.349,9.316,9.345,42982.8
2026-05-24 09:00:00+00:00,9.344,9.371,9.335,9.357,38213.2
2026-05-24 10:00:00+00:00,9.357,9.385,9.322,9.346,63376.19
2026-05-24 11:00:00+00:00,9.347,9.367,9.341,9.352,20856.77
2026-05-24 12:00:00+00:00,9.353,9.354,9.296,9.322,42589.04
2026-05-24 13:00:00+00:00,9.323,9.334,9.254,9.278,57207.89
2026-05-24 14:00:00+00:00,9.278,9.282,9.138,9.237,147130.77
2026-05-24 15:00:00+00:00,9.237,9.247,9.219,9.237,24084.3
2026-05-24 16:00:00+00:00,9.236,9.264,9.217,9.257,52015.17
2026-05-24 17:00:00+00:00,9.256,9.272,9.247,9.26,15487.04
2026-05-24 18:00:00+00:00,9.26,9.263,9.222,9.234,19836.05
2026-05-24 19:00:00+00:00,9.234,9.244,9.21,9.235,24600.49
2026-05-24 20:00:00+00:00,9.236,9.241,9.194,9.201,49387.38
2026-05-24 21:00:00+00:00,9.202,9.211,9.069,9.079,133650.74
2026-05-24 22:00:00+00:00,9.08,9.208,9.08,9.168,110313.59
2026-05-24 23:00:00+00:00,9.169,9.235,9.169,9.212,31916.79
2026-05-25 00:00:00+00:00,9.212,9.24,9.205,9.224,44954.98
2026-05-25 01:00:00+00:00,9.224,9.232,9.153,9.156,52011.68
2026-05-25 02:00:00+00:00,9.156,9.228,9.156,9.179,32839.1
2026-05-25 03:00:00+00:00,9.18,9.19,9.161,9.17,26612.58
2026-05-25 04:00:00+00:00,9.17,9.26,9.161,9.252,46149.12
2026-05-25 05:00:00+00:00,9.253,9.307,9.252,9.292,72843.79
2026-05-25 06:00:00+00:00,9.291,9.324,9.273,9.319,59535.7
2026-05-25 07:00:00+00:00,9.32,9.36,9.293,9.342,64809.43
2026-05-25 08:00:00+00:00,9.343,9.364,9.325,9.357,48940.08
2026-05-25 09:00:00+00:00,9.357,9.385,9.34,9.375,53314.37
2026-05-25 10:00:00+00:00,9.374,9.422,9.374,9.417,92102.11
2026-05-25 11:00:00+00:00,9.416,9.42,9.367,9.377,40824.47
2026-05-25 12:00:00+00:00,9.378,9.414,9.365,9.389,67677.91
2026-05-25 13:00:00+00:00,9.388,9.416,9.383,9.408,30542.31
2026-05-25 14:00:00+00:00,9.408,9.495,9.408,9.472,125143.78
2026-05-25 15:00:00+00:00,9.472,9.506,9.414,9.433,94819.17
2026-05-25 16:00:00+00:00,9.433,9.484,9.418,9.461,49466.77
2026-05-25 17:00:00+00:00,9.462,9.471,9.424,9.435,27062.42
2026-05-25 18:00:00+00:00,9.434,9.459,9.394,9.399,25835.96
2026-05-25 19:00:00+00:00,9.398,9.413,9.363,9.386,38089.46
2026-05-25 20:00:00+00:00,9.385,9.401,9.328,9.348,43617.05
2026-05-25 21:00:00+00:00,9.347,9.375,9.33,9.341,36747.59
2026-05-25 22:00:00+00:00,9.342,9.346,9.276,9.283,64143.53
2026-05-25 23:00:00+00:00,9.282,9.324,9.274,9.31,37558.73
2026-05-26 00:00:00+00:00,9.31,9.313,9.2,9.254,146518.9
2026-05-26 01:00:00+00:00,9.253,9.259,9.176,9.208,86937.55
2026-05-26 02:00:00+00:00,9.209,9.223,9.188,9.208,37390.26
2026-05-26 03:00:00+00:00,9.208,9.226,9.168,9.225,32821.29
2026-05-26 04:00:00+00:00,9.226,9.277,9.211,9.257,41839.38
2026-05-26 05:00:00+00:00,9.256,9.332,9.243,9.303,42617.95
2026-05-26 06:00:00+00:00,9.303,9.33,9.264,9.306,32860.58
2026-05-26 07:00:00+00:00,9.306,9.31,9.239,9.27,52211.59
2026-05-26 08:00:00+00:00,9.269,9.297,9.262,9.281,38286.07
2026-05-26 09:00:00+00:00,9.282,9.307,9.266,9.289,30106.49
2026-05-26 10:00:00+00:00,9.288,9.463,9.268,9.429,147008.04
2026-05-26 11:00:00+00:00,9.429,9.436,9.382,9.382,48901.87
2026-05-26 12:00:00+00:00,9.382,9.403,9.344,9.389,54926.37
2026-05-26 13:00:00+00:00,9.39,9.436,9.334,9.424,89917.73
2026-05-26 14:00:00+00:00,9.425,9.49,9.326,9.357,149689.36
2026-05-26 15:00:00+00:00,9.356,9.366,9.235,9.291,137621.71
2026-05-26 16:00:00+00:00,9.291,9.291,9.217,9.256,106094.95
2026-05-26 17:00:00+00:00,9.257,9.278,9.12,9.172,150135.32
2026-05-26 18:00:00+00:00,9.172,9.225,9.136,9.155,78537.34
2026-05-26 19:00:00+00:00,9.156,9.193,9.125,9.173,50635.2
2026-05-26 20:00:00+00:00,9.174,9.186,9.159,9.183,31233.4
2026-05-26 21:00:00+00:00,9.183,9.189,9.128,9.145,35971.83
2026-05-26 22:00:00+00:00,9.146,9.163,9.119,9.137,63469.52
2026-05-26 23:00:00+00:00,9.138,9.164,9.135,9.14,31154.17
2026-05-27 00:00:00+00:00,9.14,9.193,9.14,9.193,47609.04
2026-05-27 01:00:00+00:00,9.193,9.202,9.145,9.149,43712.52
2026-05-27 02:00:00+00:00,9.15,9.172,9.114,9.172,44743.1
2026-05-27 03:00:00+00:00,9.172,9.178,9.13,9.142,34545.17
2026-05-27 04:00:00+00:00,9.141,9.147,9.045,9.14,105191.16
2026-05-27 05:00:00+00:00,9.141,9.176,9.137,9.169,24711.02
2026-05-27 06:00:00+00:00,9.17,9.199,9.161,9.196,47286.34
2026-05-27 07:00:00+00:00,9.196,9.215,9.173,9.196,62365.45
2026-05-27 08:00:00+00:00,9.195,9.227,9.158,9.166,49620.63
2026-05-27 09:00:00+00:00,9.166,9.168,9.13,9.138,32406.28
2026-05-27 10:00:00+00:00,9.138,9.176,9.126,9.161,54985.58
2026-05-27 11:00:00+00:00,9.16,9.193,9.152,9.153,39331.99
2026-05-27 12:00:00+00:00,9.153,9.244,9.121,9.188,73086.5
2026-05-27 13:00:00+00:00,9.187,9.198,9.081,9.152,125165.8
2026-05-27 14:00:00+00:00,9.153,9.193,9.096,9.171,101660.75
2026-05-27 15:00:00+00:00,9.17,9.291,9.168,9.242,115844.34
2026-05-27 16:00:00+00:00,9.242,9.254,9.168,9.21,36255.22
2026-05-27 17:00:00+00:00,9.21,9.21,9.088,9.112,71527.95
2026-05-27 18:00:00+00:00,9.111,9.167,9.079,9.163,45213.28
2026-05-27 19:00:00+00:00,9.164,9.205,9.16,9.19,40109.52
2026-05-27 20:00:00+00:00,9.19,9.222,9.177,9.194,52264.02
2026-05-27 21:00:00+00:00,9.193,9.2,9.0,9.043,197761.54
2026-05-27 22:00:00+00:00,9.043,9.085,9.014,9.031,104141.42
2026-05-27 23:00:00+00:00,9.03,9.056,8.994,9.043,85669.54
2026-05-28 00:00:00+00:00,9.042,9.067,9.019,9.057,59528.91
2026-05-28 01:00:00+00:00,9.057,9.063,8.976,9.048,70368.91
2026-05-28 02:00:00+00:00,9.049,9.071,9.026,9.054,76400.35
2026-05-28 03:00:00+00:00,9.054,9.059,8.86,8.88,256948.25
2026-05-28 04:00:00+00:00,8.879,8.879,8.72,8.826,335993.54
2026-05-28 05:00:00+00:00,8.827,8.837,8.715,8.774,121405.1
2026-05-28 06:00:00+00:00,8.773,8.819,8.755,8.804,70602.07
2026-05-28 07:00:00+00:00,8.805,8.85,8.788,8.847,87609.38
2026-05-28 08:00:00+00:00,8.847,8.852,8.792,8.806,55829.66
2026-05-28 09:00:00+00:00,8.807,8.879,8.803,8.871,40142.48
2026-05-28 10:00:00+00:00,8.871,8.885,8.797,8.807,85061.7
2026-05-28 11:00:00+00:00,8.807,8.83,8.795,8.819,46874.78
2026-05-28 12:00:00+00:00,8.818,8.861,8.771,8.852,73634.85
2026-05-28 13:00:00+00:00,8.853,8.878,8.803,8.832,81142.33
2026-05-28 14:00:00+00:00,8.832,8.925,8.746,8.869,153416.87
2026-05-28 15:00:00+00:00,8.869,8.884,8.782,8.852,85938.61
2026-05-28 16:00:00+00:00,8.851,8.982,8.815,8.962,129053.23
2026-05-28 17:00:00+00:00,8.963,9.016,8.93,8.991,96410.17
2026-05-28 18:00:00+00:00,8.99,9.074,8.983,8.988,100304.05
2026-05-28 19:00:00+00:00,8.988,8.996,8.912,8.916,84284.11
2026-05-28 20:00:00+00:00,8.916,8.969,8.888,8.938,46125.13
2026-05-28 21:00:00+00:00,8.939,8.994,8.931,8.973,32768.27
2026-05-28 22:00:00+00:00,8.972,8.992,8.901,8.909,45162.25
2026-05-28 23:00:00+00:00,8.909,8.943,8.907,8.928,18589.76
2026-05-29 00:00:00+00:00,8.928,8.962,8.928,8.946,38754.83
2026-05-29 01:00:00+00:00,8.947,8.974,8.928,8.942,35213.36
2026-05-29 02:00:00+00:00,8.943,8.952,8.869,8.872,29559.35
2026-05-29 03:00:00+00:00,8.873,8.94,8.873,8.882,27463.97
2026-05-29 04:00:00+00:00,8.882,8.903,8.834,8.903,20892.65
2026-05-29 05:00:00+00:00,8.904,8.936,8.899,8.929,35049.07
2026-05-29 06:00:00+00:00,8.929,8.982,8.923,8.954,60644.84
2026-05-29 07:00:00+00:00,8.953,8.972,8.889,8.926,31174.16
2026-05-29 08:00:00+00:00,8.926,8.963,8.922,8.932,28584.81
2026-05-29 09:00:00+00:00,8.933,8.977,8.931,8.965,26233.97
2026-05-29 10:00:00+00:00,8.964,8.964,8.906,8.914,36531.94
2026-05-29 11:00:00+00:00,8.913,8.923,8.836,8.874,50967.64
2026-05-29 12:00:00+00:00,8.873,8.876,8.807,8.833,61740.91
2026-05-29 13:00:00+00:00,8.832,8.85,8.787,8.819,64648.49
2026-05-29 14:00:00+00:00,8.82,8.84,8.656,8.715,251560.7
2026-05-29 15:00:00+00:00,8.716,9.003,8.712,8.925,232134.44
2026-05-29 16:00:00+00:00,8.925,8.975,8.856,8.954,130175.39
2026-05-29 17:00:00+00:00,8.954,8.988,8.916,8.927,95109.81
2026-05-29 18:00:00+00:00,8.927,8.952,8.8,8.844,81169.85
2026-05-29 19:00:00+00:00,8.844,8.874,8.774,8.837,33524.52
2026-05-29 20:00:00+00:00,8.837,8.879,8.798,8.815,40406.9
2026-05-29 21:00:00+00:00,8.815,8.854,8.791,8.791,35273.3
2026-05-29 22:00:00+00:00,8.791,8.833,8.787,8.815,18515.43
2026-05-29 23:00:00+00:00,8.815,8.838,8.789,8.827,37919.85
2026-05-30 00:00:00+00:00,8.827,8.88,8.812,8.872,51218.35
2026-05-30 01:00:00+00:00,8.873,8.97,8.866,8.948,97693.5
2026-05-30 02:00:00+00:00,8.948,9.019,8.948,9.016,77502.64
2026-05-30 03:00:00+00:00,9.016,9.049,8.963,8.973,60820.68
2026-05-30 04:00:00+00:00,8.973,8.996,8.821,8.901,142249.11
2026-05-30 05:00:00+00:00,8.9,8.949,8.886,8.94,40497.16
2026-05-30 06:00:00+00:00,8.94,8.955,8.913,8.92,22017.08
2026-05-30 07:00:00+00:00,8.92,8.929,8.897,8.916,12517.87
2026-05-30 08:00:00+00:00,8.916,8.924,8.894,8.897,14970.64
2026-05-30 09:00:00+00:00,8.897,8.942,8.885,8.93,47601.34
2026-05-30 10:00:00+00:00,8.93,8.942,8.916,8.917,25388.11
2026-05-30 11:00:00+00:00,8.916,8.935,8.895,8.921,22947.98
2026-05-30 12:00:00+00:00,8.921,8.935,8.908,8.932,16269.15
2026-05-30 13:00:00+00:00,8.931,8.96,8.912,8.952,34395.48
2026-05-30 14:00:00+00:00,8.953,8.981,8.938,8.968,37050.48
2026-05-30 15:00:00+00:00,8.968,8.994,8.948,8.965,29534.1
2026-05-30 16:00:00+00:00,8.964,8.99,8.952,8.985,29830.33
2026-05-30 17:00:00+00:00,8.984,8.993,8.942,8.99,23180.68
2026-05-30 18:00:00+00:00,8.989,9.009,8.969,8.994,27214.61
2026-05-30 19:00:00+00:00,8.995,8.997,8.966,8.991,16726.93
2026-05-30 20:00:00+00:00,8.991,9.007,8.977,8.999,20030.15
2026-05-30 21:00:00+00:00,8.999,9.016,8.998,8.999,30246.44
2026-05-30 22:00:00+00:00,8.999,8.999,8.919,8.94,30605.48
2026-05-30 23:00:00+00:00,8.94,8.957,8.916,8.946,21141.59
2026-05-31 00:00:00+00:00,8.947,8.983,8.933,8.975,31125.71
2026-05-31 01:00:00+00:00,8.974,9.004,8.971,8.987,27932.25
2026-05-31 02:00:00+00:00,8.987,9.04,8.975,9.016,36799.32
2026-05-31 03:00:00+00:00,9.016,9.025,9.002,9.011,18640.33
2026-05-31 04:00:00+00:00,9.012,9.041,8.997,9.035,30396.88
2026-05-31 05:00:00+00:00,9.034,9.084,9.022,9.045,71521.26
2026-05-31 06:00:00+00:00,9.045,9.056,9.027,9.027,37795.34
2026-05-31 07:00:00+00:00,9.027,9.027,8.973,8.991,30975.83
2026-05-31 08:00:00+00:00,8.99,9.019,8.977,9.001,17938.25
2026-05-31 09:00:00+00:00,9.001,9.038,8.977,8.988,26961.63
2026-05-31 10:00:00+00:00,8.987,8.995,8.957,8.99,25911.58
2026-05-31 11:00:00+00:00,8.99,9.026,8.99,9.016,19052.99
2026-05-31 12:00:00+00:00,9.016,9.05,8.998,9.03,48656.66
2026-05-31 13:00:00+00:00,9.031,9.05,9.0,9.01,41179.3
2026-05-31 14:00:00+00:00,9.009,9.01,8.85,8.877,192711.59
2026-05-31 15:00:00+00:00,8.878,8.934,8.873,8.884,36083.75
2026-05-31 16:00:00+00:00,8.884,8.898,8.813,8.83,63267.88
2026-05-31 17:00:00+00:00,8.829,8.872,8.814,8.868,37097.57
2026-05-31 18:00:00+00:00,8.868,8.868,8.836,8.858,30400.24
2026-05-31 19:00:00+00:00,8.858,8.868,8.8,8.839,57029.24
2026-05-31 20:00:00+00:00,8.839,8.895,8.839,8.894,30330.99
2026-05-31 21:00:00+00:00,8.894,8.952,8.88,8.94,44878.3
2026-05-31 22:00:00+00:00,8.94,8.985,8.91,8.982,43519.94
2026-05-31 23:00:00+00:00,8.982,9.029,8.912,8.983,59889.69
2026-06-01 00:00:00+00:00,8.983,9.074,8.976,9.039,120334.8
2026-06-01 01:00:00+00:00,9.038,9.043,8.891,8.891,60648.47
2026-06-01 02:00:00+00:00,8.89,9.045,8.868,9.03,63628.77
2026-06-01 03:00:00+00:00,9.029,9.073,9.005,9.02,56866.59
2026-06-01 04:00:00+00:00,9.02,9.044,8.898,8.95,49658.84
2026-06-01 05:00:00+00:00,8.949,8.954,8.874,8.89,34990.8
2026-06-01 06:00:00+00:00,8.89,8.903,8.815,8.846,52786.56
2026-06-01 07:00:00+00:00,8.846,8.868,8.78,8.792,68167.05
2026-06-01 08:00:00+00:00,8.793,8.844,8.761,8.838,72930.06
2026-06-01 09:00:00+00:00,8.839,8.893,8.838,8.864,118098.19
2026-06-01 10:00:00+00:00,8.865,8.875,8.834,8.863,36629.8
2026-06-01 11:00:00+00:00,8.864,8.882,8.805,8.832,38046.43
2026-06-01 12:00:00+00:00,8.833,8.878,8.768,8.834,82267.82
2026-06-01 13:00:00+00:00,8.834,8.846,8.722,8.783,182729.71
2026-06-01 14:00:00+00:00,8.784,8.811,8.711,8.752,139200.38
2026-06-01 15:00:00+00:00,8.753,8.778,8.677,8.732,87198.46
2026-06-01 16:00:00+00:00,8.731,8.885,8.686,8.876,135638.58
2026-06-01 17:00:00+00:00,8.876,8.954,8.856,8.924,117404.19
2026-06-01 18:00:00+00:00,8.923,8.947,8.889,8.895,62882.35
2026-06-01 19:00:00+00:00,8.895,8.969,8.876,8.959,54305.85
2026-06-01 20:00:00+00:00,8.959,8.986,8.911,8.938,66558.91
2026-06-01 21:00:00+00:00,8.939,8.943,8.862,8.881,53241.38
2026-06-01 22:00:00+00:00,8.881,8.932,8.83,8.929,81665.12
2026-06-01 23:00:00+00:00,8.929,8.96,8.897,8.936,57165.93
2026-06-02 00:00:00+00:00,8.936,8.944,8.869,8.883,23707.96
2026-06-02 01:00:00+00:00,8.884,8.897,8.772,8.777,57669.81
2026-06-02 02:00:00+00:00,8.776,8.86,8.675,8.86,103917.78
2026-06-02 03:00:00+00:00,8.86,8.895,8.829,8.884,40078.31
2026-06-02 04:00:00+00:00,8.884,8.895,8.803,8.811,51721.49
2026-06-02 05:00:00+00:00,8.81,8.837,8.736,8.74,88136.34
2026-06-02 06:00:00+00:00,8.739,8.761,8.663,8.715,123509.01
2026-06-02 07:00:00+00:00,8.716,8.753,8.67,8.717,146074.64
2026-06-02 08:00:00+00:00,8.718,8.741,8.696,8.708,37561.09
2026-06-02 09:00:00+00:00,8.709,8.718,8.66,8.685,77493.75
2026-06-02 10:00:00+00:00,8.685,8.744,8.661,8.741,37143.58
2026-06-02 11:00:00+00:00,8.74,8.74,8.672,8.683,35415.42
2026-06-02 12:00:00+00:00,8.683,8.722,8.659,8.699,81119.52
2026-06-02 13:00:00+00:00,8.7,8.72,8.678,8.694,61635.79
2026-06-02 14:00:00+00:00,8.694,8.697,8.4,8.46,333420.28
2026-06-02 15:00:00+00:00,8.461,8.479,8.273,8.366,286018.64
2026-06-02 16:00:00+00:00,8.366,8.509,8.328,8.411,127128.04
2026-06-02 17:00:00+00:00,8.412,8.494,8.41,8.452,61504.73
2026-06-02 18:00:00+00:00,8.452,8.48,8.316,8.35,73945.35
2026-06-02 19:00:00+00:00,8.35,8.374,8.176,8.332,192855.15
2026-06-02 20:00:00+00:00,8.333,8.388,8.267,8.335,97573.47
2026-06-02 21:00:00+00:00,8.336,8.391,8.297,8.331,73052.8
2026-06-02 22:00:00+00:00,8.331,8.331,8.093,8.127,289177.02
2026-06-02 23:00:00+00:00,8.128,8.185,8.029,8.18,214851.49
2026-06-03 00:00:00+00:00,8.181,8.249,8.158,8.216,94438.15
2026-06-03 01:00:00+00:00,8.217,8.266,8.191,8.242,55958.35
2026-06-03 02:00:00+00:00,8.242,8.242,8.157,8.184,65540.8
2026-06-03 03:00:00+00:00,8.184,8.206,7.993,8.052,142668.62
2026-06-03 04:00:00+00:00,8.051,8.187,8.051,8.17,76277.49
2026-06-03 05:00:00+00:00,8.171,8.316,8.171,8.287,325431.19
2026-06-03 06:00:00+00:00,8.286,8.327,8.263,8.27,249804.42
2026-06-03 07:00:00+00:00,8.27,8.345,8.258,8.321,108905.06
2026-06-03 08:00:00+00:00,8.32,8.338,8.288,8.31,87010.15
2026-06-03 09:00:00+00:00,8.309,8.327,8.244,8.281,123902.98
2026-06-03 10:00:00+00:00,8.282,8.361,8.277,8.355,99766.44
2026-06-03 11:00:00+00:00,8.355,8.372,8.277,8.302,110458.54
2026-06-03 12:00:00+00:00,8.302,8.309,8.24,8.306,106075.02
2026-06-03 13:00:00+00:00,8.307,8.346,8.256,8.313,147898.07
2026-06-03 14:00:00+00:00,8.313,8.32,8.226,8.275,140199.86
2026-06-03 15:00:00+00:00,8.276,8.285,8.179,8.191,144322.69
2026-06-03 16:00:00+00:00,8.192,8.198,8.029,8.123,226529.48
2026-06-03 17:00:00+00:00,8.124,8.192,8.069,8.14,117197.91
2026-06-03 18:00:00+00:00,8.141,8.189,8.077,8.185,146714.29
2026-06-03 19:00:00+00:00,8.185,8.194,8.03,8.044,228249.39
2026-06-03 20:00:00+00:00,8.043,8.096,7.909,7.958,296470.15
2026-06-03 21:00:00+00:00,7.957,8.179,7.928,8.173,159174.9
2026-06-03 22:00:00+00:00,8.173,8.191,8.079,8.107,161775.33
2026-06-03 23:00:00+00:00,8.107,8.115,8.037,8.049,130879.47
2026-06-04 00:00:00+00:00,8.048,8.117,7.93,7.989,248202.46
2026-06-04 01:00:00+00:00,7.989,8.024,7.744,7.765,477339.26
2026-06-04 02:00:00+00:00,7.766,7.889,7.519,7.841,762254.92
2026-06-04 03:00:00+00:00,7.842,8.064,7.841,8.035,222606.64
2026-06-04 04:00:00+00:00,8.036,8.077,7.974,7.987,80274.4
2026-06-04 05:00:00+00:00,7.986,7.986,7.859,7.898,148336.21
2026-06-04 06:00:00+00:00,7.897,8.001,7.884,7.929,106186.9
2026-06-04 07:00:00+00:00,7.93,7.939,7.819,7.824,144788.92
2026-06-04 08:00:00+00:00,7.825,7.85,7.74,7.801,154729.84
2026-06-04 09:00:00+00:00,7.801,7.804,7.601,7.719,252015.1
2026-06-04 10:00:00+00:00,7.719,7.721,7.544,7.575,449676.83
2026-06-04 11:00:00+00:00,7.575,7.68,7.543,7.663,242934.8
2026-06-04 12:00:00+00:00,7.663,7.826,7.616,7.804,188175.03
2026-06-04 13:00:00+00:00,7.804,7.828,7.679,7.788,201620.69
2026-06-04 14:00:00+00:00,7.789,7.808,7.727,7.771,182026.92
2026-06-04 15:00:00+00:00,7.77,7.858,7.75,7.762,119462.67
2026-06-04 16:00:00+00:00,7.764,7.798,7.707,7.759,90756.91
2026-06-04 17:00:00+00:00,7.758,7.796,7.672,7.753,121533.68
2026-06-04 18:00:00+00:00,7.754,7.842,7.69,7.81,89317.61
2026-06-04 19:00:00+00:00,7.809,7.847,7.764,7.78,80536.85
2026-06-04 20:00:00+00:00,7.779,7.781,7.704,7.74,69656.22
2026-06-04 21:00:00+00:00,7.739,7.764,7.567,7.596,150746.53
2026-06-04 22:00:00+00:00,7.596,7.679,7.575,7.672,145021.6
2026-06-04 23:00:00+00:00,7.671,7.712,7.616,7.707,110480.73
2026-06-05 00:00:00+00:00,7.706,7.724,7.632,7.637,109795.31
2026-06-05 01:00:00+00:00,7.637,7.682,7.564,7.647,160760.84
2026-06-05 02:00:00+00:00,7.647,7.651,7.418,7.434,270780.08
2026-06-05 03:00:00+00:00,7.435,7.502,7.313,7.317,251034.86
2026-06-05 04:00:00+00:00,7.318,7.487,7.293,7.482,243458.64
2026-06-05 05:00:00+00:00,7.482,7.509,7.252,7.263,289338.62
2026-06-05 06:00:00+00:00,7.263,7.283,7.005,7.181,564050.36
2026-06-05 07:00:00+00:00,7.18,7.319,7.056,7.305,336924.76
2026-06-05 08:00:00+00:00,7.306,7.307,7.124,7.158,167366.1
2026-06-05 09:00:00+00:00,7.159,7.283,7.158,7.254,170382.68
2026-06-05 10:00:00+00:00,7.255,7.269,7.137,7.158,119340.71
2026-06-05 11:00:00+00:00,7.157,7.159,7.063,7.077,191841.67
2026-06-05 12:00:00+00:00,7.076,7.13,7.016,7.086,215580.37
2026-06-05 13:00:00+00:00,7.087,7.223,6.968,6.974,293350.59
2026-06-05 14:00:00+00:00,6.974,7.127,6.891,7.077,379388.27
2026-06-05 15:00:00+00:00,7.077,7.092,6.851,6.904,405380.17
2026-06-05 16:00:00+00:00,6.903,7.081,6.79,7.062,561141.51
2026-06-05 17:00:00+00:00,7.062,7.109,6.982,7.021,162701.16
2026-06-05 18:00:00+00:00,7.022,7.066,6.808,6.826,210220.45
2026-06-05 19:00:00+00:00,6.825,6.83,6.584,6.7,562936.33
2026-06-05 20:00:00+00:00,6.697,6.98,6.613,6.908,422566.44
2026-06-05 21:00:00+00:00,6.907,7.01,6.889,6.957,111989.02
2026-06-05 22:00:00+00:00,6.956,6.959,6.769,6.807,185751.57
2026-06-05 23:00:00+00:00,6.808,6.854,6.634,6.729,187261.47
2026-06-06 00:00:00+00:00,6.73,6.909,6.728,6.899,111562.23
2026-06-06 01:00:00+00:00,6.9,6.933,6.726,6.744,91297.44
2026-06-06 02:00:00+00:00,6.743,6.75,6.653,6.658,89497.82
2026-06-06 03:00:00+00:00,6.657,6.657,6.515,6.526,161056.96
2026-06-06 04:00:00+00:00,6.526,6.552,6.224,6.307,503012.24
2026-06-06 05:00:00+00:00,6.306,6.584,6.256,6.582,222975.54
2026-06-06 06:00:00+00:00,6.583,6.689,6.543,6.546,103430.59
2026-06-06 07:00:00+00:00,6.547,6.716,6.523,6.676,139666.62
2026-06-06 08:00:00+00:00,6.677,6.759,6.634,6.746,135277.74
2026-06-06 09:00:00+00:00,6.746,6.838,6.701,6.713,146382.31
2026-06-06 10:00:00+00:00,6.714,6.714,6.571,6.62,183150.3
2026-06-06 11:00:00+00:00,6.619,6.705,6.607,6.683,85110.6
2026-06-06 12:00:00+00:00,6.683,6.804,6.655,6.786,117183.98
2026-06-06 13:00:00+00:00,6.785,6.82,6.743,6.762,90270.52
2026-06-06 14:00:00+00:00,6.763,6.828,6.749,6.754,115333.04
2026-06-06 15:00:00+00:00,6.755,6.77,6.602,6.693,163203.85
2026-06-06 16:00:00+00:00,6.692,6.715,6.629,6.697,113199.99
2026-06-06 17:00:00+00:00,6.698,6.706,6.596,6.613,114553.95
2026-06-06 18:00:00+00:00,6.612,6.666,6.597,6.64,63936.75
2026-06-06 19:00:00+00:00,6.64,6.672,6.608,6.608,53938.8
2026-06-06 20:00:00+00:00,6.608,6.63,6.567,6.623,91407.73
2026-06-06 21:00:00+00:00,6.624,6.672,6.624,6.629,71260.4
2026-06-06 22:00:00+00:00,6.628,6.657,6.586,6.634,74289.98
2026-06-06 23:00:00+00:00,6.634,6.689,6.631,6.664,45871.35
2026-06-07 00:00:00+00:00,6.665,6.702,6.652,6.663,47950.5
2026-06-07 01:00:00+00:00,6.661,6.841,6.653,6.782,197150.99
2026-06-07 02:00:00+00:00,6.783,6.796,6.717,6.775,69290.84
2026-06-07 03:00:00+00:00,6.775,6.801,6.725,6.757,60390.39
2026-06-07 04:00:00+00:00,6.756,6.787,6.69,6.78,71076.31
2026-06-07 05:00:00+00:00,6.779,6.82,6.751,6.772,84530.42
2026-06-07 06:00:00+00:00,6.771,6.835,6.728,6.792,135859.97
2026-06-07 07:00:00+00:00,6.791,6.833,6.758,6.825,125190.99
2026-06-07 08:00:00+00:00,6.825,6.886,6.779,6.874,171170.67
2026-06-07 09:00:00+00:00,6.874,6.88,6.77,6.771,126718.72
2026-06-07 10:00:00+00:00,6.772,6.781,6.696,6.714,111646.48
2026-06-07 11:00:00+00:00,6.714,6.755,6.695,6.729,119807.2
2026-06-07 12:00:00+00:00,6.73,6.735,6.593,6.651,217926.14
2026-06-07 13:00:00+00:00,6.651,6.676,6.627,6.66,80064.23
2026-06-07 14:00:00+00:00,6.66,6.777,6.646,6.725,156410.76
2026-06-07 15:00:00+00:00,6.725,6.725,6.669,6.71,109293.05
2026-06-07 16:00:00+00:00,6.71,6.723,6.669,6.698,71069.34
2026-06-07 17:00:00+00:00,6.698,6.743,6.664,6.688,121084.68
2026-06-07 18:00:00+00:00,6.688,6.724,6.667,6.671,44214.69
2026-06-07 19:00:00+00:00,6.672,6.672,6.508,6.541,228505.09
2026-06-07 20:00:00+00:00,6.54,6.62,6.519,6.61,98078.27
2026-06-07 21:00:00+00:00,6.609,6.628,6.561,6.595,52367.45
2026-06-07 22:00:00+00:00,6.596,6.964,6.59,6.75,364831.03
2026-06-07 23:00:00+00:00,6.749,6.839,6.736,6.819,132362.38
2026-06-08 00:00:00+00:00,6.818,6.864,6.765,6.822,119813.58
2026-06-08 01:00:00+00:00,6.823,6.825,6.636,6.712,168498.91
2026-06-08 02:00:00+00:00,6.713,6.731,6.669,6.7,92072.01
2026-06-08 03:00:00+00:00,6.7,6.736,6.637,6.668,94419.52
2026-06-08 04:00:00+00:00,6.669,6.678,6.585,6.589,80156.94
2026-06-08 05:00:00+00:00,6.589,6.615,6.538,6.596,136635.84
2026-06-08 06:00:00+00:00,6.596,6.667,6.594,6.648,97705.21
2026-06-08 07:00:00+00:00,6.648,6.705,6.607,6.703,83448.28
2026-06-08 08:00:00+00:00,6.703,6.705,6.629,6.663,139025.63
2026-06-08 09:00:00+00:00,6.662,6.715,6.621,6.709,108183.8
2026-06-08 10:00:00+00:00,6.708,6.745,6.664,6.702,81631.33
2026-06-08 11:00:00+00:00,6.702,6.824,6.688,6.785,145472.18
2026-06-08 12:00:00+00:00,6.785,6.822,6.708,6.812,198782.54
2026-06-08 13:00:00+00:00,6.813,6.827,6.702,6.732,147764.83
2026-06-08 14:00:00+00:00,6.733,6.823,6.701,6.817,152333.03
2026-06-08 15:00:00+00:00,6.818,6.88,6.797,6.809,144170.9
2026-06-08 16:00:00+00:00,6.81,6.856,6.787,6.804,133761.21
2026-06-08 17:00:00+00:00,6.804,6.835,6.771,6.832,98886.01
2026-06-08 18:00:00+00:00,6.831,6.864,6.79,6.821,72798.09
2026-06-08 19:00:00+00:00,6.821,6.847,6.804,6.822,61891.13
2026-06-08 20:00:00+00:00,6.823,6.825,6.752,6.798,121467.09
2026-06-08 21:00:00+00:00,6.799,6.882,6.796,6.818,121781.51
2026-06-08 22:00:00+00:00,6.817,6.817,6.773,6.802,77402.47
2026-06-08 23:00:00+00:00,6.802,6.823,6.745,6.766,49038.05
2026-06-09 00:00:00+00:00,6.767,6.777,6.593,6.616,300936.17
2026-06-09 01:00:00+00:00,6.615,6.664,6.598,6.657,83235.0
2026-06-09 02:00:00+00:00,6.657,6.678,6.601,6.66,49061.15
2026-06-09 03:00:00+00:00,6.661,6.685,6.623,6.67,122103.48
2026-06-09 04:00:00+00:00,6.67,6.778,6.645,6.744,174101.84
2026-06-09 05:00:00+00:00,6.744,6.793,6.739,6.779,54595.76
2026-06-09 06:00:00+00:00,6.78,6.788,6.753,6.755,43646.21
2026-06-09 07:00:00+00:00,6.756,6.787,6.729,6.748,69065.09
2026-06-09 08:00:00+00:00,6.749,6.751,6.701,6.719,62337.27
2026-06-09 09:00:00+00:00,6.718,6.728,6.663,6.677,57822.41
2026-06-09 10:00:00+00:00,6.678,6.703,6.66,6.696,67155.0
2026-06-09 11:00:00+00:00,6.695,6.718,6.667,6.711,42130.95
2026-06-09 12:00:00+00:00,6.71,6.743,6.701,6.735,54440.06
2026-06-09 13:00:00+00:00,6.735,6.748,6.672,6.69,96428.62
2026-06-09 14:00:00+00:00,6.69,6.705,6.531,6.61,214710.31
2026-06-09 15:00:00+00:00,6.609,6.643,6.518,6.526,109853.41
2026-06-09 16:00:00+00:00,6.526,6.554,6.445,6.521,166387.91
2026-06-09 17:00:00+00:00,6.521,6.641,6.517,6.608,125780.53
2026-06-09 18:00:00+00:00,6.608,6.675,6.59,6.65,82051.33
2026-06-09 19:00:00+00:00,6.65,6.68,6.631,6.658,86892.51
2026-06-09 20:00:00+00:00,6.659,6.7,6.656,6.68,74299.85
2026-06-09 21:00:00+00:00,6.68,6.69,6.614,6.625,76108.07
2026-06-09 22:00:00+00:00,6.625,6.657,6.611,6.619,67747.5
2026-06-09 23:00:00+00:00,6.619,6.652,6.611,6.639,47772.63
2026-06-10 00:00:00+00:00,6.639,6.676,6.601,6.668,62518.55
2026-06-10 01:00:00+00:00,6.668,6.68,6.619,6.635,53025.1
2026-06-10 02:00:00+00:00,6.636,6.65,6.556,6.566,48885.41
2026-06-10 03:00:00+00:00,6.567,6.611,6.557,6.583,27792.2
2026-06-10 04:00:00+00:00,6.583,6.593,6.532,6.547,43761.7
2026-06-10 05:00:00+00:00,6.548,6.564,6.489,6.515,80129.14
2026-06-10 06:00:00+00:00,6.515,6.551,6.497,6.528,62931.95
2026-06-10 07:00:00+00:00,6.527,6.585,6.526,6.563,64035.91
2026-06-10 08:00:00+00:00,6.564,6.564,6.442,6.473,179565.73
2026-06-10 09:00:00+00:00,6.474,6.509,6.432,6.494,102565.66
2026-06-10 10:00:00+00:00,6.495,6.504,6.44,6.499,56320.67
2026-06-10 11:00:00+00:00,6.5,6.509,6.419,6.462,154844.96
2026-06-10 12:00:00+00:00,6.462,6.601,6.439,6.543,193617.38
2026-06-10 13:00:00+00:00,6.543,6.664,6.529,6.599,173107.86
2026-06-10 14:00:00+00:00,6.6,6.61,6.51,6.554,130758.57
2026-06-10 15:00:00+00:00,6.555,6.617,6.502,6.58,224293.77
2026-06-10 16:00:00+00:00,6.58,6.583,6.461,6.506,199296.04
2026-06-10 17:00:00+00:00,6.506,6.535,6.429,6.49,193945.55
2026-06-10 18:00:00+00:00,6.49,6.535,6.479,6.535,115144.24
2026-06-10 19:00:00+00:00,6.534,6.536,6.442,6.461,167752.65
2026-06-10 20:00:00+00:00,6.462,6.484,6.423,6.443,113834.68
2026-06-10 21:00:00+00:00,6.442,6.443,6.301,6.338,192314.97
2026-06-10 22:00:00+00:00,6.339,6.392,6.312,6.333,164463.67
2026-06-10 23:00:00+00:00,6.333,6.407,6.306,6.383,103340.04
2026-06-11 00:00:00+00:00,6.382,6.451,6.381,6.435,82787.95
2026-06-11 01:00:00+00:00,6.434,6.52,6.433,6.501,79900.26
2026-06-11 02:00:00+00:00,6.501,6.508,6.444,6.482,62544.14
2026-06-11 03:00:00+00:00,6.482,6.64,6.458,6.597,150001.1
2026-06-11 04:00:00+00:00,6.597,6.63,6.57,6.607,154168.34
2026-06-11 05:00:00+00:00,6.606,6.606,6.566,6.567,65938.12
2026-06-11 06:00:00+00:00,6.567,6.609,6.549,6.578,89231.79
2026-06-11 07:00:00+00:00,6.577,6.61,6.573,6.593,59800.94
2026-06-11 08:00:00+00:00,6.593,6.642,6.586,6.614,96288.4
2026-06-11 09:00:00+00:00,6.613,6.613,6.54,6.579,147239.3
2026-06-11 10:00:00+00:00,6.578,6.588,6.552,6.577,60350.81
2026-06-11 11:00:00+00:00,6.576,6.622,6.554,6.598,65287.6
2026-06-11 12:00:00+00:00,6.599,6.6,6.501,6.558,164398.22
2026-06-11 13:00:00+00:00,6.557,6.611,6.537,6.585,106597.75
2026-06-11 14:00:00+00:00,6.585,6.597,6.523,6.544,137067.73
2026-06-11 15:00:00+00:00,6.544,6.573,6.51,6.544,79253.06
2026-06-11 16:00:00+00:00,6.545,6.561,6.511,6.517,67850.81
2026-06-11 17:00:00+00:00,6.516,6.689,6.476,6.672,261596.83
2026-06-11 18:00:00+00:00,6.673,6.692,6.628,6.651,116662.07
2026-06-11 19:00:00+00:00,6.65,6.707,6.634,6.667,123546.9
2026-06-11 20:00:00+00:00,6.668,6.678,6.607,6.634,88511.91
2026-06-11 21:00:00+00:00,6.634,6.672,6.633,6.651,54805.15
2026-06-11 22:00:00+00:00,6.651,6.677,6.634,6.646,42509.64
2026-06-11 23:00:00+00:00,6.646,6.672,6.626,6.648,43058.71
2026-06-12 00:00:00+00:00,6.648,6.667,6.637,6.64,41041.75
2026-06-12 01:00:00+00:00,6.639,6.641,6.601,6.629,40822.96
2026-06-12 02:00:00+00:00,6.63,6.677,6.63,6.661,34208.09
2026-06-12 03:00:00+00:00,6.661,6.665,6.637,6.659,21102.39
2026-06-12 04:00:00+00:00,6.659,6.69,6.641,6.664,46846.71
2026-06-12 05:00:00+00:00,6.665,6.665,6.612,6.619,39994.81
2026-06-12 06:00:00+00:00,6.617,6.625,6.527,6.546,97717.74
2026-06-12 07:00:00+00:00,6.546,6.584,6.546,6.571,45494.9
2026-06-12 08:00:00+00:00,6.572,6.637,6.568,6.624,41068.32
2026-06-12 09:00:00+00:00,6.623,6.668,6.615,6.647,51664.71
2026-06-12 10:00:00+00:00,6.647,6.662,6.614,6.637,37015.21
2026-06-12 11:00:00+00:00,6.637,6.659,6.629,6.638,39422.39
2026-06-12 12:00:00+00:00,6.637,6.65,6.607,6.617,39839.34
2026-06-12 13:00:00+00:00,6.617,6.62,6.52,6.542,114605.74
2026-06-12 14:00:00+00:00,6.542,6.673,6.537,6.667,143074.7
2026-06-12 15:00:00+00:00,6.668,6.7,6.546,6.554,175671.74
2026-06-12 16:00:00+00:00,6.552,6.623,6.523,6.622,98107.99
2026-06-12 17:00:00+00:00,6.623,6.654,6.59,6.596,54232.92
2026-06-12 18:00:00+00:00,6.596,6.617,6.559,6.586,57299.59
2026-06-12 19:00:00+00:00,6.587,6.628,6.581,6.586,37579.93
2026-06-12 20:00:00+00:00,6.587,6.606,6.571,6.581,38343.03
2026-06-12 21:00:00+00:00,6.582,6.603,6.554,6.565,32954.78
2026-06-12 22:00:00+00:00,6.565,6.588,6.55,6.571,47238.5
2026-06-12 23:00:00+00:00,6.571,6.575,6.54,6.571,28369.68
2026-06-13 00:00:00+00:00,6.57,6.595,6.557,6.586,19284.42
2026-06-13 01:00:00+00:00,6.586,6.635,6.581,6.62,38304.53
2026-06-13 02:00:00+00:00,6.62,6.625,6.591,6.605,21940.5
2026-06-13 03:00:00+00:00,6.605,6.616,6.573,6.597,22581.93
2026-06-13 04:00:00+00:00,6.598,6.622,6.573,6.588,20486.59
2026-06-13 05:00:00+00:00,6.589,6.62,6.569,6.592,20123.77
2026-06-13 06:00:00+00:00,6.593,6.643,6.573,6.635,49630.86
2026-06-13 07:00:00+00:00,6.634,6.686,6.618,6.666,78416.17
2026-06-13 08:00:00+00:00,6.667,6.683,6.648,6.661,32594.17
2026-06-13 09:00:00+00:00,6.661,6.671,6.648,6.651,24869.7
2026-06-13 10:00:00+00:00,6.653,6.663,6.63,6.645,25180.82
2026-06-13 11:00:00+00:00,6.645,6.678,6.643,6.674,36678.0
2026-06-13 12:00:00+00:00,6.674,6.695,6.663,6.68,25387.8
2026-06-13 13:00:00+00:00,6.68,6.685,6.66,6.676,38290.45
2026-06-13 14:00:00+00:00,6.676,6.694,6.669,6.691,46911.19
2026-06-13 15:00:00+00:00,6.692,6.76,6.685,6.754,142418.78
2026-06-13 16:00:00+00:00,6.754,6.769,6.679,6.717,104241.43
2026-06-13 17:00:00+00:00,6.716,6.728,6.683,6.697,42451.66
2026-06-13 18:00:00+00:00,6.696,6.722,6.691,6.708,26854.17
2026-06-13 19:00:00+00:00,6.707,6.734,6.69,6.715,41820.61
2026-06-13 20:00:00+00:00,6.715,6.724,6.699,6.72,13354.95
2026-06-13 21:00:00+00:00,6.72,6.776,6.702,6.749,38792.21
2026-06-13 22:00:00+00:00,6.751,6.753,6.719,6.72,24081.16
2026-06-13 23:00:00+00:00,6.719,6.735,6.705,6.719,14667.78
2026-06-14 00:00:00+00:00,6.718,6.718,6.694,6.702,27109.93
2026-06-14 01:00:00+00:00,6.703,6.735,6.69,6.708,20740.03
2026-06-14 02:00:00+00:00,6.708,6.731,6.703,6.712,16638.2
2026-06-14 03:00:00+00:00,6.712,6.727,6.7,6.722,41301.92
2026-06-14 04:00:00+00:00,6.723,6.724,6.663,6.676,24739.18
2026-06-14 05:00:00+00:00,6.676,6.687,6.651,6.678,34053.37
2026-06-14 06:00:00+00:00,6.679,6.698,6.656,6.659,19896.53
2026-06-14 07:00:00+00:00,6.659,6.663,6.642,6.658,23523.96
2026-06-14 08:00:00+00:00,6.657,6.669,6.647,6.652,14430.95
2026-06-14 09:00:00+00:00,6.652,6.678,6.624,6.675,30309.51
2026-06-14 10:00:00+00:00,6.674,6.683,6.644,6.645,40244.23
2026-06-14 11:00:00+00:00,6.645,6.658,6.636,6.646,25079.82
2026-06-14 12:00:00+00:00,6.646,6.652,6.601,6.609,34535.82
2026-06-14 13:00:00+00:00,6.609,6.615,6.561,6.581,68135.58
2026-06-14 14:00:00+00:00,6.582,6.582,6.495,6.53,128503.19
2026-06-14 15:00:00+00:00,6.53,6.541,6.515,6.531,68893.62
2026-06-14 16:00:00+00:00,6.53,6.552,6.512,6.526,55843.64
2026-06-14 17:00:00+00:00,6.525,6.53,6.463,6.473,97314.82
2026-06-14 18:00:00+00:00,6.473,6.474,6.376,6.402,233349.42
2026-06-14 19:00:00+00:00,6.402,6.472,6.397,6.434,115914.58
2026-06-14 20:00:00+00:00,6.434,6.486,6.413,6.462,90972.58
2026-06-14 21:00:00+00:00,6.462,6.771,6.456,6.714,264635.47
2026-06-14 22:00:00+00:00,6.715,6.765,6.69,6.725,211365.08
2026-06-14 23:00:00+00:00,6.725,6.791,6.699,6.79,154600.19
2026-06-15 00:00:00+00:00,6.789,6.805,6.73,6.753,112737.64
2026-06-15 01:00:00+00:00,6.754,6.755,6.7,6.718,62029.0
2026-06-15 02:00:00+00:00,6.719,6.775,6.71,6.734,84477.42
2026-06-15 03:00:00+00:00,6.734,6.777,6.725,6.764,56711.45
2026-06-15 04:00:00+00:00,6.764,6.78,6.742,6.747,48088.21
2026-06-15 05:00:00+00:00,6.746,6.802,6.735,6.787,59866.06
2026-06-15 06:00:00+00:00,6.787,6.804,6.762,6.772,60911.34
2026-06-15 07:00:00+00:00,6.773,6.806,6.753,6.758,76976.15
2026-06-15 08:00:00+00:00,6.758,6.796,6.751,6.774,55471.68
2026-06-15 09:00:00+00:00,6.774,6.79,6.74,6.762,87186.75
2026-06-15 10:00:00+00:00,6.762,6.858,6.757,6.839,150985.74
2026-06-15 11:00:00+00:00,6.839,6.953,6.812,6.909,218203.08
2026-06-15 12:00:00+00:00,6.909,6.952,6.877,6.929,142032.21
2026-06-15 13:00:00+00:00,6.929,7.01,6.92,6.975,291801.21
2026-06-15 14:00:00+00:00,6.976,6.978,6.914,6.948,102552.21
2026-06-15 15:00:00+00:00,6.947,7.035,6.913,7.035,262596.2
2026-06-15 16:00:00+00:00,7.036,7.079,7.012,7.035,201917.59
2026-06-15 17:00:00+00:00,7.034,7.052,6.979,7.018,119750.04
2026-06-15 18:00:00+00:00,7.017,7.032,6.973,6.978,86716.0
2026-06-15 19:00:00+00:00,6.978,7.004,6.883,6.897,147244.37
2026-06-15 20:00:00+00:00,6.897,6.926,6.873,6.882,90662.02
2026-06-15 21:00:00+00:00,6.883,6.902,6.858,6.876,76732.63
2026-06-15 22:00:00+00:00,6.876,6.898,6.81,6.83,79615.71
2026-06-15 23:00:00+00:00,6.83,6.849,6.803,6.84,138987.52
2026-06-16 00:00:00+00:00,6.839,6.872,6.827,6.835,79023.29
2026-06-16 01:00:00+00:00,6.836,6.874,6.831,6.836,31620.6
2026-06-16 02:00:00+00:00,6.835,6.841,6.746,6.771,95543.62
2026-06-16 03:00:00+00:00,6.771,6.835,6.76,6.835,51478.37
2026-06-16 04:00:00+00:00,6.834,6.842,6.76,6.769,43561.75
2026-06-16 05:00:00+00:00,6.77,6.816,6.77,6.806,32794.23
2026-06-16 06:00:00+00:00,6.807,6.867,6.807,6.86,38059.76
2026-06-16 07:00:00+00:00,6.861,6.928,6.854,6.924,70876.3
2026-06-16 08:00:00+00:00,6.923,7.05,6.915,7.032,127982.21
2026-06-16 09:00:00+00:00,7.032,7.038,6.948,6.959,81191.76
2026-06-16 10:00:00+00:00,6.959,6.988,6.943,6.955,68384.78
2026-06-16 11:00:00+00:00,6.955,6.975,6.922,6.951,53803.82
2026-06-16 12:00:00+00:00,6.951,7.001,6.927,6.968,106877.72
2026-06-16 13:00:00+00:00,6.968,6.975,6.836,6.837,164222.73
2026-06-16 14:00:00+00:00,6.838,6.869,6.714,6.762,258585.24
2026-06-16 15:00:00+00:00,6.761,6.817,6.752,6.79,87267.29
2026-06-16 16:00:00+00:00,6.79,6.804,6.767,6.782,51611.61
2026-06-16 17:00:00+00:00,6.783,6.857,6.782,6.853,66388.76
2026-06-16 18:00:00+00:00,6.854,6.91,6.848,6.879,118181.32
2026-06-16 19:00:00+00:00,6.879,6.898,6.825,6.864,104395.68
2026-06-16 20:00:00+00:00,6.864,6.951,6.847,6.932,126067.56
2026-06-16 21:00:00+00:00,6.932,6.946,6.889,6.918,80491.28
2026-06-16 22:00:00+00:00,6.918,6.924,6.883,6.906,51524.85
2026-06-16 23:00:00+00:00,6.907,6.915,6.871,6.88,46485.86
2026-06-17 00:00:00+00:00,6.881,6.923,6.881,6.897,50804.1
2026-06-17 01:00:00+00:00,6.898,6.971,6.871,6.966,76168.64
2026-06-17 02:00:00+00:00,6.965,7.022,6.946,6.984,126696.78
2026-06-17 03:00:00+00:00,6.983,6.983,6.932,6.954,73511.21
2026-06-17 04:00:00+00:00,6.955,6.987,6.938,6.953,63867.86
2026-06-17 05:00:00+00:00,6.954,6.975,6.907,6.941,73190.4
2026-06-17 06:00:00+00:00,6.941,6.965,6.884,6.904,130790.57
2026-06-17 07:00:00+00:00,6.905,6.955,6.87,6.899,94646.45
2026-06-17 08:00:00+00:00,6.9,6.903,6.793,6.811,125513.32
2026-06-17 09:00:00+00:00,6.81,6.85,6.81,6.838,63964.84
2026-06-17 10:00:00+00:00,6.839,6.847,6.81,6.814,42595.55
2026-06-17 11:00:00+00:00,6.814,6.823,6.774,6.806,69279.3
2026-06-17 12:00:00+00:00,6.806,6.851,6.768,6.849,149457.64
2026-06-17 13:00:00+00:00,6.849,6.872,6.815,6.832,80597.42
2026-06-17 14:00:00+00:00,6.831,6.873,6.79,6.837,92215.14
2026-06-17 15:00:00+00:00,6.837,6.971,6.827,6.968,181195.76
2026-06-17 16:00:00+00:00,6.968,7.018,6.91,6.91,169526.53
2026-06-17 17:00:00+00:00,6.911,6.97,6.884,6.965,115212.35
2026-06-17 18:00:00+00:00,6.964,6.964,6.775,6.897,358866.1
2026-06-17 19:00:00+00:00,6.897,6.915,6.703,6.737,353196.71
2026-06-17 20:00:00+00:00,6.736,6.796,6.718,6.791,113291.83
2026-06-17 21:00:00+00:00,6.791,6.796,6.718,6.741,65178.0
2026-06-17 22:00:00+00:00,6.741,6.768,6.653,6.738,128307.55
2026-06-17 23:00:00+00:00,6.739,6.778,6.739,6.766,47320.41
2026-06-18 00:00:00+00:00,6.766,6.795,6.759,6.762,53070.04
2026-06-18 01:00:00+00:00,6.762,6.804,6.761,6.772,31718.55
2026-06-18 02:00:00+00:00,6.773,6.798,6.752,6.789,27418.32
2026-06-18 03:00:00+00:00,6.788,6.788,6.703,6.712,72349.21
2026-06-18 04:00:00+00:00,6.713,6.714,6.623,6.639,165755.96
2026-06-18 05:00:00+00:00,6.638,6.64,6.575,6.62,160099.83
2026-06-18 06:00:00+00:00,6.62,6.65,6.596,6.646,76982.07
2026-06-18 07:00:00+00:00,6.646,6.684,6.62,6.676,85885.74
2026-06-18 08:00:00+00:00,6.677,6.698,6.652,6.67,87132.97
2026-06-18 09:00:00+00:00,6.67,6.683,6.643,6.674,84561.76
2026-06-18 10:00:00+00:00,6.674,6.675,6.626,6.651,68088.17
2026-06-18 11:00:00+00:00,6.651,6.662,6.607,6.62,74692.73
2026-06-18 12:00:00+00:00,6.621,6.669,6.609,6.666,69241.66
2026-06-18 13:00:00+00:00,6.666,6.68,6.559,6.619,142680.2
2026-06-18 14:00:00+00:00,6.619,6.673,6.568,6.593,110539.53
2026-06-18 15:00:00+00:00,6.593,6.594,6.214,6.245,1133098.59
2026-06-18 16:00:00+00:00,6.244,6.338,6.228,6.334,291261.57
2026-06-18 17:00:00+00:00,6.335,6.341,6.252,6.291,208008.02
2026-06-18 18:00:00+00:00,6.291,6.32,6.264,6.306,145195.56
2026-06-18 19:00:00+00:00,6.305,6.368,6.298,6.356,109511.22
2026-06-18 20:00:00+00:00,6.357,6.386,6.326,6.352,136152.94
2026-06-18 21:00:00+00:00,6.352,6.354,6.277,6.293,162134.51
2026-06-18 22:00:00+00:00,6.293,6.311,6.28,6.307,62932.18
2026-06-18 23:00:00+00:00,6.306,6.322,6.275,6.318,95945.55
2026-06-19 00:00:00+00:00,6.317,6.324,6.29,6.309,63117.87
2026-06-19 01:00:00+00:00,6.309,6.321,6.273,6.306,88524.16
2026-06-19 02:00:00+00:00,6.306,6.323,6.245,6.277,141109.2
2026-06-19 03:00:00+00:00,6.277,6.29,6.111,6.15,331837.29
2026-06-19 04:00:00+00:00,6.15,6.15,6.029,6.042,349418.07
2026-06-19 05:00:00+00:00,6.043,6.091,6.041,6.071,202538.9
2026-06-19 06:00:00+00:00,6.071,6.084,6.006,6.047,228643.88
2026-06-19 07:00:00+00:00,6.047,6.047,5.968,5.992,556773.84
2026-06-19 08:00:00+00:00,5.992,6.057,5.987,6.056,253908.64
2026-06-19 09:00:00+00:00,6.057,6.102,6.03,6.063,281649.31
2026-06-19 10:00:00+00:00,6.063,6.071,6.008,6.042,124917.56
2026-06-19 11:00:00+00:00,6.042,6.073,6.01,6.047,155658.53
2026-06-19 12:00:00+00:00,6.047,6.124,6.035,6.11,168234.71
2026-06-19 13:00:00+00:00,6.11,6.193,6.086,6.165,199489.05
2026-06-19 14:00:00+00:00,6.166,6.178,6.11,6.119,167440.36
2026-06-19 15:00:00+00:00,6.119,6.15,6.11,6.122,115670.11
2026-06-19 16:00:00+00:00,6.123,6.157,6.069,6.071,233763.79
2026-06-19 17:00:00+00:00,6.071,6.133,5.983,5.993,334729.77
2026-06-19 18:00:00+00:00,5.993,6.052,5.734,5.921,1815278.29
2026-06-19 19:00:00+00:00,5.92,5.92,5.681,5.879,1227911.6
2026-06-19 20:00:00+00:00,5.88,5.937,5.802,5.933,319795.95
2026-06-19 21:00:00+00:00,5.932,5.948,5.872,5.942,155530.64
2026-06-19 22:00:00+00:00,5.941,5.975,5.926,5.933,207280.96
2026-06-19 23:00:00+00:00,5.932,5.939,5.873,5.896,190533.81
2026-06-20 00:00:00+00:00,5.896,5.972,5.883,5.902,237239.79
2026-06-20 01:00:00+00:00,5.903,5.975,5.899,5.941,140701.52
2026-06-20 02:00:00+00:00,5.941,5.956,5.91,5.941,114847.99
2026-06-20 03:00:00+00:00,5.941,5.968,5.907,5.95,111018.19
2026-06-20 04:00:00+00:00,5.949,5.997,5.933,5.98,115062.8
2026-06-20 05:00:00+00:00,5.981,6.053,5.98,6.029,177406.7
2026-06-20 06:00:00+00:00,6.028,6.047,5.819,5.94,962010.27
2026-06-20 07:00:00+00:00,5.939,6.259,5.866,6.148,1638669.72
2026-06-20 08:00:00+00:00,6.149,6.177,6.098,6.163,193021.26
2026-06-20 09:00:00+00:00,6.163,6.211,6.163,6.188,135238.15
2026-06-20 10:00:00+00:00,6.188,6.216,6.167,6.214,151433.75
2026-06-20 11:00:00+00:00,6.214,6.221,6.141,6.162,117074.58
2026-06-20 12:00:00+00:00,6.163,6.188,6.141,6.168,126180.1
2026-06-20 13:00:00+00:00,6.167,6.174,6.027,6.122,962630.37
2026-06-20 14:00:00+00:00,6.121,6.161,6.047,6.107,394759.49
2026-06-20 15:00:00+00:00,6.107,6.162,6.09,6.15,168402.43
2026-06-20 16:00:00+00:00,6.151,6.152,6.099,6.142,54478.18
2026-06-20 17:00:00+00:00,6.142,6.145,6.068,6.109,75353.33
2026-06-20 18:00:00+00:00,6.109,6.127,6.085,6.09,100309.8
2026-06-20 19:00:00+00:00,6.089,6.121,6.069,6.116,96199.57
2026-06-20 20:00:00+00:00,6.117,6.148,6.106,6.14,111998.62
2026-06-20 21:00:00+00:00,6.139,6.204,6.136,6.182,216985.69
2026-06-20 22:00:00+00:00,6.182,6.256,6.166,6.242,271408.84
2026-06-20 23:00:00+00:00,6.241,6.263,6.228,6.239,111851.05
2026-06-21 00:00:00+00:00,6.24,6.292,6.233,6.266,216645.28
2026-06-21 01:00:00+00:00,6.266,6.273,6.228,6.248,116616.55
2026-06-21 02:00:00+00:00,6.248,6.248,6.216,6.237,47204.67
2026-06-21 03:00:00+00:00,6.236,6.272,6.225,6.263,65185.07
2026-06-21 04:00:00+00:00,6.263,6.286,6.23,6.237,60639.13
2026-06-21 05:00:00+00:00,6.237,6.26,6.204,6.22,61326.03
2026-06-21 06:00:00+00:00,6.22,6.25,6.211,6.241,47616.54
2026-06-21 07:00:00+00:00,6.241,6.345,6.218,6.287,155976.61
2026-06-21 08:00:00+00:00,6.288,6.318,6.235,6.288,116077.64
2026-06-21 09:00:00+00:00,6.288,6.342,6.264,6.314,130369.09
2026-06-21 10:00:00+00:00,6.314,6.326,6.282,6.303,165649.82
2026-06-21 11:00:00+00:00,6.303,6.312,6.26,6.267,89408.03
2026-06-21 12:00:00+00:00,6.267,6.289,6.24,6.282,88711.86
2026-06-21 13:00:00+00:00,6.283,6.309,6.269,6.297,58629.14
2026-06-21 14:00:00+00:00,6.297,6.372,6.263,6.324,129428.75
2026-06-21 15:00:00+00:00,6.325,6.348,6.311,6.331,65298.49
2026-06-21 16:00:00+00:00,6.331,6.335,6.241,6.273,90856.44
2026-06-21 17:00:00+00:00,6.273,6.298,6.233,6.247,66412.93
2026-06-21 18:00:00+00:00,6.247,6.276,6.228,6.267,59903.24
2026-06-21 19:00:00+00:00,6.266,6.277,6.254,6.263,33513.05
2026-06-21 20:00:00+00:00,6.263,6.268,6.175,6.2,85887.64
2026-06-21 21:00:00+00:00,6.2,6.207,6.128,6.174,104219.37
2026-06-21 22:00:00+00:00,6.174,6.204,6.123,6.144,70507.39
2026-06-21 23:00:00+00:00,6.144,6.144,6.097,6.113,76290.0
2026-06-22 00:00:00+00:00,6.113,6.213,6.113,6.202,88518.25
2026-06-22 01:00:00+00:00,6.202,6.336,6.192,6.268,155145.73
2026-06-22 02:00:00+00:00,6.268,6.274,6.228,6.231,43800.41
2026-06-22 03:00:00+00:00,6.232,6.293,6.202,6.23,113161.86
2026-06-22 04:00:00+00:00,6.23,6.286,6.218,6.276,48243.9
2026-06-22 05:00:00+00:00,6.275,6.32,6.27,6.301,63161.12
2026-06-22 06:00:00+00:00,6.302,6.306,6.196,6.251,456512.75
2026-06-22 07:00:00+00:00,6.251,6.308,6.246,6.286,102393.52
2026-06-22 08:00:00+00:00,6.286,6.288,6.22,6.265,138433.47
2026-06-22 09:00:00+00:00,6.264,6.274,6.239,6.24,70307.23
2026-06-22 10:00:00+00:00,6.24,6.285,6.24,6.269,40278.45
2026-06-22 11:00:00+00:00,6.268,6.379,6.26,6.365,120198.19
2026-06-22 12:00:00+00:00,6.365,6.426,6.352,6.405,157571.96
2026-06-22 13:00:00+00:00,6.406,6.472,6.363,6.463,165785.65
2026-06-22 14:00:00+00:00,6.464,6.468,6.304,6.331,136982.39
2026-06-22 15:00:00+00:00,6.331,6.35,6.283,6.307,112912.14
2026-06-22 16:00:00+00:00,6.307,6.331,6.281,6.313,95251.68
2026-06-22 17:00:00+00:00,6.312,6.329,6.268,6.32,85850.7
2026-06-22 18:00:00+00:00,6.319,6.336,6.262,6.271,93915.85
2026-06-22 19:00:00+00:00,6.27,6.279,6.234,6.271,60028.55
2026-06-22 20:00:00+00:00,6.272,6.297,6.265,6.277,30487.87
2026-06-22 21:00:00+00:00,6.278,6.283,6.216,6.25,42841.17
2026-06-22 22:00:00+00:00,6.251,6.269,6.166,6.211,89823.16
2026-06-22 23:00:00+00:00,6.21,6.247,6.193,6.241,64848.76
2026-06-23 00:00:00+00:00,6.241,6.277,6.214,6.276,84543.69
2026-06-23 01:00:00+00:00,6.275,6.298,6.224,6.27,79120.89
2026-06-23 02:00:00+00:00,6.269,6.313,6.246,6.301,59252.38
2026-06-23 03:00:00+00:00,6.302,6.313,6.276,6.313,43650.84
2026-06-23 04:00:00+00:00,6.314,6.334,6.265,6.273,60467.43
2026-06-23 05:00:00+00:00,6.274,6.295,6.212,6.238,67172.66
2026-06-23 06:00:00+00:00,6.239,6.246,6.065,6.167,730593.06
2026-06-23 07:00:00+00:00,6.166,6.215,6.145,6.157,184013.89
2026-06-23 08:00:00+00:00,6.157,6.166,6.013,6.125,224501.48
2026-06-23 09:00:00+00:00,6.124,6.214,6.124,6.211,233850.86
2026-06-23 10:00:00+00:00,6.211,6.246,6.171,6.202,151115.82
2026-06-23 11:00:00+00:00,6.202,6.258,6.201,6.257,134229.53
2026-06-23 12:00:00+00:00,6.258,6.305,6.233,6.247,183131.58
2026-06-23 13:00:00+00:00,6.247,6.307,6.217,6.285,207314.11
2026-06-23 14:00:00+00:00,6.286,6.456,6.275,6.327,426165.5
2026-06-23 15:00:00+00:00,6.327,6.388,6.292,6.371,182630.54
2026-06-23 16:00:00+00:00,6.372,6.408,6.328,6.335,187740.51
2026-06-23 17:00:00+00:00,6.335,6.352,6.275,6.283,164751.04
2026-06-23 18:00:00+00:00,6.283,6.313,6.271,6.302,106709.84
2026-06-23 19:00:00+00:00,6.302,6.353,6.296,6.34,121282.69
2026-06-23 20:00:00+00:00,6.341,6.45,6.341,6.413,309864.12
2026-06-23 21:00:00+00:00,6.413,6.451,6.409,6.431,121525.36
2026-06-23 22:00:00+00:00,6.43,6.527,6.423,6.473,166895.4
2026-06-23 23:00:00+00:00,6.472,6.514,6.442,6.484,142784.64
2026-06-24 00:00:00+00:00,6.484,6.544,6.484,6.514,159248.71
2026-06-24 01:00:00+00:00,6.515,6.54,6.455,6.455,138067.15
2026-06-24 02:00:00+00:00,6.456,6.464,6.412,6.437,125648.05
2026-06-24 03:00:00+00:00,6.438,6.453,6.407,6.417,80983.26
2026-06-24 04:00:00+00:00,6.417,6.443,6.367,6.428,90939.55
2026-06-24 05:00:00+00:00,6.427,6.458,6.427,6.437,62951.01
2026-06-24 06:00:00+00:00,6.436,6.458,6.411,6.422,52525.67
2026-06-24 07:00:00+00:00,6.422,6.428,6.356,6.395,144543.08
2026-06-24 08:00:00+00:00,6.394,6.415,6.378,6.407,58752.08
2026-06-24 09:00:00+00:00,6.406,6.418,6.386,6.411,57020.19
2026-06-24 10:00:00+00:00,6.411,6.431,6.386,6.404,75893.72
2026-06-24 11:00:00+00:00,6.403,6.496,6.371,6.447,144659.36
2026-06-24 12:00:00+00:00,6.447,6.45,6.413,6.427,52586.02
2026-06-24 13:00:00+00:00,6.427,6.431,6.286,6.308,319485.96
2026-06-24 14:00:00+00:00,6.307,6.36,6.287,6.329,208961.24
2026-06-24 15:00:00+00:00,6.33,6.335,6.206,6.234,238269.76
2026-06-24 16:00:00+00:00,6.233,6.306,6.106,6.144,268959.06
2026-06-24 17:00:00+00:00,6.146,6.173,5.998,6.023,255534.09
2026-06-24 18:00:00+00:00,6.023,6.158,6.005,6.098,134812.79
2026-06-24 19:00:00+00:00,6.098,6.148,6.073,6.144,129558.81
2026-06-24 20:00:00+00:00,6.143,6.366,6.119,6.337,274923.13
2026-06-24 21:00:00+00:00,6.338,6.387,6.305,6.38,103896.43
2026-06-24 22:00:00+00:00,6.381,6.492,6.381,6.424,235169.09
2026-06-24 23:00:00+00:00,6.425,6.472,6.402,6.444,127488.15
2026-06-25 00:00:00+00:00,6.444,6.483,6.391,6.403,119076.21
2026-06-25 01:00:00+00:00,6.403,6.433,6.396,6.425,64554.18
2026-06-25 02:00:00+00:00,6.424,6.46,6.39,6.411,115812.52
2026-06-25 03:00:00+00:00,6.411,6.435,6.391,6.414,54091.95
2026-06-25 04:00:00+00:00,6.414,6.509,6.389,6.485,92246.6
2026-06-25 05:00:00+00:00,6.485,6.64,6.484,6.551,404706.43
2026-06-25 06:00:00+00:00,6.55,6.622,6.55,6.578,136821.87
2026-06-25 07:00:00+00:00,6.579,6.589,6.515,6.531,177418.08
2026-06-25 08:00:00+00:00,6.531,6.534,6.489,6.509,70148.3
2026-06-25 09:00:00+00:00,6.51,6.515,6.488,6.503,44451.47
2026-06-25 10:00:00+00:00,6.503,6.51,6.424,6.432,197164.13
2026-06-25 11:00:00+00:00,6.432,6.445,6.385,6.404,125935.99
2026-06-25 12:00:00+00:00,6.404,6.447,6.34,6.379,143594.43
2026-06-25 13:00:00+00:00,6.379,6.393,5.954,5.979,605416.45
2026-06-25 14:00:00+00:00,5.98,6.232,5.98,6.125,535229.01
2026-06-25 15:00:00+00:00,6.125,6.135,6.037,6.118,217236.56
2026-06-25 16:00:00+00:00,6.119,6.173,6.073,6.106,105526.25
2026-06-25 17:00:00+00:00,6.108,6.26,6.108,6.258,231468.68
2026-06-25 18:00:00+00:00,6.258,6.26,6.12,6.14,124867.86
2026-06-25 19:00:00+00:00,6.14,6.14,6.046,6.109,140589.88
2026-06-25 20:00:00+00:00,6.11,6.181,6.11,6.141,91346.98
2026-06-25 21:00:00+00:00,6.141,6.254,6.138,6.254,87028.94
2026-06-25 22:00:00+00:00,6.253,6.259,6.193,6.203,53530.17
2026-06-25 23:00:00+00:00,6.204,6.269,6.2,6.235,62779.12
2026-06-26 00:00:00+00:00,6.235,6.249,6.205,6.212,45838.52
2026-06-26 01:00:00+00:00,6.211,6.229,6.121,6.129,60348.57
2026-06-26 02:00:00+00:00,6.13,6.133,5.986,5.998,184822.78
2026-06-26 03:00:00+00:00,5.999,6.157,5.963,6.143,165560.8
2026-06-26 04:00:00+00:00,6.144,6.158,6.081,6.086,59179.22
2026-06-26 05:00:00+00:00,6.087,6.132,6.072,6.107,63605.58
2026-06-26 06:00:00+00:00,6.108,6.256,6.077,6.247,142627.51
2026-06-26 07:00:00+00:00,6.246,6.335,6.243,6.312,168258.86
2026-06-26 08:00:00+00:00,6.312,6.322,6.215,6.226,108255.33
2026-06-26 09:00:00+00:00,6.227,6.26,6.152,6.159,93815.89
2026-06-26 10:00:00+00:00,6.16,6.179,6.141,6.151,53985.88
2026-06-26 11:00:00+00:00,6.152,6.175,6.105,6.136,59302.16
2026-06-26 12:00:00+00:00,6.136,6.191,6.072,6.099,106290.7
2026-06-26 13:00:00+00:00,6.1,6.261,6.043,6.256,183252.48
2026-06-26 14:00:00+00:00,6.255,6.287,6.205,6.226,169328.67
2026-06-26 15:00:00+00:00,6.228,6.377,6.21,6.373,213165.34
2026-06-26 16:00:00+00:00,6.374,6.458,6.343,6.383,283151.36
2026-06-26 17:00:00+00:00,6.382,6.523,6.375,6.471,269340.82
2026-06-26 18:00:00+00:00,6.47,6.504,6.39,6.401,117925.08
2026-06-26 19:00:00+00:00,6.402,6.447,6.373,6.383,125400.47
2026-06-26 20:00:00+00:00,6.383,6.451,6.342,6.359,148883.63
2026-06-26 21:00:00+00:00,6.358,6.386,6.335,6.349,27893.59
2026-06-26 22:00:00+00:00,6.348,6.55,6.32,6.533,240551.71
2026-06-26 23:00:00+00:00,6.532,6.634,6.527,6.633,221580.6
2026-06-27 00:00:00+00:00,6.633,6.67,6.521,6.59,258902.16
2026-06-27 01:00:00+00:00,6.59,6.59,6.527,6.537,81591.61
2026-06-27 02:00:00+00:00,6.537,6.671,6.499,6.654,170290.77
2026-06-27 03:00:00+00:00,6.653,6.653,6.544,6.549,81904.69
2026-06-27 04:00:00+00:00,6.55,6.596,6.543,6.554,130998.09
2026-06-27 05:00:00+00:00,6.555,6.576,6.521,6.569,58652.13
2026-06-27 06:00:00+00:00,6.569,6.637,6.54,6.593,119328.52
2026-06-27 07:00:00+00:00,6.593,6.6,6.556,6.563,58664.07
2026-06-27 08:00:00+00:00,6.562,6.584,6.543,6.565,66420.1
2026-06-27 09:00:00+00:00,6.566,6.573,6.513,6.533,64587.79
2026-06-27 10:00:00+00:00,6.533,6.543,6.503,6.526,73752.19
2026-06-27 11:00:00+00:00,6.525,6.581,6.45,6.579,169054.2
2026-06-27 12:00:00+00:00,6.58,6.581,6.521,6.538,78079.78
2026-06-27 13:00:00+00:00,6.538,6.588,6.533,6.58,60046.73
2026-06-27 14:00:00+00:00,6.581,6.646,6.567,6.615,105148.03
2026-06-27 15:00:00+00:00,6.616,6.676,6.608,6.637,111509.68
2026-06-27 16:00:00+00:00,6.638,6.653,6.614,6.623,107315.17
2026-06-27 17:00:00+00:00,6.623,6.623,6.532,6.535,101241.89
2026-06-27 18:00:00+00:00,6.535,6.536,6.499,6.508,54102.79
2026-06-27 19:00:00+00:00,6.509,6.521,6.4,6.431,150487.9
2026-06-27 20:00:00+00:00,6.431,6.46,6.427,6.432,40201.83
2026-06-27 21:00:00+00:00,6.433,6.459,6.374,6.402,56310.0
2026-06-27 22:00:00+00:00,6.401,6.434,6.336,6.429,109926.49
2026-06-27 23:00:00+00:00,6.43,6.464,6.414,6.433,57896.47
2026-06-28 00:00:00+00:00,6.433,6.443,6.411,6.429,59648.18
2026-06-28 01:00:00+00:00,6.429,6.43,6.385,6.394,47589.13
2026-06-28 02:00:00+00:00,6.395,6.423,6.366,6.372,67113.55
2026-06-28 03:00:00+00:00,6.372,6.413,6.369,6.406,22672.0
2026-06-28 04:00:00+00:00,6.405,6.41,6.376,6.398,18925.79
2026-06-28 05:00:00+00:00,6.399,6.399,6.355,6.374,68093.89
2026-06-28 06:00:00+00:00,6.375,6.385,6.302,6.331,72360.17
2026-06-28 07:00:00+00:00,6.33,6.361,6.318,6.341,29887.5
2026-06-28 08:00:00+00:00,6.341,6.384,6.307,6.368,87422.03
2026-06-28 09:00:00+00:00,6.369,6.395,6.313,6.327,68919.0
2026-06-28 10:00:00+00:00,6.327,6.356,6.313,6.322,39626.15
2026-06-28 11:00:00+00:00,6.323,6.364,6.312,6.358,30949.18
2026-06-28 12:00:00+00:00,6.357,6.357,6.306,6.324,47904.75
2026-06-28 13:00:00+00:00,6.324,6.324,6.28,6.302,56100.56
2026-06-28 14:00:00+00:00,6.302,6.342,6.294,6.321,44684.98
2026-06-28 15:00:00+00:00,6.322,6.355,6.311,6.327,42575.67
2026-06-28 16:00:00+00:00,6.327,6.33,6.27,6.312,126271.53
2026-06-28 17:00:00+00:00,6.311,6.336,6.279,6.32,50761.69
2026-06-28 18:00:00+00:00,6.319,6.353,6.315,6.349,37452.39
2026-06-28 19:00:00+00:00,6.349,6.369,6.308,6.335,39725.72
2026-06-28 20:00:00+00:00,6.334,6.475,6.33,6.406,129063.86
2026-06-28 21:00:00+00:00,6.407,6.42,6.299,6.327,84390.94
2026-06-28 22:00:00+00:00,6.328,6.445,6.316,6.351,97650.92
2026-06-28 23:00:00+00:00,6.35,6.487,6.337,6.448,83862.74
2026-06-29 00:00:00+00:00,6.45,6.489,6.364,6.483,115747.44
2026-06-29 01:00:00+00:00,6.484,6.546,6.425,6.508,67021.38
2026-06-29 02:00:00+00:00,6.509,6.541,6.406,6.521,119533.23
2026-06-29 03:00:00+00:00,6.522,6.663,6.521,6.617,169394.17
2026-06-29 04:00:00+00:00,6.618,6.634,6.526,6.588,237020.45
2026-06-29 05:00:00+00:00,6.588,6.617,6.504,6.613,98800.56
2026-06-29 06:00:00+00:00,6.614,6.65,6.531,6.539,151319.01
2026-06-29 07:00:00+00:00,6.539,6.566,6.5,6.55,69061.33
2026-06-29 08:00:00+00:00,6.551,6.577,6.5,6.529,171121.19
2026-06-29 09:00:00+00:00,6.529,6.613,6.523,6.613,94995.99
2026-06-29 10:00:00+00:00,6.613,6.63,6.564,6.599,92712.25
2026-06-29 11:00:00+00:00,6.599,6.611,6.538,6.574,84027.75
2026-06-29 12:00:00+00:00,6.574,6.714,6.529,6.569,235770.44
2026-06-29 13:00:00+00:00,6.569,6.621,6.525,6.564,137762.34
2026-06-29 14:00:00+00:00,6.565,6.567,6.448,6.566,188348.89
2026-06-29 15:00:00+00:00,6.566,6.671,6.497,6.659,182657.96
2026-06-29 16:00:00+00:00,6.66,6.703,6.626,6.688,179862.71
2026-06-29 17:00:00+00:00,6.688,6.822,6.686,6.757,357206.52
2026-06-29 18:00:00+00:00,6.757,6.77,6.721,6.727,78068.2
2026-06-29 19:00:00+00:00,6.727,6.744,6.707,6.725,76979.26
2026-06-29 20:00:00+00:00,6.725,6.736,6.671,6.671,60832.03
2026-06-29 21:00:00+00:00,6.671,6.716,6.662,6.703,67844.2
2026-06-29 22:00:00+00:00,6.704,6.72,6.688,6.696,78042.82
2026-06-29 23:00:00+00:00,6.696,6.701,6.661,6.679,38166.0
2026-06-30 00:00:00+00:00,6.678,6.681,6.611,6.655,72642.98
2026-06-30 01:00:00+00:00,6.654,6.677,6.627,6.659,47839.32
2026-06-30 02:00:00+00:00,6.659,6.677,6.628,6.671,34173.75
2026-06-30 03:00:00+00:00,6.671,6.671,6.622,6.629,42597.04
2026-06-30 04:00:00+00:00,6.629,6.64,6.601,6.633,42805.14
2026-06-30 05:00:00+00:00,6.633,6.638,6.581,6.611,40585.66
2026-06-30 06:00:00+00:00,6.612,6.616,6.576,6.599,30486.23
2026-06-30 07:00:00+00:00,6.598,6.616,6.568,6.579,84667.15
2026-06-30 08:00:00+00:00,6.579,6.648,6.565,6.64,147798.31
2026-06-30 09:00:00+00:00,6.641,6.655,6.6,6.634,101019.96
2026-06-30 10:00:00+00:00,6.635,6.639,6.599,6.608,37928.77
2026-06-30 11:00:00+00:00,6.607,6.613,6.525,6.535,81555.19
2026-06-30 12:00:00+00:00,6.534,6.534,6.387,6.397,198218.7
2026-06-30 13:00:00+00:00,6.397,6.48,6.385,6.475,156215.51
2026-06-30 14:00:00+00:00,6.475,6.531,6.436,6.45,94163.94
2026-06-30 15:00:00+00:00,6.45,6.533,6.432,6.499,63033.45
2026-06-30 16:00:00+00:00,6.5,6.558,6.466,6.54,73109.38
2026-06-30 17:00:00+00:00,6.54,6.578,6.504,6.504,70374.38
2026-06-30 18:00:00+00:00,6.504,6.561,6.489,6.558,57768.22
2026-06-30 19:00:00+00:00,6.557,6.598,6.538,6.575,60602.7
2026-06-30 20:00:00+00:00,6.575,6.594,6.543,6.555,26852.0
2026-06-30 21:00:00+00:00,6.555,6.563,6.529,6.554,30414.95
2026-06-30 22:00:00+00:00,6.554,6.578,6.511,6.519,42458.88
2026-06-30 23:00:00+00:00,6.52,6.541,6.508,6.538,27118.08
2026-07-01 00:00:00+00:00,6.539,6.555,6.513,6.541,31762.8
2026-07-01 01:00:00+00:00,6.542,6.596,6.427,6.571,97246.86
2026-07-01 02:00:00+00:00,6.571,6.626,6.55,6.605,44466.84
2026-07-01 03:00:00+00:00,6.605,6.727,6.605,6.704,166302.71
2026-07-01 04:00:00+00:00,6.705,6.723,6.672,6.699,107790.0
2026-07-01 05:00:00+00:00,6.699,6.705,6.651,6.682,71714.33
2026-07-01 06:00:00+00:00,6.682,6.686,6.605,6.635,64844.72
2026-07-01 07:00:00+00:00,6.636,6.664,6.619,6.654,58356.84
2026-07-01 08:00:00+00:00,6.654,6.671,6.617,6.669,90867.97
2026-07-01 09:00:00+00:00,6.668,6.697,6.65,6.686,120617.32
2026-07-01 10:00:00+00:00,6.686,6.695,6.62,6.647,79469.64
2026-07-01 11:00:00+00:00,6.648,6.671,6.629,6.659,47423.6
2026-07-01 12:00:00+00:00,6.66,6.664,6.595,6.609,75014.33
2026-07-01 13:00:00+00:00,6.61,6.663,6.561,6.647,141948.74
2026-07-01 14:00:00+00:00,6.647,6.715,6.633,6.669,112660.03
2026-07-01 15:00:00+00:00,6.67,6.748,6.664,6.73,117179.49
2026-07-01 16:00:00+00:00,6.73,6.758,6.688,6.695,85725.8
2026-07-01 17:00:00+00:00,6.696,6.754,6.667,6.744,66298.77
2026-07-01 18:00:00+00:00,6.745,6.751,6.703,6.722,88191.01
2026-07-01 19:00:00+00:00,6.721,6.735,6.678,6.695,75972.45
2026-07-01 20:00:00+00:00,6.695,6.711,6.672,6.711,60022.54
2026-07-01 21:00:00+00:00,6.712,6.795,6.707,6.781,134231.76
2026-07-01 22:00:00+00:00,6.78,6.814,6.721,6.73,161978.09
2026-07-01 23:00:00+00:00,6.729,6.729,6.663,6.666,81562.5
2026-07-02 00:00:00+00:00,6.667,6.668,6.613,6.643,116271.46
2026-07-02 01:00:00+00:00,6.644,6.729,6.641,6.696,84095.76
2026-07-02 02:00:00+00:00,6.695,6.704,6.669,6.672,66509.39
2026-07-02 03:00:00+00:00,6.672,6.727,6.654,6.716,72422.53
2026-07-02 04:00:00+00:00,6.715,6.731,6.703,6.728,51261.2
2026-07-02 05:00:00+00:00,6.727,6.735,6.683,6.695,62050.53
2026-07-02 06:00:00+00:00,6.694,6.707,6.663,6.672,54250.0
2026-07-02 07:00:00+00:00,6.672,6.689,6.666,6.671,48878.78
2026-07-02 08:00:00+00:00,6.672,6.715,6.666,6.711,53901.48
2026-07-02 09:00:00+00:00,6.711,6.778,6.695,6.764,123051.97
2026-07-02 10:00:00+00:00,6.764,6.797,6.75,6.796,88342.34
2026-07-02 11:00:00+00:00,6.797,6.814,6.764,6.782,113632.22
2026-07-02 12:00:00+00:00,6.781,6.833,6.756,6.819,143052.47
2026-07-02 13:00:00+00:00,6.82,6.88,6.796,6.818,221015.01
2026-07-02 14:00:00+00:00,6.819,6.846,6.74,6.768,186375.75
2026-07-02 15:00:00+00:00,6.768,6.79,6.741,6.777,70010.88
2026-07-02 16:00:00+00:00,6.777,6.784,6.738,6.775,73778.21
2026-07-02 17:00:00+00:00,6.775,6.79,6.736,6.754,42071.08
2026-07-02 18:00:00+00:00,6.754,6.769,6.747,6.757,42485.36
2026-07-02 19:00:00+00:00,6.757,6.763,6.717,6.744,68831.75
2026-07-02 20:00:00+00:00,6.745,6.761,6.723,6.753,66662.68
2026-07-02 21:00:00+00:00,6.754,6.798,6.752,6.787,63081.39
2026-07-02 22:00:00+00:00,6.786,6.823,6.762,6.812,106586.62
2026-07-02 23:00:00+00:00,6.812,6.814,6.788,6.8,66091.02
2026-07-03 00:00:00+00:00,6.801,6.812,6.783,6.789,84627.97
2026-07-03 01:00:00+00:00,6.789,6.868,6.787,6.854,86731.11
2026-07-03 02:00:00+00:00,6.855,6.872,6.824,6.859,84525.09
2026-07-03 03:00:00+00:00,6.858,6.88,6.813,6.85,106217.83
2026-07-03 04:00:00+00:00,6.851,6.854,6.812,6.818,71064.05
2026-07-03 05:00:00+00:00,6.818,6.871,6.812,6.85,67456.61
2026-07-03 06:00:00+00:00,6.85,6.878,6.838,6.855,80752.17
2026-07-03 07:00:00+00:00,6.856,6.861,6.83,6.838,77329.25
2026-07-03 08:00:00+00:00,6.839,6.891,6.826,6.843,138231.74
2026-07-03 09:00:00+00:00,6.842,6.858,6.831,6.838,60278.82
2026-07-03 10:00:00+00:00,6.837,6.908,6.835,6.881,119475.3
2026-07-03 11:00:00+00:00,6.881,6.913,6.873,6.901,46108.7
2026-07-03 12:00:00+00:00,6.9,6.924,6.849,6.872,75324.36
2026-07-03 13:00:00+00:00,6.873,6.878,6.839,6.854,78566.39
2026-07-03 14:00:00+00:00,6.853,6.862,6.807,6.858,60544.44
2026-07-03 15:00:00+00:00,6.859,6.895,6.821,6.83,62618.47
2026-07-03 16:00:00+00:00,6.83,6.835,6.792,6.824,92254.18
2026-07-03 17:00:00+00:00,6.823,6.877,6.816,6.868,63190.76
2026-07-03 18:00:00+00:00,6.869,6.888,6.857,6.875,48373.22
2026-07-03 19:00:00+00:00,6.874,6.937,6.87,6.915,207166.6
2026-07-03 20:00:00+00:00,6.916,7.004,6.912,6.99,138745.16
2026-07-03 21:00:00+00:00,6.99,7.035,6.952,7.002,130280.06
2026-07-03 22:00:00+00:00,7.003,7.004,6.934,6.946,71827.16
2026-07-03 23:00:00+00:00,6.947,6.97,6.92,6.948,57657.95
2026-07-04 00:00:00+00:00,6.949,6.972,6.929,6.932,56926.8
2026-07-04 01:00:00+00:00,6.931,6.931,6.865,6.883,93502.61
2026-07-04 02:00:00+00:00,6.883,6.911,6.872,6.901,40770.6
2026-07-04 03:00:00+00:00,6.902,6.937,6.89,6.933,35433.69
2026-07-04 04:00:00+00:00,6.934,6.949,6.904,6.929,42805.88
2026-07-04 05:00:00+00:00,6.929,6.944,6.897,6.897,43871.45
2026-07-04 06:00:00+00:00,6.897,6.92,6.847,6.867,68381.4
2026-07-04 07:00:00+00:00,6.867,6.877,6.841,6.867,50655.86
2026-07-04 08:00:00+00:00,6.868,6.877,6.851,6.861,31409.69
2026-07-04 09:00:00+00:00,6.862,6.865,6.818,6.824,64937.12
2026-07-04 10:00:00+00:00,6.824,6.849,6.817,6.843,20889.9
2026-07-04 11:00:00+00:00,6.842,6.867,6.835,6.858,24782.35
2026-07-04 12:00:00+00:00,6.858,6.888,6.857,6.887,19036.47
2026-07-04 13:00:00+00:00,6.886,6.918,6.865,6.884,26970.94
2026-07-04 14:00:00+00:00,6.884,6.948,6.884,6.94,53493.73
2026-07-04 15:00:00+00:00,6.94,7.007,6.94,6.987,106877.16
2026-07-04 16:00:00+00:00,6.988,6.997,6.963,6.979,44971.85
2026-07-04 17:00:00+00:00,6.98,7.115,6.941,7.088,145608.48
2026-07-04 18:00:00+00:00,7.088,7.097,7.029,7.048,63896.17
2026-07-04 19:00:00+00:00,7.048,7.061,7.0,7.012,33699.36
2026-07-04 20:00:00+00:00,7.012,7.023,6.976,6.993,46141.39
2026-07-04 21:00:00+00:00,6.994,7.028,6.989,7.018,19982.22
2026-07-04 22:00:00+00:00,7.018,7.025,6.981,6.996,23471.03
2026-07-04 23:00:00+00:00,6.996,6.996,6.919,6.968,52963.18
2026-07-05 00:00:00+00:00,6.967,6.971,6.9,6.918,44524.93
2026-07-05 01:00:00+00:00,6.919,6.933,6.881,6.898,40414.59
2026-07-05 02:00:00+00:00,6.897,6.903,6.803,6.808,96594.86
2026-07-05 03:00:00+00:00,6.808,6.832,6.786,6.806,72170.08
2026-07-05 04:00:00+00:00,6.806,6.819,6.779,6.788,52147.59
2026-07-05 05:00:00+00:00,6.788,6.808,6.763,6.779,57707.31
2026-07-05 06:00:00+00:00,6.779,6.805,6.753,6.8,63571.77
2026-07-05 07:00:00+00:00,6.8,6.83,6.779,6.818,71780.87
2026-07-05 08:00:00+00:00,6.817,6.837,6.809,6.82,45740.53
2026-07-05 09:00:00+00:00,6.82,6.834,6.775,6.787,93095.56
2026-07-05 10:00:00+00:00,6.786,6.872,6.773,6.85,84572.01
2026-07-05 11:00:00+00:00,6.849,6.892,6.843,6.88,46667.16
2026-07-05 12:00:00+00:00,6.88,6.913,6.854,6.881,46712.77
2026-07-05 13:00:00+00:00,6.881,6.913,6.865,6.912,47315.91
2026-07-05 14:00:00+00:00,6.911,6.912,6.877,6.912,39387.35
2026-07-05 15:00:00+00:00,6.911,6.949,6.903,6.928,65494.55
2026-07-05 16:00:00+00:00,6.929,6.943,6.916,6.934,50027.17
2026-07-05 17:00:00+00:00,6.934,6.977,6.916,6.923,54864.55
2026-07-05 18:00:00+00:00,6.922,6.952,6.916,6.929,33339.16
2026-07-05 19:00:00+00:00,6.929,6.943,6.903,6.918,82682.83
2026-07-05 20:00:00+00:00,6.918,6.918,6.895,6.907,69635.95
2026-07-05 21:00:00+00:00,6.907,6.975,6.882,6.958,48193.21
2026-07-05 22:00:00+00:00,6.958,7.008,6.934,6.952,113115.42
2026-07-05 23:00:00+00:00,6.952,6.982,6.919,6.924,46407.99
2026-07-06 00:00:00+00:00,6.925,6.933,6.85,6.909,55953.43
2026-07-06 01:00:00+00:00,6.908,6.954,6.884,6.888,36591.33
2026-07-06 02:00:00+00:00,6.887,6.921,6.864,6.907,37774.41
2026-07-06 03:00:00+00:00,6.906,6.931,6.883,6.918,27615.6
2026-07-06 04:00:00+00:00,6.918,6.967,6.908,6.933,30973.61
2026-07-06 05:00:00+00:00,6.933,6.935,6.832,6.871,55578.51
2026-07-06 06:00:00+00:00,6.871,6.902,6.858,6.887,53184.95
2026-07-06 07:00:00+00:00,6.886,6.956,6.876,6.932,51643.94
2026-07-06 08:00:00+00:00,6.931,6.94,6.855,6.873,63298.08
2026-07-06 09:00:00+00:00,6.873,6.873,6.819,6.827,45407.79
2026-07-06 10:00:00+00:00,6.827,6.864,6.822,6.857,36069.41
2026-07-06 11:00:00+00:00,6.858,6.863,6.818,6.818,33294.28
2026-07-06 12:00:00+00:00,6.818,6.818,6.716,6.744,166335.98
2026-07-06 13:00:00+00:00,6.743,6.811,6.714,6.792,123861.78
2026-07-06 14:00:00+00:00,6.792,6.842,6.776,6.804,138228.99
2026-07-06 15:00:00+00:00,6.804,6.924,6.803,6.919,127649.17
2026-07-06 16:00:00+00:00,6.92,6.99,6.909,6.957,124114.71
2026-07-06 17:00:00+00:00,6.956,6.961,6.896,6.907,43015.68
2026-07-06 18:00:00+00:00,6.906,6.983,6.906,6.956,46252.9
2026-07-06 19:00:00+00:00,6.956,6.993,6.953,6.96,124380.18
2026-07-06 20:00:00+00:00,6.96,6.961,6.891,6.915,217564.34
2026-07-06 21:00:00+00:00,6.915,7.088,6.915,7.01,199979.61
2026-07-06 22:00:00+00:00,7.01,7.021,6.991,6.998,30852.4
2026-07-06 23:00:00+00:00,6.999,7.01,6.922,6.93,32044.0
2026-07-07 00:00:00+00:00,6.929,6.949,6.888,6.9,29299.46
2026-07-07 01:00:00+00:00,6.899,6.899,6.817,6.836,73755.48
2026-07-07 02:00:00+00:00,6.836,6.847,6.8,6.823,63350.45
2026-07-07 03:00:00+00:00,6.823,6.829,6.782,6.804,35237.61
2026-07-07 04:00:00+00:00,6.805,6.805,6.75,6.771,74685.08
2026-07-07 05:00:00+00:00,6.77,6.77,6.698,6.757,116065.16
2026-07-07 06:00:00+00:00,6.757,6.788,6.738,6.777,44728.54
2026-07-07 07:00:00+00:00,6.777,6.818,6.749,6.764,329156.91
2026-07-07 08:00:00+00:00,6.765,6.766,6.736,6.752,59662.84
2026-07-07 09:00:00+00:00,6.751,6.792,6.746,6.782,59006.74
2026-07-07 10:00:00+00:00,6.782,6.802,6.748,6.756,54826.11
2026-07-07 11:00:00+00:00,6.756,6.798,6.743,6.795,29406.15
2026-07-07 12:00:00+00:00,6.795,6.823,6.769,6.771,57090.02
2026-07-07 13:00:00+00:00,6.771,6.783,6.728,6.758,61637.23
2026-07-07 14:00:00+00:00,6.759,6.791,6.65,6.726,146758.38
2026-07-07 15:00:00+00:00,6.725,6.796,6.702,6.77,111111.23
2026-07-07 16:00:00+00:00,6.77,6.809,6.747,6.785,91860.01
2026-07-07 17:00:00+00:00,6.785,6.804,6.769,6.801,40690.23
2026-07-07 18:00:00+00:00,6.802,6.808,6.738,6.745,47645.15
2026-07-07 19:00:00+00:00,6.744,6.769,6.695,6.758,64564.33
2026-07-07 20:00:00+00:00,6.759,6.773,6.728,6.743,44040.24
2026-07-07 21:00:00+00:00,6.744,6.751,6.68,6.688,71254.17
2026-07-07 22:00:00+00:00,6.687,6.725,6.66,6.707,26992.76
2026-07-07 23:00:00+00:00,6.707,6.721,6.685,6.689,18568.28
2026-07-08 00:00:00+00:00,6.689,6.698,6.65,6.669,70467.68
2026-07-08 01:00:00+00:00,6.669,6.674,6.484,6.499,145543.44
2026-07-08 02:00:00+00:00,6.499,6.499,6.351,6.407,309653.74
2026-07-08 03:00:00+00:00,6.408,6.441,6.385,6.394,87400.42
2026-07-08 04:00:00+00:00,6.394,6.416,6.368,6.406,97795.25
2026-07-08 05:00:00+00:00,6.406,6.45,6.398,6.417,61206.64
2026-07-08 06:00:00+00:00,6.417,6.418,6.378,6.403,50963.26
2026-07-08 07:00:00+00:00,6.402,6.458,6.385,6.448,97768.91
2026-07-08 08:00:00+00:00,6.448,6.455,6.317,6.353,204346.45
2026-07-08 09:00:00+00:00,6.354,6.385,6.342,6.373,55548.41
2026-07-08 10:00:00+00:00,6.374,6.441,6.352,6.421,91819.11
2026-07-08 11:00:00+00:00,6.421,6.455,6.401,6.441,103963.53
2026-07-08 12:00:00+00:00,6.441,6.443,6.402,6.402,54122.21
2026-07-08 13:00:00+00:00,6.403,6.476,6.369,6.453,140138.81
2026-07-08 14:00:00+00:00,6.454,6.469,6.377,6.407,91373.12
2026-07-08 15:00:00+00:00,6.408,6.411,6.348,6.382,65809.99
2026-07-08 16:00:00+00:00,6.382,6.438,6.38,6.425,75906.73
2026-07-08 17:00:00+00:00,6.426,6.473,6.421,6.435,43629.78
2026-07-08 18:00:00+00:00,6.434,6.483,6.431,6.462,28638.46
2026-07-08 19:00:00+00:00,6.463,6.472,6.444,6.456,15019.91
2026-07-08 20:00:00+00:00,6.457,6.467,6.431,6.435,24839.55
2026-07-08 21:00:00+00:00,6.436,6.473,6.417,6.457,37459.01
2026-07-08 22:00:00+00:00,6.457,6.471,6.454,6.457,13211.97
2026-07-08 23:00:00+00:00,6.457,6.476,6.45,6.475,18604.45
2026-07-09 00:00:00+00:00,6.474,6.5,6.44,6.449,40727.67
2026-07-09 01:00:00+00:00,6.45,6.547,6.449,6.492,161679.99
2026-07-09 02:00:00+00:00,6.492,6.532,6.442,6.442,130149.4
2026-07-09 03:00:00+00:00,6.442,6.481,6.428,6.465,45575.65
2026-07-09 04:00:00+00:00,6.466,6.531,6.463,6.529,58489.07
2026-07-09 05:00:00+00:00,6.529,6.613,6.517,6.602,122873.92
2026-07-09 06:00:00+00:00,6.601,6.778,6.585,6.77,199962.87
2026-07-09 07:00:00+00:00,6.77,6.813,6.733,6.746,254131.24
2026-07-09 08:00:00+00:00,6.746,6.768,6.724,6.737,109203.78
2026-07-09 09:00:00+00:00,6.736,6.755,6.704,6.727,73272.37
2026-07-09 10:00:00+00:00,6.728,6.738,6.665,6.687,63309.78
2026-07-09 11:00:00+00:00,6.687,6.715,6.676,6.709,62909.35
2026-07-09 12:00:00+00:00,6.71,6.743,6.686,6.726,120650.17
2026-07-09 13:00:00+00:00,6.725,6.784,6.714,6.772,67149.58
2026-07-09 14:00:00+00:00,6.773,6.79,6.714,6.722,72260.46
2026-07-09 15:00:00+00:00,6.722,6.782,6.721,6.753,62903.0
2026-07-09 16:00:00+00:00,6.753,6.765,6.696,6.708,34903.49
2026-07-09 17:00:00+00:00,6.708,6.752,6.703,6.746,34284.43
2026-07-09 18:00:00+00:00,6.747,6.778,6.742,6.742,46435.05
2026-07-09 19:00:00+00:00,6.742,6.752,6.721,6.725,35564.63
2026-07-09 20:00:00+00:00,6.725,6.728,6.686,6.721,51913.3
2026-07-09 21:00:00+00:00,6.722,6.735,6.71,6.723,22337.08
2026-07-09 22:00:00+00:00,6.723,6.731,6.697,6.699,20139.26
2026-07-09 23:00:00+00:00,6.699,6.709,6.679,6.679,23303.06
2026-07-10 00:00:00+00:00,6.679,6.697,6.668,6.685,28994.46
2026-07-10 01:00:00+00:00,6.685,6.815,6.672,6.774,85199.02
2026-07-10 02:00:00+00:00,6.775,6.799,6.771,6.789,45424.4
2026-07-10 03:00:00+00:00,6.788,6.791,6.734,6.779,48517.34
2026-07-10 04:00:00+00:00,6.779,6.808,6.775,6.794,28428.59
2026-07-10 05:00:00+00:00,6.794,6.834,6.785,6.801,37754.86
2026-07-10 06:00:00+00:00,6.801,6.807,6.774,6.782,26714.52
2026-07-10 07:00:00+00:00,6.782,6.784,6.74,6.752,70303.01
2026-07-10 08:00:00+00:00,6.753,6.815,6.752,6.775,63348.4
2026-07-10 09:00:00+00:00,6.774,6.777,6.737,6.756,43136.66
2026-07-10 10:00:00+00:00,6.756,6.788,6.741,6.77,56309.07
2026-07-10 11:00:00+00:00,6.769,6.778,6.743,6.752,30616.29
2026-07-10 12:00:00+00:00,6.751,6.77,6.722,6.733,53549.33
2026-07-10 13:00:00+00:00,6.732,6.786,6.72,6.772,43846.9
2026-07-10 14:00:00+00:00,6.772,6.775,6.649,6.692,155162.67
2026-07-10 15:00:00+00:00,6.692,6.743,6.689,6.743,34086.16
2026-07-10 16:00:00+00:00,6.743,6.772,6.722,6.757,31746.1
2026-07-10 17:00:00+00:00,6.757,6.767,6.735,6.735,14645.54
2026-07-10 18:00:00+00:00,6.736,6.758,6.708,6.718,32348.01
2026-07-10 19:00:00+00:00,6.717,6.768,6.711,6.742,21645.95
2026-07-10 20:00:00+00:00,6.743,6.753,6.73,6.739,20312.55
2026-07-10 21:00:00+00:00,6.74,6.767,6.74,6.757,19768.44
2026-07-10 22:00:00+00:00,6.758,6.767,6.752,6.753,16066.25
2026-07-10 23:00:00+00:00,6.753,6.753,6.737,6.739,13362.21
2026-07-11 00:00:00+00:00,6.74,6.756,6.721,6.734,24675.16
2026-07-11 01:00:00+00:00,6.733,6.75,6.709,6.711,23404.53
2026-07-11 02:00:00+00:00,6.71,6.74,6.707,6.732,23702.91
2026-07-11 03:00:00+00:00,6.731,6.734,6.713,6.725,14877.23
2026-07-11 04:00:00+00:00,6.724,6.738,6.716,6.727,8985.21
2026-07-11 05:00:00+00:00,6.727,6.727,6.702,6.71,28325.87
2026-07-11 06:00:00+00:00,6.709,6.725,6.698,6.709,28269.97
2026-07-11 07:00:00+00:00,6.708,6.721,6.706,6.71,16503.41
2026-07-11 08:00:00+00:00,6.709,6.718,6.696,6.714,17348.92
2026-07-11 09:00:00+00:00,6.715,6.721,6.688,6.697,29276.88
2026-07-11 10:00:00+00:00,6.697,6.728,6.692,6.713,26703.45
2026-07-11 11:00:00+00:00,6.714,6.739,6.71,6.72,27381.47
2026-07-11 12:00:00+00:00,6.719,6.746,6.719,6.736,18748.08
2026-07-11 13:00:00+00:00,6.735,6.748,6.719,6.742,25834.03
2026-07-11 14:00:00+00:00,6.742,6.791,6.74,6.752,42685.24
2026-07-11 15:00:00+00:00,6.752,6.789,6.719,6.752,66333.95
2026-07-11 16:00:00+00:00,6.751,6.752,6.729,6.742,18579.52
2026-07-11 17:00:00+00:00,6.743,6.776,6.734,6.76,13691.68
2026-07-11 18:00:00+00:00,6.759,6.787,6.749,6.764,37734.81
2026-07-11 19:00:00+00:00,6.764,6.771,6.744,6.752,20700.05
2026-07-11 20:00:00+00:00,6.751,6.761,6.749,6.753,9432.17
2026-07-11 21:00:00+00:00,6.753,6.759,6.731,6.736,29569.38
2026-07-11 22:00:00+00:00,6.735,6.736,6.682,6.686,73231.02
2026-07-11 23:00:00+00:00,6.685,6.699,6.542,6.552,228231.24
2026-07-12 00:00:00+00:00,6.551,6.551,6.426,6.454,238232.01
2026-07-12 01:00:00+00:00,6.454,6.518,6.445,6.518,79257.1
2026-07-12 02:00:00+00:00,6.517,6.517,6.491,6.499,59346.85
2026-07-12 03:00:00+00:00,6.499,6.535,6.495,6.527,36705.98
2026-07-12 04:00:00+00:00,6.526,6.541,6.407,6.438,167355.19
2026-07-12 05:00:00+00:00,6.439,6.469,6.434,6.446,76395.53
2026-07-12 06:00:00+00:00,6.446,6.447,6.282,6.345,351476.14
2026-07-12 07:00:00+00:00,6.345,6.402,6.325,6.379,130227.94
2026-07-12 08:00:00+00:00,6.379,6.411,6.371,6.395,72451.88
2026-07-12 09:00:00+00:00,6.396,6.422,6.38,6.414,52518.46
2026-07-12 10:00:00+00:00,6.415,6.416,6.4,6.407,27108.93
2026-07-12 11:00:00+00:00,6.407,6.449,6.377,6.433,38621.28
2026-07-12 12:00:00+00:00,6.432,6.458,6.42,6.438,36574.85
2026-07-12 13:00:00+00:00,6.437,6.458,6.43,6.448,57584.08
2026-07-12 14:00:00+00:00,6.448,6.481,6.429,6.458,36592.68
2026-07-12 15:00:00+00:00,6.459,6.473,6.435,6.441,44073.37
2026-07-12 16:00:00+00:00,6.44,6.445,6.392,6.424,77179.76
2026-07-12 17:00:00+00:00,6.423,6.442,6.401,6.423,34397.37
2026-07-12 18:00:00+00:00,6.423,6.479,6.419,6.478,29175.14
2026-07-12 19:00:00+00:00,6.478,6.48,6.453,6.472,29330.0
2026-07-12 20:00:00+00:00,6.472,6.478,6.45,6.465,27439.17
2026-07-12 21:00:00+00:00,6.465,6.483,6.423,6.429,72225.67
2026-07-12 22:00:00+00:00,6.429,6.429,6.373,6.399,73261.47
2026-07-12 23:00:00+00:00,6.399,6.419,6.386,6.407,30379.48
2026-07-13 00:00:00+00:00,6.407,6.562,6.403,6.462,131589.03
2026-07-13 01:00:00+00:00,6.461,6.47,6.409,6.425,82230.26
2026-07-13 02:00:00+00:00,6.424,6.532,6.407,6.491,75991.78
2026-07-13 03:00:00+00:00,6.49,6.497,6.418,6.49,100771.25
2026-07-13 04:00:00+00:00,6.49,6.519,6.464,6.479,72384.53
2026-07-13 05:00:00+00:00,6.48,6.528,6.456,6.495,83797.87
2026-07-13 06:00:00+00:00,6.496,6.515,6.478,6.49,26359.89
2026-07-13 07:00:00+00:00,6.49,6.516,6.48,6.509,39023.7
2026-07-13 08:00:00+00:00,6.509,6.534,6.492,6.53,39572.64
2026-07-13 09:00:00+00:00,6.531,6.672,6.529,6.638,203530.54
2026-07-13 10:00:00+00:00,6.637,6.672,6.602,6.627,129451.87
2026-07-13 11:00:00+00:00,6.627,6.669,6.621,6.646,91022.95
2026-07-13 12:00:00+00:00,6.646,6.655,6.565,6.605,151479.78
2026-07-13 13:00:00+00:00,6.605,6.683,6.557,6.56,254294.9
2026-07-13 14:00:00+00:00,6.559,6.679,6.531,6.659,236217.68
2026-07-13 15:00:00+00:00,6.659,6.674,6.556,6.563,104035.86
2026-07-13 16:00:00+00:00,6.563,6.585,6.49,6.511,131763.46
2026-07-13 17:00:00+00:00,6.512,6.522,6.427,6.436,84379.82
2026-07-13 18:00:00+00:00,6.437,6.468,6.422,6.443,52591.38
2026-07-13 19:00:00+00:00,6.443,6.487,6.439,6.476,57438.68
2026-07-13 20:00:00+00:00,6.476,6.49,6.43,6.449,44395.87
2026-07-13 21:00:00+00:00,6.449,6.449,6.338,6.398,97174.94
2026-07-13 22:00:00+00:00,6.398,6.431,6.398,6.398,29247.64
2026-07-13 23:00:00+00:00,6.398,6.457,6.381,6.452,36346.1
2026-07-14 00:00:00+00:00,6.452,6.488,6.441,6.482,39129.35
2026-07-14 01:00:00+00:00,6.482,6.502,6.453,6.49,39402.57
2026-07-14 02:00:00+00:00,6.491,6.497,6.451,6.452,31259.55
2026-07-14 03:00:00+00:00,6.453,6.46,6.42,6.443,25909.23
2026-07-14 04:00:00+00:00,6.444,6.477,6.441,6.452,19805.42
2026-07-14 05:00:00+00:00,6.452,6.5,6.445,6.491,34500.75
2026-07-14 06:00:00+00:00,6.491,6.516,6.481,6.508,66191.52
2026-07-14 07:00:00+00:00,6.507,6.512,6.48,6.481,15993.07
2026-07-14 08:00:00+00:00,6.48,6.537,6.479,6.508,26917.3
2026-07-14 09:00:00+00:00,6.508,6.525,6.468,6.474,32843.18
2026-07-14 10:00:00+00:00,6.475,6.495,6.453,6.473,75552.01
2026-07-14 11:00:00+00:00,6.473,6.473,6.439,6.44,45192.14
2026-07-14 12:00:00+00:00,6.44,6.609,6.422,6.592,211021.53
2026-07-14 13:00:00+00:00,6.592,6.67,6.563,6.659,175973.56
2026-07-14 14:00:00+00:00,6.659,6.675,6.605,6.657,199361.11
2026-07-14 15:00:00+00:00,6.657,6.712,6.621,6.656,164685.85
2026-07-14 16:00:00+00:00,6.656,6.685,6.641,6.644,95895.29
2026-07-14 17:00:00+00:00,6.643,6.67,6.604,6.663,62973.29
2026-07-14 18:00:00+00:00,6.662,6.672,6.64,6.669,45771.62
2026-07-14 19:00:00+00:00,6.668,6.688,6.652,6.674,35660.42
2026-07-14 20:00:00+00:00,6.674,6.679,6.637,6.645,30624.63
2026-07-14 21:00:00+00:00,6.644,6.65,6.632,6.637,24857.89
2026-07-14 22:00:00+00:00,6.637,6.698,6.625,6.669,59155.41
2026-07-14 23:00:00+00:00,6.67,6.712,6.649,6.712,44871.63
2026-07-15 00:00:00+00:00,6.713,6.757,6.665,6.678,90550.66
2026-07-15 01:00:00+00:00,6.678,6.69,6.638,6.643,58916.98
2026-07-15 02:00:00+00:00,6.642,6.646,6.609,6.61,30745.69
2026-07-15 03:00:00+00:00,6.61,6.667,6.606,6.658,41400.85
2026-07-15 04:00:00+00:00,6.657,6.672,6.636,6.661,37410.24
2026-07-15 05:00:00+00:00,6.662,6.69,6.635,6.685,24087.79
2026-07-15 06:00:00+00:00,6.686,6.734,6.682,6.684,72824.77
2026-07-15 07:00:00+00:00,6.685,6.685,6.609,6.621,35861.33
2026-07-15 08:00:00+00:00,6.622,6.659,6.614,6.653,49991.48
2026-07-15 09:00:00+00:00,6.652,6.689,6.652,6.663,26357.43
2026-07-15 10:00:00+00:00,6.662,6.683,6.652,6.654,18376.47
2026-07-15 11:00:00+00:00,6.655,6.687,6.653,6.669,31331.55
2026-07-15 12:00:00+00:00,6.669,6.756,6.658,6.746,102937.2
2026-07-15 13:00:00+00:00,6.746,6.773,6.677,6.7,152067.89
2026-07-15 14:00:00+00:00,6.701,6.725,6.667,6.707,83206.38
2026-07-15 15:00:00+00:00,6.706,6.743,6.689,6.728,68113.12
2026-07-15 16:00:00+00:00,6.728,6.741,6.647,6.697,94448.71
2026-07-15 17:00:00+00:00,6.696,6.73,6.693,6.726,61671.09
2026-07-15 18:00:00+00:00,6.726,6.749,6.694,6.697,62871.64
2026-07-15 19:00:00+00:00,6.698,6.712,6.687,6.696,61105.33
2026-07-15 20:00:00+00:00,6.696,6.737,6.692,6.699,33646.9
2026-07-15 21:00:00+00:00,6.699,6.712,6.675,6.684,28355.96
2026-07-15 22:00:00+00:00,6.684,6.717,6.675,6.697,42753.32
2026-07-15 23:00:00+00:00,6.696,6.719,6.69,6.702,19363.54
2026-07-16 00:00:00+00:00,6.701,6.725,6.691,6.714,31846.56
2026-07-16 01:00:00+00:00,6.714,6.724,6.661,6.713,37044.29
2026-07-16 02:00:00+00:00,6.713,6.724,6.697,6.721,14875.09
2026-07-16 03:00:00+00:00,6.72,6.731,6.704,6.712,21121.74
2026-07-16 04:00:00+00:00,6.713,6.721,6.69,6.706,18126.13
2026-07-16 05:00:00+00:00,6.707,6.739,6.702,6.714,42690.46
2026-07-16 06:00:00+00:00,6.714,6.73,6.656,6.683,47981.95
2026-07-16 07:00:00+00:00,6.682,6.684,6.612,6.628,54291.26
2026-07-16 08:00:00+00:00,6.628,6.631,6.546,6.589,180113.14
2026-07-16 09:00:00+00:00,6.59,6.605,6.577,6.581,42649.25
2026-07-16 10:00:00+00:00,6.581,6.609,6.572,6.596,33440.4
2026-07-16 11:00:00+00:00,6.596,6.596,6.559,6.578,59957.73
2026-07-16 12:00:00+00:00,6.578,6.578,6.513,6.536,97681.17
2026-07-16 13:00:00+00:00,6.536,6.632,6.531,6.622,66087.46
2026-07-16 14:00:00+00:00,6.622,6.657,6.607,6.632,48289.61
2026-07-16 15:00:00+00:00,6.632,6.657,6.594,6.628,41305.16
2026-07-16 16:00:00+00:00,6.629,6.64,6.596,6.607,68579.21
2026-07-16 17:00:00+00:00,6.606,6.607,6.523,6.54,78080.77
2026-07-16 18:00:00+00:00,6.54,6.586,6.527,6.58,56867.39
2026-07-16 19:00:00+00:00,6.579,6.608,6.578,6.598,36882.38
2026-07-16 20:00:00+00:00,6.598,6.604,6.58,6.597,20133.6
2026-07-16 21:00:00+00:00,6.597,6.622,6.591,6.602,71377.41
2026-07-16 22:00:00+00:00,6.603,6.632,6.549,6.558,64560.71
2026-07-16 23:00:00+00:00,6.558,6.558,6.481,6.514,81126.65
2026-07-17 00:00:00+00:00,6.514,6.517,6.437,6.502,97264.11
2026-07-17 01:00:00+00:00,6.503,6.525,6.459,6.463,54466.92
2026-07-17 02:00:00+00:00,6.463,6.492,6.444,6.478,64793.81
2026-07-17 03:00:00+00:00,6.478,6.553,6.476,6.528,42282.17
2026-07-17 04:00:00+00:00,6.528,6.532,6.482,6.522,21730.75
2026-07-17 05:00:00+00:00,6.521,6.524,6.442,6.458,77107.12
2026-07-17 06:00:00+00:00,6.457,6.504,6.444,6.5,56779.96
2026-07-17 07:00:00+00:00,6.5,6.5,6.466,6.479,22175.31
2026-07-17 08:00:00+00:00,6.479,6.481,6.423,6.47,29796.94
2026-07-17 09:00:00+00:00,6.47,6.505,6.468,6.501,24742.51
2026-07-17 10:00:00+00:00,6.501,6.51,6.49,6.492,36369.39
2026-07-17 11:00:00+00:00,6.492,6.501,6.483,6.488,22538.19
2026-07-17 12:00:00+00:00,6.488,6.496,6.451,6.454,33363.36
2026-07-17 13:00:00+00:00,6.453,6.474,6.373,6.469,139708.47
2026-07-17 14:00:00+00:00,6.47,6.515,6.458,6.459,53136.7
2026-07-17 15:00:00+00:00,6.458,6.482,6.409,6.482,69098.12
2026-07-17 16:00:00+00:00,6.482,6.582,6.464,6.56,68189.49
2026-07-17 17:00:00+00:00,6.56,6.62,6.56,6.598,106263.78
2026-07-17 18:00:00+00:00,6.598,6.651,6.579,6.624,93726.96
2026-07-17 19:00:00+00:00,6.623,6.623,6.557,6.574,44161.78
2026-07-17 20:00:00+00:00,6.574,6.581,6.546,6.564,27307.54
2026-07-17 21:00:00+00:00,6.563,6.583,6.556,6.571,27781.91
2026-07-17 22:00:00+00:00,6.572,6.579,6.552,6.561,25002.28
2026-07-17 23:00:00+00:00,6.561,6.591,6.541,6.591,17808.49
2026-07-18 00:00:00+00:00,6.59,6.609,6.578,6.591,18563.13
2026-07-18 01:00:00+00:00,6.591,6.637,6.585,6.618,41484.96
2026-07-18 02:00:00+00:00,6.619,6.642,6.616,6.626,23764.27
2026-07-18 03:00:00+00:00,6.627,6.658,6.621,6.644,51675.92
2026-07-18 04:00:00+00:00,6.644,6.664,6.602,6.604,44576.52
2026-07-18 05:00:00+00:00,6.603,6.629,6.591,6.602,31004.06
2026-07-18 06:00:00+00:00,6.603,6.613,6.594,6.61,36710.13
2026-07-18 07:00:00+00:00,6.61,6.635,6.596,6.609,20850.76
2026-07-18 08:00:00+00:00,6.608,6.62,6.572,6.577,41965.11
2026-07-18 09:00:00+00:00,6.577,6.578,6.528,6.545,41197.51
2026-07-18 10:00:00+00:00,6.544,6.555,6.534,6.546,23130.16
2026-07-18 11:00:00+00:00,6.546,6.554,6.538,6.546,15325.92
2026-07-18 12:00:00+00:00,6.546,6.567,6.514,6.548,33470.58
2026-07-18 13:00:00+00:00,6.548,6.551,6.525,6.541,18010.88
2026-07-18 14:00:00+00:00,6.541,6.571,6.54,6.567,29206.78
2026-07-18 15:00:00+00:00,6.568,6.577,6.543,6.543,32126.64
2026-07-18 16:00:00+00:00,6.543,6.561,6.525,6.553,28907.39
2026-07-18 17:00:00+00:00,6.554,6.588,6.53,6.571,29152.1
2026-07-18 18:00:00+00:00,6.571,6.6,6.556,6.567,21542.57
2026-07-18 19:00:00+00:00,6.567,6.579,6.562,6.574,17904.83
2026-07-18 20:00:00+00:00,6.574,6.588,6.565,6.574,25571.58
2026-07-18 21:00:00+00:00,6.574,6.605,6.569,6.576,32483.8
2026-07-18 22:00:00+00:00,6.575,6.594,6.575,6.591,18123.17
2026-07-18 23:00:00+00:00,6.591,6.598,6.57,6.574,9602.15
2026-07-19 00:00:00+00:00,6.573,6.605,6.573,6.578,36135.71
2026-07-19 01:00:00+00:00,6.579,6.588,6.573,6.575,14916.12
2026-07-19 02:00:00+00:00,6.576,6.637,6.576,6.622,26843.58
2026-07-19 03:00:00+00:00,6.622,6.627,6.583,6.585,17470.73
2026-07-19 04:00:00+00:00,6.585,6.588,6.561,6.568,22896.53
2026-07-19 05:00:00+00:00,6.567,6.596,6.564,6.564,24004.85
2026-07-19 06:00:00+00:00,6.563,6.584,6.557,6.583,18776.74
2026-07-19 07:00:00+00:00,6.583,6.583,6.554,6.557,29440.19
2026-07-19 08:00:00+00:00,6.558,6.57,6.545,6.562,20137.44
2026-07-19 09:00:00+00:00,6.563,6.566,6.489,6.497,75366.38
2026-07-19 10:00:00+00:00,6.497,6.539,6.477,6.506,59843.92
2026-07-19 11:00:00+00:00,6.506,6.524,6.476,6.485,44593.98
2026-07-19 12:00:00+00:00,6.486,6.487,6.406,6.433,139936.08
2026-07-19 13:00:00+00:00,6.434,6.447,6.42,6.438,70652.55
2026-07-19 14:00:00+00:00,6.437,6.479,6.434,6.469,61750.93
2026-07-19 15:00:00+00:00,6.47,6.473,6.441,6.455,30079.79
2026-07-19 16:00:00+00:00,6.456,6.466,6.444,6.446,31211.81
2026-07-19 17:00:00+00:00,6.445,6.497,6.413,6.473,42345.1
2026-07-19 18:00:00+00:00,6.474,6.477,6.392,6.41,52409.35
2026-07-19 19:00:00+00:00,6.411,6.437,6.404,6.437,27209.43
2026-07-19 20:00:00+00:00,6.437,6.449,6.434,6.449,27240.21
2026-07-19 21:00:00+00:00,6.45,6.451,6.409,6.417,16526.07
2026-07-19 22:00:00+00:00,6.417,6.49,6.41,6.456,53059.83
2026-07-19 23:00:00+00:00,6.457,6.469,6.424,6.465,35354.38
2026-07-20 00:00:00+00:00,6.466,6.552,6.444,6.486,87695.16
2026-07-20 01:00:00+00:00,6.487,6.574,6.484,6.511,57587.89
2026-07-20 02:00:00+00:00,6.512,6.631,6.511,6.619,105918.47
2026-07-20 03:00:00+00:00,6.62,6.65,6.569,6.599,80852.04
2026-07-20 04:00:00+00:00,6.599,6.602,6.536,6.545,44216.03
2026-07-20 05:00:00+00:00,6.544,6.547,6.457,6.48,61958.11
2026-07-20 06:00:00+00:00,6.48,6.506,6.446,6.471,56928.16
2026-07-20 07:00:00+00:00,6.472,6.549,6.472,6.547,48767.22
2026-07-20 08:00:00+00:00,6.547,6.562,6.492,6.508,56223.15
2026-07-20 09:00:00+00:00,6.509,6.574,6.502,6.556,37428.63
2026-07-20 10:00:00+00:00,6.557,6.574,6.543,6.543,34595.78
2026-07-20 11:00:00+00:00,6.544,6.635,6.541,6.63,57517.46
2026-07-20 12:00:00+00:00,6.628,6.628,6.561,6.564,64818.12
2026-07-20 13:00:00+00:00,6.563,6.609,6.52,6.532,48006.14
2026-07-20 14:00:00+00:00,6.533,6.554,6.48,6.528,79456.89
2026-07-20 15:00:00+00:00,6.528,6.634,6.526,6.612,78149.1
2026-07-20 16:00:00+00:00,6.612,6.62,6.557,6.577,68416.46
2026-07-20 17:00:00+00:00,6.576,6.602,6.566,6.597,29781.94
2026-07-20 18:00:00+00:00,6.598,6.628,6.567,6.57,43979.43
2026-07-20 19:00:00+00:00,6.569,6.574,6.546,6.567,51265.93
2026-07-20 20:00:00+00:00,6.567,6.607,6.557,6.599,20419.35
2026-07-20 21:00:00+00:00,6.598,6.624,6.583,6.584,80052.85
2026-07-20 22:00:00+00:00,6.584,6.587,6.551,6.557,30287.72
2026-07-20 23:00:00+00:00,6.557,6.599,6.554,6.579,29555.22
2026-07-21 00:00:00+00:00,6.579,6.622,6.567,6.615,31464.76
2026-07-21 01:00:00+00:00,6.614,6.632,6.599,6.616,23039.89
2026-07-21 02:00:00+00:00,6.617,6.642,6.59,6.628,37776.16
2026-07-21 03:00:00+00:00,6.628,6.666,6.625,6.642,49955.55
2026-07-21 04:00:00+00:00,6.642,6.65,6.604,6.616,53809.69
2026-07-21 05:00:00+00:00,6.615,6.668,6.615,6.654,27970.95
2026-07-21 06:00:00+00:00,6.654,6.688,6.641,6.675,42809.93
2026-07-21 07:00:00+00:00,6.675,6.684,6.647,6.677,39305.16
2026-07-21 08:00:00+00:00,6.676,6.687,6.655,6.662,50679.94
2026-07-21 09:00:00+00:00,6.661,6.67,6.641,6.658,45813.29
2026-07-21 10:00:00+00:00,6.659,6.669,6.62,6.628,82643.77
2026-07-21 11:00:00+00:00,6.628,6.643,6.615,6.638,32043.71
2026-07-21 12:00:00+00:00,6.639,6.66,6.621,6.65,68495.36
2026-07-21 13:00:00+00:00,6.65,6.655,6.615,6.646,37777.86
2026-07-21 14:00:00+00:00,6.647,6.649,6.578,6.603,96977.6
2026-07-21 15:00:00+00:00,6.602,6.627,6.583,6.62,59361.66
2026-07-21 16:00:00+00:00,6.619,6.641,6.608,6.632,25263.26
2026-07-21 17:00:00+00:00,6.632,6.636,6.581,6.615,67923.53
2026-07-21 18:00:00+00:00,6.615,6.635,6.596,6.61,39045.89
2026-07-21 19:00:00+00:00,6.611,6.628,6.604,6.614,29691.78
2026-07-21 20:00:00+00:00,6.614,6.615,6.578,6.581,28311.28
2026-07-21 21:00:00+00:00,6.581,6.581,6.544,6.566,53069.3
2026-07-21 22:00:00+00:00,6.565,6.567,6.546,6.56,34921.98
2026-07-21 23:00:00+00:00,6.56,6.573,6.524,6.571,33399.4
2026-07-22 00:00:00+00:00,6.572,6.615,6.562,6.613,64802.9
2026-07-22 01:00:00+00:00,6.613,6.613,6.563,6.584,59879.55
2026-07-22 02:00:00+00:00,6.585,6.615,6.573,6.595,19824.38
2026-07-22 03:00:00+00:00,6.595,6.601,6.545,6.549,45547.2
2026-07-22 04:00:00+00:00,6.548,6.583,6.539,6.559,23293.05
2026-07-22 05:00:00+00:00,6.559,6.56,6.478,6.499,78587.75
2026-07-22 06:00:00+00:00,6.5,6.509,6.464,6.509,57630.08
2026-07-22 07:00:00+00:00,6.508,6.51,6.49,6.502,35805.31
2026-07-22 08:00:00+00:00,6.503,6.53,6.499,6.517,44736.43
2026-07-22 09:00:00+00:00,6.517,6.524,6.485,6.51,27692.27
2026-07-22 10:00:00+00:00,6.511,6.531,6.502,6.519,42781.13
2026-07-22 11:00:00+00:00,6.519,6.522,6.502,6.516,30062.49
2026-07-22 12:00:00+00:00,6.517,6.517,6.49,6.509,45863.94
2026-07-22 13:00:00+00:00,6.509,6.565,6.503,6.562,39133.41
2026-07-22 14:00:00+00:00,6.563,6.6,6.535,6.573,26586.74
2026-07-22 15:00:00+00:00,6.573,6.654,6.573,6.637,114419.9
2026-07-22 16:00:00+00:00,6.638,6.657,6.605,6.631,53653.67
2026-07-22 17:00:00+00:00,6.632,6.639,6.607,6.609,69042.52
2026-07-22 18:00:00+00:00,6.61,6.627,6.591,6.611,28018.11
2026-07-22 19:00:00+00:00,6.612,6.617,6.568,6.6,33326.9
2026-07-22 20:00:00+00:00,6.599,6.645,6.592,6.636,74380.39
2026-07-22 21:00:00+00:00,6.636,6.664,6.629,6.644,23064.48
2026-07-22 22:00:00+00:00,6.645,6.649,6.605,6.632,20749.8
2026-07-22 23:00:00+00:00,6.632,6.632,6.576,6.626,27258.56
2026-07-23 00:00:00+00:00,6.626,6.655,6.604,6.631,23779.46
2026-07-23 01:00:00+00:00,6.631,6.637,6.607,6.615,28650.12
2026-07-23 02:00:00+00:00,6.616,6.617,6.57,6.578,20921.23
2026-07-23 03:00:00+00:00,6.578,6.581,6.524,6.531,41319.73
2026-07-23 04:00:00+00:00,6.531,6.566,6.521,6.543,26104.22
2026-07-23 05:00:00+00:00,6.543,6.581,6.533,6.57,18763.01
2026-07-23 06:00:00+00:00,6.57,6.587,6.563,6.584,14386.19
2026-07-23 07:00:00+00:00,6.585,6.586,6.522,6.561,42491.07
2026-07-23 08:00:00+00:00,6.56,6.586,6.551,6.581,9781.85
2026-07-23 09:00:00+00:00,6.581,6.592,6.573,6.577,42359.88
2026-07-23 10:00:00+00:00,6.578,6.598,6.571,6.594,23057.78
2026-07-23 11:00:00+00:00,6.594,6.612,6.581,6.585,31283.69
2026-07-23 12:00:00+00:00,6.585,6.589,6.473,6.512,89625.61
2026-07-23 13:00:00+00:00,6.513,6.513,6.423,6.45,137957.42
2026-07-23 14:00:00+00:00,6.45,6.505,6.433,6.452,44690.51
2026-07-23 15:00:00+00:00,6.453,6.453,6.393,6.451,139305.34
2026-07-23 16:00:00+00:00,6.451,6.451,6.409,6.435,52300.61
2026-07-23 17:00:00+00:00,6.434,6.439,6.304,6.326,177238.71
2026-07-23 18:00:00+00:00,6.326,6.326,6.197,6.275,416522.91
2026-07-23 19:00:00+00:00,6.275,6.298,6.258,6.285,81016.8
2026-07-23 20:00:00+00:00,6.285,6.325,6.282,6.315,60258.03
2026-07-23 21:00:00+00:00,6.315,6.327,6.291,6.304,50040.27
2026-07-23 22:00:00+00:00,6.304,6.314,6.28,6.308,44725.05
2026-07-23 23:00:00+00:00,6.308,6.311,6.26,6.268,47545.47
2026-07-24 00:00:00+00:00,6.268,6.283,6.23,6.269,98088.54
2026-07-24 01:00:00+00:00,6.27,6.289,6.226,6.236,94700.13
2026-07-24 02:00:00+00:00,6.237,6.261,6.212,6.243,75691.15
2026-07-24 03:00:00+00:00,6.244,6.281,6.239,6.27,31854.15
2026-07-24 04:00:00+00:00,6.271,6.283,6.257,6.263,37468.01
2026-07-24 05:00:00+00:00,6.263,6.3,6.246,6.249,124673.83
2026-07-24 06:00:00+00:00,6.25,6.285,6.233,6.261,49470.16
2026-07-24 07:00:00+00:00,6.262,6.32,6.25,6.282,81826.81
2026-07-24 08:00:00+00:00,6.283,6.287,6.238,6.26,49993.12
2026-07-24 09:00:00+00:00,6.26,6.285,6.225,6.275,78250.53
2026-07-24 10:00:00+00:00,6.274,6.282,6.244,6.274,61929.08
2026-07-24 11:00:00+00:00,6.274,6.274,6.237,6.259,51455.35
2026-07-24 12:00:00+00:00,6.258,6.26,6.214,6.219,37242.95
2026-07-24 13:00:00+00:00,6.218,6.221,6.137,6.204,169564.94
2026-07-24 14:00:00+00:00,6.205,6.211,6.161,6.205,70490.09
2026-07-24 15:00:00+00:00,6.205,6.223,6.181,6.202,54258.23
2026-07-24 16:00:00+00:00,6.202,6.21,6.175,6.195,53135.7
2026-07-24 17:00:00+00:00,6.194,6.234,6.181,6.224,73647.21
2026-07-24 18:00:00+00:00,6.223,6.238,6.212,6.224,94948.22
