timestamp,open,high,low,close,volume
2025-07-24 19:00:00+00:00,18.52,18.59,18.33,18.34,109262.07
2025-07-24 20:00:00+00:00,18.34,18.43,18.28,18.41,51710.64
2025-07-24 21:00:00+00:00,18.4,18.42,18.16,18.18,84344.62
2025-07-24 22:00:00+00:00,18.19,18.23,18.05,18.13,80392.49
2025-07-24 23:00:00+00:00,18.13,18.13,17.85,17.91,90640.18
2025-07-25 00:00:00+00:00,17.92,17.92,17.58,17.62,170602.06
2025-07-25 01:00:00+00:00,17.61,17.84,17.49,17.78,175750.42
2025-07-25 02:00:00+00:00,17.78,17.85,17.4,17.47,121383.69
2025-07-25 03:00:00+00:00,17.47,17.61,17.23,17.5,239857.91
2025-07-25 04:00:00+00:00,17.49,17.67,17.29,17.66,272637.46
2025-07-25 05:00:00+00:00,17.66,17.74,17.39,17.48,230350.79
2025-07-25 06:00:00+00:00,17.48,17.6,17.34,17.54,87366.28
2025-07-25 07:00:00+00:00,17.53,17.72,17.29,17.5,174407.43
2025-07-25 08:00:00+00:00,17.5,17.74,17.43,17.6,143730.01
2025-07-25 09:00:00+00:00,17.6,18.09,17.55,18.07,238513.27
2025-07-25 10:00:00+00:00,18.07,18.2,17.98,18.16,135251.48
2025-07-25 11:00:00+00:00,18.16,18.42,18.15,18.32,201035.29
2025-07-25 12:00:00+00:00,18.32,18.49,18.2,18.27,180086.95
2025-07-25 13:00:00+00:00,18.28,18.3,18.02,18.14,125469.66
2025-07-25 14:00:00+00:00,18.15,18.19,17.52,17.54,292581.97
2025-07-25 15:00:00+00:00,17.55,17.73,17.41,17.61,192033.08
2025-07-25 16:00:00+00:00,17.61,17.78,17.45,17.69,184545.74
2025-07-25 17:00:00+00:00,17.69,17.83,17.6,17.62,156468.08
2025-07-25 18:00:00+00:00,17.62,17.79,17.61,17.74,67558.93
2025-07-25 19:00:00+00:00,17.73,17.87,17.66,17.72,83947.5
2025-07-25 20:00:00+00:00,17.72,18.11,17.68,18.08,148004.57
2025-07-25 21:00:00+00:00,18.08,18.28,18.08,18.24,120759.39
2025-07-25 22:00:00+00:00,18.25,18.43,18.2,18.3,217109.54
2025-07-25 23:00:00+00:00,18.3,18.31,18.23,18.28,72978.11
2025-07-26 00:00:00+00:00,18.29,18.32,18.21,18.26,50040.59
2025-07-26 01:00:00+00:00,18.26,18.34,18.18,18.19,66678.68
2025-07-26 02:00:00+00:00,18.19,18.46,18.19,18.39,111678.66
2025-07-26 03:00:00+00:00,18.4,18.42,18.28,18.37,64501.85
2025-07-26 04:00:00+00:00,18.37,18.41,18.32,18.36,65939.56
2025-07-26 05:00:00+00:00,18.36,18.39,18.28,18.35,55900.73
2025-07-26 06:00:00+00:00,18.35,18.36,18.23,18.25,65816.71
2025-07-26 07:00:00+00:00,18.25,18.28,18.2,18.22,62516.21
2025-07-26 08:00:00+00:00,18.23,18.4,18.23,18.32,59000.52
2025-07-26 09:00:00+00:00,18.33,18.4,18.31,18.35,86337.33
2025-07-26 10:00:00+00:00,18.35,18.49,18.34,18.37,88776.13
2025-07-26 11:00:00+00:00,18.37,18.4,18.22,18.25,96255.58
2025-07-26 12:00:00+00:00,18.26,18.33,18.16,18.31,85037.29
2025-07-26 13:00:00+00:00,18.32,18.43,18.27,18.35,46541.88
2025-07-26 14:00:00+00:00,18.36,18.43,18.26,18.32,111873.02
2025-07-26 15:00:00+00:00,18.31,18.45,18.23,18.4,122345.74
2025-07-26 16:00:00+00:00,18.39,18.45,18.3,18.37,74101.0
2025-07-26 17:00:00+00:00,18.36,18.38,18.25,18.28,57293.73
2025-07-26 18:00:00+00:00,18.29,18.5,18.22,18.44,73213.48
2025-07-26 19:00:00+00:00,18.44,18.59,18.43,18.55,81218.1
2025-07-26 20:00:00+00:00,18.56,18.57,18.43,18.44,94298.64
2025-07-26 21:00:00+00:00,18.43,18.46,18.34,18.45,35243.12
2025-07-26 22:00:00+00:00,18.45,18.61,18.35,18.39,118133.89
2025-07-26 23:00:00+00:00,18.38,18.64,18.33,18.41,276612.46
2025-07-27 00:00:00+00:00,18.41,18.5,18.35,18.5,55239.13
2025-07-27 01:00:00+00:00,18.5,18.7,18.44,18.55,133027.7
2025-07-27 02:00:00+00:00,18.54,18.78,18.48,18.74,101994.11
2025-07-27 03:00:00+00:00,18.74,18.76,18.62,18.7,65768.66
2025-07-27 04:00:00+00:00,18.7,18.9,18.66,18.88,118041.44
2025-07-27 05:00:00+00:00,18.88,19.07,18.84,18.94,161829.03
2025-07-27 06:00:00+00:00,18.94,18.95,18.77,18.78,87793.91
2025-07-27 07:00:00+00:00,18.77,18.86,18.73,18.78,123107.04
2025-07-27 08:00:00+00:00,18.79,18.81,18.64,18.7,106860.67
2025-07-27 09:00:00+00:00,18.7,18.7,18.55,18.58,69196.69
2025-07-27 10:00:00+00:00,18.58,19.01,18.57,18.94,177420.29
2025-07-27 11:00:00+00:00,18.95,19.0,18.72,18.75,166813.75
2025-07-27 12:00:00+00:00,18.76,18.92,18.66,18.87,150718.17
2025-07-27 13:00:00+00:00,18.87,18.95,18.74,18.75,80052.42
2025-07-27 14:00:00+00:00,18.74,18.85,18.67,18.74,81057.76
2025-07-27 15:00:00+00:00,18.74,18.86,18.65,18.85,94148.93
2025-07-27 16:00:00+00:00,18.85,19.11,18.85,18.91,284456.66
2025-07-27 17:00:00+00:00,18.91,19.05,18.86,18.97,122860.45
2025-07-27 18:00:00+00:00,18.97,19.11,18.95,19.05,194142.63
2025-07-27 19:00:00+00:00,19.05,19.1,18.98,19.0,58054.32
2025-07-27 20:00:00+00:00,19.01,19.16,18.92,18.97,108623.74
2025-07-27 21:00:00+00:00,18.98,19.09,18.9,19.07,186902.18
2025-07-27 22:00:00+00:00,19.08,19.3,19.07,19.21,108287.3
2025-07-27 23:00:00+00:00,19.21,19.26,19.03,19.24,101962.73
2025-07-28 00:00:00+00:00,19.24,19.4,19.09,19.12,227098.64
2025-07-28 01:00:00+00:00,19.12,19.13,18.92,18.98,111201.45
2025-07-28 02:00:00+00:00,18.98,19.35,18.93,19.19,144650.41
2025-07-28 03:00:00+00:00,19.2,19.24,19.08,19.14,63196.08
2025-07-28 04:00:00+00:00,19.14,19.37,19.04,19.37,140668.74
2025-07-28 05:00:00+00:00,19.36,19.56,19.32,19.49,179461.76
2025-07-28 06:00:00+00:00,19.5,19.55,19.34,19.42,101619.34
2025-07-28 07:00:00+00:00,19.41,19.43,19.19,19.29,130494.3
2025-07-28 08:00:00+00:00,19.29,19.35,19.15,19.25,92452.04
2025-07-28 09:00:00+00:00,19.24,19.3,19.08,19.24,128489.34
2025-07-28 10:00:00+00:00,19.25,19.26,19.09,19.11,98791.27
2025-07-28 11:00:00+00:00,19.11,19.14,18.93,19.08,175509.88
2025-07-28 12:00:00+00:00,19.09,19.12,18.97,18.99,110482.5
2025-07-28 13:00:00+00:00,19.0,19.01,18.7,18.76,244147.27
2025-07-28 14:00:00+00:00,18.76,18.83,18.41,18.48,319257.4
2025-07-28 15:00:00+00:00,18.47,18.59,18.28,18.39,305165.52
2025-07-28 16:00:00+00:00,18.4,18.51,18.31,18.39,109336.79
2025-07-28 17:00:00+00:00,18.4,18.47,18.28,18.32,97783.11
2025-07-28 18:00:00+00:00,18.33,18.37,18.08,18.19,244682.69
2025-07-28 19:00:00+00:00,18.19,18.35,18.09,18.23,179201.34
2025-07-28 20:00:00+00:00,18.22,18.26,18.0,18.13,214849.7
2025-07-28 21:00:00+00:00,18.12,18.27,18.06,18.17,107137.72
2025-07-28 22:00:00+00:00,18.16,18.23,17.97,18.08,128010.63
2025-07-28 23:00:00+00:00,18.09,18.15,17.99,18.12,83029.11
2025-07-29 00:00:00+00:00,18.11,18.31,17.93,18.13,235524.29
2025-07-29 01:00:00+00:00,18.13,18.25,18.03,18.03,80116.74
2025-07-29 02:00:00+00:00,18.04,18.09,17.87,17.94,183329.82
2025-07-29 03:00:00+00:00,17.95,18.29,17.94,18.27,212307.25
2025-07-29 04:00:00+00:00,18.26,18.4,18.1,18.12,173626.45
2025-07-29 05:00:00+00:00,18.12,18.28,18.1,18.28,77417.26
2025-07-29 06:00:00+00:00,18.27,18.4,18.2,18.35,101711.29
2025-07-29 07:00:00+00:00,18.36,18.6,18.33,18.58,142860.73
2025-07-29 08:00:00+00:00,18.58,18.64,18.4,18.43,147224.1
2025-07-29 09:00:00+00:00,18.44,18.45,18.3,18.31,94035.89
2025-07-29 10:00:00+00:00,18.31,18.33,18.0,18.03,152815.0
2025-07-29 11:00:00+00:00,18.02,18.15,18.01,18.14,110009.61
2025-07-29 12:00:00+00:00,18.14,18.34,18.09,18.27,125290.33
2025-07-29 13:00:00+00:00,18.26,18.35,18.0,18.05,156083.41
2025-07-29 14:00:00+00:00,18.06,18.06,17.65,17.76,367052.67
2025-07-29 15:00:00+00:00,17.75,17.81,17.6,17.68,184252.98
2025-07-29 16:00:00+00:00,17.69,17.74,17.47,17.73,284861.89
2025-07-29 17:00:00+00:00,17.74,17.92,17.7,17.81,122436.62
2025-07-29 18:00:00+00:00,17.8,17.85,17.71,17.76,119867.44
2025-07-29 19:00:00+00:00,17.76,17.89,17.62,17.7,268388.68
2025-07-29 20:00:00+00:00,17.7,17.82,17.55,17.68,187804.15
2025-07-29 21:00:00+00:00,17.69,17.89,17.61,17.84,89916.42
2025-07-29 22:00:00+00:00,17.84,17.87,17.7,17.82,80933.05
2025-07-29 23:00:00+00:00,17.82,17.86,17.76,17.83,104666.5
2025-07-30 00:00:00+00:00,17.84,17.84,17.65,17.75,117929.71
2025-07-30 01:00:00+00:00,17.76,17.94,17.62,17.84,77192.66
2025-07-30 02:00:00+00:00,17.84,17.95,17.8,17.88,78187.72
2025-07-30 03:00:00+00:00,17.87,17.91,17.83,17.83,120974.04
2025-07-30 04:00:00+00:00,17.84,17.89,17.69,17.72,77071.6
2025-07-30 05:00:00+00:00,17.71,17.82,17.61,17.77,80200.37
2025-07-30 06:00:00+00:00,17.77,17.83,17.71,17.78,59129.52
2025-07-30 07:00:00+00:00,17.78,17.88,17.65,17.7,112726.93
2025-07-30 08:00:00+00:00,17.7,17.82,17.62,17.72,91060.57
2025-07-30 09:00:00+00:00,17.73,17.74,17.51,17.55,127916.05
2025-07-30 10:00:00+00:00,17.55,17.65,17.41,17.44,74158.92
2025-07-30 11:00:00+00:00,17.45,17.54,17.22,17.3,251264.25
2025-07-30 12:00:00+00:00,17.31,17.44,17.2,17.37,171417.9
2025-07-30 13:00:00+00:00,17.37,17.45,17.25,17.4,177096.78
2025-07-30 14:00:00+00:00,17.4,17.72,17.33,17.66,154430.64
2025-07-30 15:00:00+00:00,17.67,17.7,17.49,17.59,86701.45
2025-07-30 16:00:00+00:00,17.6,17.72,17.53,17.64,90905.5
2025-07-30 17:00:00+00:00,17.65,17.74,17.61,17.72,49410.58
2025-07-30 18:00:00+00:00,17.72,17.79,17.27,17.28,288623.9
2025-07-30 19:00:00+00:00,17.28,17.5,16.77,17.47,854186.16
2025-07-30 20:00:00+00:00,17.47,17.65,17.46,17.54,92327.32
2025-07-30 21:00:00+00:00,17.54,17.61,17.35,17.48,197520.03
2025-07-30 22:00:00+00:00,17.47,17.55,17.42,17.53,52391.74
2025-07-30 23:00:00+00:00,17.53,17.78,17.53,17.71,177029.55
2025-07-31 00:00:00+00:00,17.72,17.88,17.64,17.85,109921.81
2025-07-31 01:00:00+00:00,17.85,17.9,17.78,17.83,50354.04
2025-07-31 02:00:00+00:00,17.84,17.99,17.8,17.98,46830.38
2025-07-31 03:00:00+00:00,17.98,18.11,17.95,18.06,251200.16
2025-07-31 04:00:00+00:00,18.06,18.08,17.94,18.05,109963.26
2025-07-31 05:00:00+00:00,18.05,18.09,18.0,18.0,55279.87
2025-07-31 06:00:00+00:00,18.0,18.12,17.96,18.1,65122.86
2025-07-31 07:00:00+00:00,18.1,18.1,18.01,18.03,54792.77
2025-07-31 08:00:00+00:00,18.03,18.18,18.02,18.18,80614.2
2025-07-31 09:00:00+00:00,18.18,18.24,18.11,18.19,95408.48
2025-07-31 10:00:00+00:00,18.19,18.21,18.1,18.11,135758.43
2025-07-31 11:00:00+00:00,18.11,18.13,17.92,17.98,87807.41
2025-07-31 12:00:00+00:00,17.98,18.01,17.81,17.89,122602.04
2025-07-31 13:00:00+00:00,17.89,17.9,17.55,17.63,203025.29
2025-07-31 14:00:00+00:00,17.64,17.67,17.3,17.38,278381.65
2025-07-31 15:00:00+00:00,17.37,17.55,17.34,17.53,120653.96
2025-07-31 16:00:00+00:00,17.52,17.86,17.5,17.74,150824.37
2025-07-31 17:00:00+00:00,17.75,17.75,17.36,17.43,181025.92
2025-07-31 18:00:00+00:00,17.43,17.51,17.26,17.43,154178.36
2025-07-31 19:00:00+00:00,17.43,17.45,17.16,17.22,292080.54
2025-07-31 20:00:00+00:00,17.23,17.29,17.11,17.16,186882.97
2025-07-31 21:00:00+00:00,17.16,17.29,16.98,17.14,230647.18
2025-07-31 22:00:00+00:00,17.13,17.14,16.89,16.94,181013.51
2025-07-31 23:00:00+00:00,16.94,17.09,16.84,16.92,272333.96
2025-08-01 00:00:00+00:00,16.93,16.95,16.44,16.81,574986.51
2025-08-01 01:00:00+00:00,16.81,16.91,16.57,16.81,345507.95
2025-08-01 02:00:00+00:00,16.8,16.98,16.75,16.93,89998.9
2025-08-01 03:00:00+00:00,16.93,17.03,16.84,16.87,137972.15
2025-08-01 04:00:00+00:00,16.86,16.86,16.7,16.71,192085.96
2025-08-01 05:00:00+00:00,16.72,16.77,16.56,16.65,126923.58
2025-08-01 06:00:00+00:00,16.64,16.8,16.5,16.66,390132.85
2025-08-01 07:00:00+00:00,16.65,16.71,16.51,16.64,125503.47
2025-08-01 08:00:00+00:00,16.63,16.63,16.28,16.43,381463.01
2025-08-01 09:00:00+00:00,16.42,16.63,16.38,16.39,240151.28
2025-08-01 10:00:00+00:00,16.39,16.54,16.38,16.49,175667.32
2025-08-01 11:00:00+00:00,16.49,16.62,16.39,16.61,89052.71
2025-08-01 12:00:00+00:00,16.61,16.8,16.54,16.68,214070.51
2025-08-01 13:00:00+00:00,16.68,16.79,16.18,16.29,430141.53
2025-08-01 14:00:00+00:00,16.28,16.75,16.16,16.66,349394.24
2025-08-01 15:00:00+00:00,16.67,16.69,16.43,16.64,170126.86
2025-08-01 16:00:00+00:00,16.63,16.75,16.38,16.43,223658.64
2025-08-01 17:00:00+00:00,16.43,16.5,16.25,16.29,392314.4
2025-08-01 18:00:00+00:00,16.3,16.45,16.16,16.31,345716.66
2025-08-01 19:00:00+00:00,16.3,16.46,16.24,16.38,174165.7
2025-08-01 20:00:00+00:00,16.37,16.43,16.06,16.3,283916.01
2025-08-01 21:00:00+00:00,16.3,16.4,16.24,16.26,106227.53
2025-08-01 22:00:00+00:00,16.26,16.27,15.67,15.87,698088.95
2025-08-01 23:00:00+00:00,15.87,16.14,15.83,16.07,353279.58
2025-08-02 00:00:00+00:00,16.07,16.23,16.04,16.2,376550.25
2025-08-02 01:00:00+00:00,16.21,16.24,16.07,16.19,110919.34
2025-08-02 02:00:00+00:00,16.19,16.27,16.17,16.2,151228.52
2025-08-02 03:00:00+00:00,16.21,16.25,16.16,16.2,56133.36
2025-08-02 04:00:00+00:00,16.2,16.25,16.13,16.23,70104.71
2025-08-02 05:00:00+00:00,16.24,16.24,16.14,16.16,55733.15
2025-08-02 06:00:00+00:00,16.15,16.16,15.78,15.89,200039.2
2025-08-02 07:00:00+00:00,15.9,16.15,15.79,16.14,114794.24
2025-08-02 08:00:00+00:00,16.14,16.18,15.92,15.94,90297.28
2025-08-02 09:00:00+00:00,15.94,16.01,15.79,15.96,188804.74
2025-08-02 10:00:00+00:00,15.95,15.97,15.83,15.96,71275.61
2025-08-02 11:00:00+00:00,15.96,16.09,15.87,16.03,49306.18
2025-08-02 12:00:00+00:00,16.03,16.05,15.91,16.03,50258.21
2025-08-02 13:00:00+00:00,16.03,16.09,15.94,16.04,99460.78
2025-08-02 14:00:00+00:00,16.05,16.06,15.76,15.84,108205.35
2025-08-02 15:00:00+00:00,15.83,15.99,15.73,15.79,103246.0
2025-08-02 16:00:00+00:00,15.79,15.92,15.65,15.84,152278.39
2025-08-02 17:00:00+00:00,15.85,15.93,15.55,15.63,224282.01
2025-08-02 18:00:00+00:00,15.63,15.69,15.43,15.49,312154.66
2025-08-02 19:00:00+00:00,15.5,15.79,15.44,15.58,175296.49
2025-08-02 20:00:00+00:00,15.59,15.73,15.56,15.73,93342.8
2025-08-02 21:00:00+00:00,15.72,15.81,15.64,15.72,68573.14
2025-08-02 22:00:00+00:00,15.72,15.79,15.59,15.75,42425.22
2025-08-02 23:00:00+00:00,15.75,15.77,15.52,15.65,58684.66
2025-08-03 00:00:00+00:00,15.64,15.8,15.44,15.78,123688.91
2025-08-03 01:00:00+00:00,15.78,15.83,15.72,15.77,89421.42
2025-08-03 02:00:00+00:00,15.77,15.9,15.77,15.9,53810.4
2025-08-03 03:00:00+00:00,15.89,15.93,15.85,15.9,55522.25
2025-08-03 04:00:00+00:00,15.9,15.92,15.82,15.89,39543.39
2025-08-03 05:00:00+00:00,15.9,15.97,15.89,15.94,91546.07
2025-08-03 06:00:00+00:00,15.95,15.96,15.88,15.94,23183.32
2025-08-03 07:00:00+00:00,15.94,16.03,15.94,16.02,90279.86
2025-08-03 08:00:00+00:00,16.02,16.08,16.0,16.07,46711.56
2025-08-03 09:00:00+00:00,16.07,16.08,16.01,16.07,28261.26
2025-08-03 10:00:00+00:00,16.07,16.14,16.05,16.12,90343.61
2025-08-03 11:00:00+00:00,16.13,16.24,16.12,16.17,97305.85
2025-08-03 12:00:00+00:00,16.17,16.22,16.1,16.18,89012.03
2025-08-03 13:00:00+00:00,16.18,16.22,16.13,16.18,70429.52
2025-08-03 14:00:00+00:00,16.19,16.21,16.08,16.16,78019.77
2025-08-03 15:00:00+00:00,16.15,16.24,16.1,16.23,65735.99
2025-08-03 16:00:00+00:00,16.23,16.32,16.18,16.31,78390.57
2025-08-03 17:00:00+00:00,16.31,16.35,16.21,16.27,47513.83
2025-08-03 18:00:00+00:00,16.27,16.3,16.2,16.28,47473.77
2025-08-03 19:00:00+00:00,16.28,16.35,16.24,16.27,44834.86
2025-08-03 20:00:00+00:00,16.27,16.28,16.2,16.26,58221.96
2025-08-03 21:00:00+00:00,16.26,16.32,16.24,16.32,54791.48
2025-08-03 22:00:00+00:00,16.32,16.36,16.22,16.3,65392.26
2025-08-03 23:00:00+00:00,16.31,16.4,16.27,16.3,50406.33
2025-08-04 00:00:00+00:00,16.3,16.63,16.27,16.62,103233.53
2025-08-04 01:00:00+00:00,16.62,16.66,16.45,16.47,112101.01
2025-08-04 02:00:00+00:00,16.46,16.64,16.39,16.64,68501.06
2025-08-04 03:00:00+00:00,16.64,16.65,16.53,16.59,53369.16
2025-08-04 04:00:00+00:00,16.59,16.67,16.53,16.55,65652.3
2025-08-04 05:00:00+00:00,16.55,16.56,16.45,16.52,36625.98
2025-08-04 06:00:00+00:00,16.52,16.61,16.43,16.6,77366.73
2025-08-04 07:00:00+00:00,16.59,16.67,16.53,16.63,83761.7
2025-08-04 08:00:00+00:00,16.63,16.7,16.57,16.63,83813.18
2025-08-04 09:00:00+00:00,16.64,16.69,16.57,16.58,35523.57
2025-08-04 10:00:00+00:00,16.58,16.75,16.55,16.65,126328.23
2025-08-04 11:00:00+00:00,16.65,16.67,16.56,16.59,52641.53
2025-08-04 12:00:00+00:00,16.58,16.69,16.54,16.64,125844.2
2025-08-04 13:00:00+00:00,16.64,16.85,16.54,16.83,238099.03
2025-08-04 14:00:00+00:00,16.82,16.94,16.68,16.72,323467.39
2025-08-04 15:00:00+00:00,16.72,16.96,16.7,16.93,222299.95
2025-08-04 16:00:00+00:00,16.92,17.11,16.92,17.08,157345.91
2025-08-04 17:00:00+00:00,17.09,17.2,16.96,17.0,236820.6
2025-08-04 18:00:00+00:00,17.0,17.02,16.89,16.9,66516.92
2025-08-04 19:00:00+00:00,16.89,16.92,16.81,16.85,182685.18
2025-08-04 20:00:00+00:00,16.85,17.01,16.82,16.99,69433.02
2025-08-04 21:00:00+00:00,16.99,17.15,16.99,17.07,63556.16
2025-08-04 22:00:00+00:00,17.08,17.17,17.05,17.17,62881.75
2025-08-04 23:00:00+00:00,17.16,17.17,17.06,17.11,54068.73
2025-08-05 00:00:00+00:00,17.12,17.12,17.01,17.04,71496.06
2025-08-05 01:00:00+00:00,17.04,17.11,16.91,16.93,93858.32
2025-08-05 02:00:00+00:00,16.93,16.98,16.91,16.95,66852.32
2025-08-05 03:00:00+00:00,16.96,16.96,16.76,16.79,106448.81
2025-08-05 04:00:00+00:00,16.78,16.83,16.7,16.73,87139.83
2025-08-05 05:00:00+00:00,16.73,16.87,16.72,16.84,49672.45
2025-08-05 06:00:00+00:00,16.85,16.91,16.65,16.71,73142.39
2025-08-05 07:00:00+00:00,16.7,16.71,16.44,16.51,243354.62
2025-08-05 08:00:00+00:00,16.5,16.59,16.45,16.56,119513.36
2025-08-05 09:00:00+00:00,16.57,16.83,16.56,16.81,132815.75
2025-08-05 10:00:00+00:00,16.81,16.98,16.77,16.89,343029.99
2025-08-05 11:00:00+00:00,16.9,16.94,16.84,16.87,70867.01
2025-08-05 12:00:00+00:00,16.87,16.9,16.53,16.64,164961.95
2025-08-05 13:00:00+00:00,16.64,16.75,16.59,16.69,135299.36
2025-08-05 14:00:00+00:00,16.69,16.71,16.31,16.37,644855.81
2025-08-05 15:00:00+00:00,16.36,16.48,16.2,16.27,175887.38
2025-08-05 16:00:00+00:00,16.26,16.44,16.24,16.32,95608.73
2025-08-05 17:00:00+00:00,16.33,16.45,16.3,16.43,54329.29
2025-08-05 18:00:00+00:00,16.43,16.43,16.25,16.36,42723.73
2025-08-05 19:00:00+00:00,16.36,16.42,16.21,16.27,35060.45
2025-08-05 20:00:00+00:00,16.27,16.41,16.27,16.29,42539.94
2025-08-05 21:00:00+00:00,16.28,16.36,16.16,16.19,67951.37
2025-08-05 22:00:00+00:00,16.19,16.34,16.08,16.33,84480.38
2025-08-05 23:00:00+00:00,16.33,16.43,16.31,16.38,44276.18
2025-08-06 00:00:00+00:00,16.39,16.39,16.18,16.22,46878.3
2025-08-06 01:00:00+00:00,16.21,16.24,16.12,16.24,61100.99
2025-08-06 02:00:00+00:00,16.23,16.23,16.11,16.17,23677.5
2025-08-06 03:00:00+00:00,16.18,16.19,16.05,16.11,44627.28
2025-08-06 04:00:00+00:00,16.11,16.16,16.03,16.13,40196.2
2025-08-06 05:00:00+00:00,16.13,16.52,16.09,16.41,167917.54
2025-08-06 06:00:00+00:00,16.42,16.48,16.3,16.44,71127.1
2025-08-06 07:00:00+00:00,16.44,16.53,16.4,16.52,53387.58
2025-08-06 08:00:00+00:00,16.51,16.54,16.32,16.37,38431.26
2025-08-06 09:00:00+00:00,16.37,16.51,16.33,16.43,82082.19
2025-08-06 10:00:00+00:00,16.43,16.46,16.33,16.39,67462.15
2025-08-06 11:00:00+00:00,16.39,16.51,16.35,16.4,72524.34
2025-08-06 12:00:00+00:00,16.4,16.44,16.24,16.29,64441.87
2025-08-06 13:00:00+00:00,16.3,16.47,16.28,16.43,159656.13
2025-08-06 14:00:00+00:00,16.43,16.67,16.36,16.67,167897.67
2025-08-06 15:00:00+00:00,16.66,16.81,16.57,16.77,105060.41
2025-08-06 16:00:00+00:00,16.78,16.83,16.62,16.66,102931.61
2025-08-06 17:00:00+00:00,16.66,16.82,16.61,16.79,60862.97
2025-08-06 18:00:00+00:00,16.8,16.91,16.78,16.79,52261.71
2025-08-06 19:00:00+00:00,16.79,16.84,16.72,16.79,25294.0
2025-08-06 20:00:00+00:00,16.79,16.8,16.67,16.73,67870.31
2025-08-06 21:00:00+00:00,16.74,16.79,16.69,16.75,34066.45
2025-08-06 22:00:00+00:00,16.75,16.76,16.7,16.74,205743.46
2025-08-06 23:00:00+00:00,16.73,16.74,16.66,16.67,28530.65
2025-08-07 00:00:00+00:00,16.67,16.72,16.61,16.67,32118.58
2025-08-07 01:00:00+00:00,16.66,16.81,16.6,16.64,123520.19
2025-08-07 02:00:00+00:00,16.63,16.69,16.6,16.62,48580.52
2025-08-07 03:00:00+00:00,16.62,16.65,16.57,16.61,39288.03
2025-08-07 04:00:00+00:00,16.6,16.71,16.59,16.63,29709.23
2025-08-07 05:00:00+00:00,16.64,16.74,16.6,16.74,63061.07
2025-08-07 06:00:00+00:00,16.73,16.82,16.72,16.75,194560.88
2025-08-07 07:00:00+00:00,16.75,16.85,16.74,16.83,243453.88
2025-08-07 08:00:00+00:00,16.83,16.91,16.81,16.83,49562.39
2025-08-07 09:00:00+00:00,16.84,16.9,16.81,16.89,30880.82
2025-08-07 10:00:00+00:00,16.89,17.35,16.87,17.3,412263.3
2025-08-07 11:00:00+00:00,17.3,17.42,17.29,17.35,171312.88
2025-08-07 12:00:00+00:00,17.35,17.65,17.3,17.65,253268.02
2025-08-07 13:00:00+00:00,17.64,18.11,17.54,17.9,1226956.84
2025-08-07 14:00:00+00:00,17.89,17.91,17.58,17.6,538497.51
2025-08-07 15:00:00+00:00,17.61,17.85,17.52,17.84,220463.51
2025-08-07 16:00:00+00:00,17.84,18.06,17.62,17.95,460055.13
2025-08-07 17:00:00+00:00,17.95,18.06,17.78,17.98,266951.11
2025-08-07 18:00:00+00:00,17.97,18.0,17.87,17.98,106358.25
2025-08-07 19:00:00+00:00,17.98,18.3,17.95,18.29,247090.88
2025-08-07 20:00:00+00:00,18.3,18.5,18.18,18.48,208101.24
2025-08-07 21:00:00+00:00,18.48,18.5,18.22,18.32,300720.99
2025-08-07 22:00:00+00:00,18.33,18.49,18.27,18.47,169087.66
2025-08-07 23:00:00+00:00,18.48,18.5,18.34,18.48,135887.69
2025-08-08 00:00:00+00:00,18.47,18.68,18.11,18.29,728770.08
2025-08-08 01:00:00+00:00,18.29,18.54,18.08,18.44,813579.05
2025-08-08 02:00:00+00:00,18.44,18.8,18.32,18.79,606733.24
2025-08-08 03:00:00+00:00,18.79,19.21,18.75,19.21,664238.19
2025-08-08 04:00:00+00:00,19.2,19.2,18.93,18.93,186654.63
2025-08-08 05:00:00+00:00,18.94,18.95,18.76,18.82,196543.1
2025-08-08 06:00:00+00:00,18.82,19.27,18.81,19.23,201583.34
2025-08-08 07:00:00+00:00,19.23,19.43,19.04,19.33,277044.37
2025-08-08 08:00:00+00:00,19.33,19.49,19.15,19.19,274568.17
2025-08-08 09:00:00+00:00,19.19,19.43,19.15,19.34,260295.89
2025-08-08 10:00:00+00:00,19.33,19.43,19.28,19.37,138032.16
2025-08-08 11:00:00+00:00,19.37,19.52,19.28,19.5,194632.04
2025-08-08 12:00:00+00:00,19.5,19.5,19.23,19.31,176079.93
2025-08-08 13:00:00+00:00,19.3,19.81,19.24,19.8,424764.7
2025-08-08 14:00:00+00:00,19.8,19.92,19.35,19.44,658061.61
2025-08-08 15:00:00+00:00,19.45,19.45,19.06,19.21,268005.42
2025-08-08 16:00:00+00:00,19.21,19.35,19.07,19.12,281632.99
2025-08-08 17:00:00+00:00,19.11,19.49,19.1,19.49,371462.1
2025-08-08 18:00:00+00:00,19.48,19.58,19.45,19.56,201558.42
2025-08-08 19:00:00+00:00,19.57,19.76,19.48,19.75,133371.81
2025-08-08 20:00:00+00:00,19.75,19.76,19.53,19.67,109468.0
2025-08-08 21:00:00+00:00,19.66,19.72,19.55,19.71,76008.2
2025-08-08 22:00:00+00:00,19.71,19.88,19.66,19.88,137956.57
2025-08-08 23:00:00+00:00,19.87,19.98,19.76,19.89,282516.62
2025-08-09 00:00:00+00:00,19.89,19.97,19.78,19.96,194048.44
2025-08-09 01:00:00+00:00,19.96,20.38,19.88,20.33,492224.64
2025-08-09 02:00:00+00:00,20.33,20.69,20.31,20.6,682374.25
2025-08-09 03:00:00+00:00,20.6,20.95,20.5,20.88,540443.36
2025-08-09 04:00:00+00:00,20.87,21.09,20.7,21.0,413102.01
2025-08-09 05:00:00+00:00,21.01,21.47,20.91,21.24,581971.37
2025-08-09 06:00:00+00:00,21.25,21.27,20.8,20.84,488599.22
2025-08-09 07:00:00+00:00,20.84,20.98,20.67,20.8,313679.21
2025-08-09 08:00:00+00:00,20.8,20.93,20.7,20.76,206818.8
2025-08-09 09:00:00+00:00,20.77,21.07,20.73,21.06,228777.34
2025-08-09 10:00:00+00:00,21.05,21.19,20.94,20.95,275173.69
2025-08-09 11:00:00+00:00,20.94,21.02,20.81,20.89,143133.81
2025-08-09 12:00:00+00:00,20.88,21.12,20.83,20.99,246243.4
2025-08-09 13:00:00+00:00,20.99,21.3,20.88,21.01,348065.77
2025-08-09 14:00:00+00:00,21.02,21.42,20.9,21.36,379432.8
2025-08-09 15:00:00+00:00,21.35,21.37,21.02,21.07,252273.27
2025-08-09 16:00:00+00:00,21.07,21.27,21.06,21.15,154456.86
2025-08-09 17:00:00+00:00,21.15,21.27,21.08,21.19,158280.3
2025-08-09 18:00:00+00:00,21.18,21.3,21.1,21.26,171319.02
2025-08-09 19:00:00+00:00,21.26,21.45,21.21,21.22,206839.56
2025-08-09 20:00:00+00:00,21.23,21.49,21.21,21.46,177328.61
2025-08-09 21:00:00+00:00,21.46,21.49,21.13,21.38,216720.4
2025-08-09 22:00:00+00:00,21.37,21.76,21.3,21.61,274959.26
2025-08-09 23:00:00+00:00,21.61,21.99,21.49,21.94,417149.58
2025-08-10 00:00:00+00:00,21.95,22.21,21.43,21.88,716033.59
2025-08-10 01:00:00+00:00,21.89,21.96,21.52,21.68,250736.8
2025-08-10 02:00:00+00:00,21.68,21.76,21.26,21.38,212645.13
2025-08-10 03:00:00+00:00,21.38,21.52,21.24,21.5,220923.47
2025-08-10 04:00:00+00:00,21.5,22.13,21.38,22.12,343562.78
2025-08-10 05:00:00+00:00,22.11,22.49,21.84,21.9,613454.09
2025-08-10 06:00:00+00:00,21.91,22.68,21.7,22.6,623280.54
2025-08-10 07:00:00+00:00,22.6,22.7,21.82,21.89,636435.29
2025-08-10 08:00:00+00:00,21.89,22.26,21.55,22.03,490825.26
2025-08-10 09:00:00+00:00,22.04,22.3,21.87,22.09,308812.55
2025-08-10 10:00:00+00:00,22.1,22.1,21.67,21.7,246098.33
2025-08-10 11:00:00+00:00,21.7,21.85,21.53,21.57,255622.2
2025-08-10 12:00:00+00:00,21.57,21.62,21.33,21.59,308915.77
2025-08-10 13:00:00+00:00,21.6,21.65,21.22,21.23,260189.92
2025-08-10 14:00:00+00:00,21.24,22.26,21.15,22.16,681852.95
2025-08-10 15:00:00+00:00,22.16,22.54,22.0,22.49,629988.89
2025-08-10 16:00:00+00:00,22.5,22.67,22.25,22.36,400383.72
2025-08-10 17:00:00+00:00,22.36,22.49,22.01,22.07,449686.56
2025-08-10 18:00:00+00:00,22.07,22.25,22.01,22.23,196678.76
2025-08-10 19:00:00+00:00,22.22,22.33,22.1,22.14,152284.35
2025-08-10 20:00:00+00:00,22.14,22.19,21.88,21.95,177946.86
2025-08-10 21:00:00+00:00,21.95,22.0,21.78,21.98,129617.34
2025-08-10 22:00:00+00:00,21.99,22.17,21.85,22.06,254849.38
2025-08-10 23:00:00+00:00,22.07,22.23,22.04,22.06,94748.03
2025-08-11 00:00:00+00:00,22.07,22.08,21.84,21.89,258139.85
2025-08-11 01:00:00+00:00,21.88,22.44,21.81,22.09,369346.76
2025-08-11 02:00:00+00:00,22.08,22.37,22.06,22.31,405204.09
2025-08-11 03:00:00+00:00,22.31,22.35,22.07,22.32,267212.2
2025-08-11 04:00:00+00:00,22.33,22.61,22.29,22.31,387884.12
2025-08-11 05:00:00+00:00,22.32,22.47,22.08,22.17,307031.31
2025-08-11 06:00:00+00:00,22.17,22.36,22.1,22.23,227791.3
2025-08-11 07:00:00+00:00,22.22,22.28,21.89,21.95,246902.12
2025-08-11 08:00:00+00:00,21.96,22.08,21.86,21.95,203779.3
2025-08-11 09:00:00+00:00,21.94,21.99,21.67,21.71,293342.54
2025-08-11 10:00:00+00:00,21.71,21.75,21.55,21.57,209222.93
2025-08-11 11:00:00+00:00,21.57,21.61,21.19,21.28,446826.45
2025-08-11 12:00:00+00:00,21.29,21.44,21.19,21.37,361603.32
2025-08-11 13:00:00+00:00,21.38,22.0,21.28,21.8,744100.13
2025-08-11 14:00:00+00:00,21.8,22.08,21.63,21.68,450019.59
2025-08-11 15:00:00+00:00,21.68,21.97,21.59,21.97,210662.12
2025-08-11 16:00:00+00:00,21.96,22.26,21.78,21.79,332448.28
2025-08-11 17:00:00+00:00,21.78,21.86,21.63,21.71,149101.77
2025-08-11 18:00:00+00:00,21.72,21.72,21.48,21.58,201672.81
2025-08-11 19:00:00+00:00,21.59,21.65,21.24,21.39,228268.81
2025-08-11 20:00:00+00:00,21.38,21.44,21.27,21.32,132573.84
2025-08-11 21:00:00+00:00,21.31,21.44,20.96,21.13,278561.97
2025-08-11 22:00:00+00:00,21.13,21.17,20.84,21.12,239093.73
2025-08-11 23:00:00+00:00,21.13,21.24,21.06,21.07,144934.95
2025-08-12 00:00:00+00:00,21.07,21.27,21.04,21.21,119909.51
2025-08-12 01:00:00+00:00,21.2,21.36,21.11,21.29,207542.93
2025-08-12 02:00:00+00:00,21.29,21.73,21.23,21.46,239045.29
2025-08-12 03:00:00+00:00,21.46,21.46,21.26,21.45,183643.58
2025-08-12 04:00:00+00:00,21.45,21.74,21.36,21.56,291531.81
2025-08-12 05:00:00+00:00,21.56,21.57,21.29,21.38,256065.11
2025-08-12 06:00:00+00:00,21.38,21.67,21.38,21.45,194872.31
2025-08-12 07:00:00+00:00,21.44,21.56,21.42,21.49,100704.11
2025-08-12 08:00:00+00:00,21.48,21.66,21.33,21.47,126490.97
2025-08-12 09:00:00+00:00,21.47,21.5,21.18,21.19,136380.42
2025-08-12 10:00:00+00:00,21.2,21.4,21.0,21.23,447398.28
2025-08-12 11:00:00+00:00,21.23,21.31,21.02,21.3,303014.84
2025-08-12 12:00:00+00:00,21.29,22.58,21.28,22.34,1557073.87
2025-08-12 13:00:00+00:00,22.34,22.9,22.02,22.65,1279181.69
2025-08-12 14:00:00+00:00,22.64,23.36,22.57,23.27,1235906.02
2025-08-12 15:00:00+00:00,23.27,24.11,23.25,24.02,1402021.03
2025-08-12 16:00:00+00:00,24.03,24.2,23.53,23.65,780996.67
2025-08-12 17:00:00+00:00,23.65,23.85,23.44,23.69,389342.15
2025-08-12 18:00:00+00:00,23.69,23.71,23.35,23.39,263427.15
2025-08-12 19:00:00+00:00,23.38,23.47,23.16,23.42,424845.96
2025-08-12 20:00:00+00:00,23.42,23.7,23.28,23.69,447142.08
2025-08-12 21:00:00+00:00,23.69,23.7,23.2,23.28,526996.62
2025-08-12 22:00:00+00:00,23.28,23.36,23.11,23.36,222035.34
2025-08-12 23:00:00+00:00,23.35,23.61,23.22,23.6,239014.55
2025-08-13 00:00:00+00:00,23.6,23.66,23.41,23.48,421035.55
2025-08-13 01:00:00+00:00,23.49,23.64,23.3,23.6,316514.74
2025-08-13 02:00:00+00:00,23.6,24.23,23.5,24.16,971953.14
2025-08-13 03:00:00+00:00,24.17,24.58,23.88,24.55,1133382.57
2025-08-13 04:00:00+00:00,24.54,24.74,24.16,24.25,715440.65
2025-08-13 05:00:00+00:00,24.26,24.38,23.69,23.78,554550.89
2025-08-13 06:00:00+00:00,23.79,23.87,23.41,23.46,439984.1
2025-08-13 07:00:00+00:00,23.47,23.57,23.23,23.41,630411.97
2025-08-13 08:00:00+00:00,23.41,23.53,23.33,23.5,326497.38
2025-08-13 09:00:00+00:00,23.5,23.86,23.44,23.81,609581.14
2025-08-13 10:00:00+00:00,23.81,24.29,23.67,24.15,831155.69
2025-08-13 11:00:00+00:00,24.16,24.37,23.89,24.18,437744.04
2025-08-13 12:00:00+00:00,24.18,24.22,23.31,23.65,858132.7
2025-08-13 13:00:00+00:00,23.66,23.97,23.46,23.63,498997.92
2025-08-13 14:00:00+00:00,23.64,23.74,23.32,23.45,404276.29
2025-08-13 15:00:00+00:00,23.46,23.66,23.37,23.61,320339.79
2025-08-13 16:00:00+00:00,23.62,23.86,23.49,23.54,342102.78
2025-08-13 17:00:00+00:00,23.55,23.79,23.55,23.68,187345.92
2025-08-13 18:00:00+00:00,23.68,23.79,23.57,23.7,157554.88
2025-08-13 19:00:00+00:00,23.69,23.94,23.67,23.78,158101.35
2025-08-13 20:00:00+00:00,23.78,23.85,23.6,23.8,143699.36
2025-08-13 21:00:00+00:00,23.8,24.03,23.71,23.94,240408.3
2025-08-13 22:00:00+00:00,23.93,24.17,23.85,23.88,336371.13
2025-08-13 23:00:00+00:00,23.88,24.11,23.87,23.98,199907.77
2025-08-14 00:00:00+00:00,23.98,24.07,23.79,23.89,326074.18
2025-08-14 01:00:00+00:00,23.9,24.14,23.77,24.01,332005.87
2025-08-14 02:00:00+00:00,24.01,24.1,23.83,24.01,272148.77
2025-08-14 03:00:00+00:00,24.0,24.31,23.86,24.25,294831.62
2025-08-14 04:00:00+00:00,24.25,24.28,23.86,23.89,293933.27
2025-08-14 05:00:00+00:00,23.9,24.08,23.53,23.63,473149.42
2025-08-14 06:00:00+00:00,23.63,23.96,23.41,23.89,454625.47
2025-08-14 07:00:00+00:00,23.88,23.88,23.43,23.53,240864.88
2025-08-14 08:00:00+00:00,23.53,23.57,23.2,23.33,317929.8
2025-08-14 09:00:00+00:00,23.34,23.81,23.21,23.67,220596.39
2025-08-14 10:00:00+00:00,23.68,23.74,23.26,23.38,386952.62
2025-08-14 11:00:00+00:00,23.37,23.43,23.25,23.34,265051.07
2025-08-14 12:00:00+00:00,23.35,23.57,21.51,22.35,2476388.17
2025-08-14 13:00:00+00:00,22.36,23.0,21.78,22.77,1329605.61
2025-08-14 14:00:00+00:00,22.77,23.18,22.58,22.97,656473.02
2025-08-14 15:00:00+00:00,22.98,23.26,22.65,22.76,496317.03
2025-08-14 16:00:00+00:00,22.77,22.8,22.35,22.51,635044.21
2025-08-14 17:00:00+00:00,22.52,22.62,22.24,22.35,275024.06
2025-08-14 18:00:00+00:00,22.34,22.5,22.09,22.36,217123.12
2025-08-14 19:00:00+00:00,22.36,22.66,22.36,22.4,130313.31
2025-08-14 20:00:00+00:00,22.4,22.4,22.13,22.27,162377.6
2025-08-14 21:00:00+00:00,22.27,22.37,21.84,22.1,291857.2
2025-08-14 22:00:00+00:00,22.1,22.38,21.95,22.36,167807.84
2025-08-14 23:00:00+00:00,22.36,22.56,22.34,22.46,121766.22
2025-08-15 00:00:00+00:00,22.45,22.6,22.24,22.25,169710.67
2025-08-15 01:00:00+00:00,22.25,22.45,22.17,22.34,191111.13
2025-08-15 02:00:00+00:00,22.33,22.57,22.31,22.42,125952.24
2025-08-15 03:00:00+00:00,22.42,22.87,22.36,22.8,223642.42
2025-08-15 04:00:00+00:00,22.8,22.83,22.43,22.49,185026.77
2025-08-15 05:00:00+00:00,22.49,22.92,22.49,22.92,164394.82
2025-08-15 06:00:00+00:00,22.91,23.04,22.74,22.76,272953.77
2025-08-15 07:00:00+00:00,22.76,22.76,22.49,22.58,151431.5
2025-08-15 08:00:00+00:00,22.58,22.67,22.45,22.48,172853.24
2025-08-15 09:00:00+00:00,22.47,22.52,22.24,22.33,209461.48
2025-08-15 10:00:00+00:00,22.32,22.41,22.21,22.23,156663.33
2025-08-15 11:00:00+00:00,22.22,22.33,22.14,22.18,149543.52
2025-08-15 12:00:00+00:00,22.18,22.63,22.07,22.32,420957.6
2025-08-15 13:00:00+00:00,22.31,22.52,22.08,22.21,392369.22
2025-08-15 14:00:00+00:00,22.21,22.54,21.88,21.97,643407.49
2025-08-15 15:00:00+00:00,21.96,22.0,21.42,21.58,543525.58
2025-08-15 16:00:00+00:00,21.58,21.78,21.36,21.71,299225.91
2025-08-15 17:00:00+00:00,21.71,21.89,21.48,21.71,216525.61
2025-08-15 18:00:00+00:00,21.71,21.78,21.44,21.52,129425.14
2025-08-15 19:00:00+00:00,21.53,21.72,21.42,21.45,137131.95
2025-08-15 20:00:00+00:00,21.46,21.63,21.37,21.62,135795.13
2025-08-15 21:00:00+00:00,21.62,21.68,21.43,21.68,108530.07
2025-08-15 22:00:00+00:00,21.68,21.98,21.59,21.97,131942.95
2025-08-15 23:00:00+00:00,21.97,22.04,21.62,21.76,170677.02
2025-08-16 00:00:00+00:00,21.75,22.15,21.68,22.11,161600.63
2025-08-16 01:00:00+00:00,22.11,22.12,21.86,21.98,146646.64
2025-08-16 02:00:00+00:00,21.99,22.01,21.83,21.86,94278.49
2025-08-16 03:00:00+00:00,21.86,21.93,21.78,21.8,90021.52
2025-08-16 04:00:00+00:00,21.81,21.92,21.72,21.86,104592.35
2025-08-16 05:00:00+00:00,21.85,21.87,21.63,21.68,96695.57
2025-08-16 06:00:00+00:00,21.68,21.72,21.51,21.67,145474.62
2025-08-16 07:00:00+00:00,21.67,22.15,21.66,22.05,169149.05
2025-08-16 08:00:00+00:00,22.05,22.17,21.8,21.81,210192.72
2025-08-16 09:00:00+00:00,21.81,21.87,21.53,21.54,179517.36
2025-08-16 10:00:00+00:00,21.53,21.64,21.46,21.52,181005.93
2025-08-16 11:00:00+00:00,21.51,21.73,21.43,21.45,140790.39
2025-08-16 12:00:00+00:00,21.46,21.64,21.39,21.62,185570.41
2025-08-16 13:00:00+00:00,21.61,21.94,21.6,21.69,236230.73
2025-08-16 14:00:00+00:00,21.69,22.02,21.65,21.95,422572.51
2025-08-16 15:00:00+00:00,21.95,22.14,21.92,22.01,416792.57
2025-08-16 16:00:00+00:00,22.0,22.14,21.94,22.09,118081.66
2025-08-16 17:00:00+00:00,22.09,22.16,21.96,22.01,102948.6
2025-08-16 18:00:00+00:00,22.01,22.56,21.94,22.48,440956.61
2025-08-16 19:00:00+00:00,22.48,22.9,22.44,22.7,581844.62
2025-08-16 20:00:00+00:00,22.7,22.97,22.66,22.76,280648.02
2025-08-16 21:00:00+00:00,22.75,22.81,22.56,22.59,130211.89
2025-08-16 22:00:00+00:00,22.59,22.79,22.56,22.7,139007.22
2025-08-16 23:00:00+00:00,22.7,22.77,22.58,22.64,73073.1
2025-08-17 00:00:00+00:00,22.64,22.74,22.57,22.58,114647.14
2025-08-17 01:00:00+00:00,22.59,22.65,22.4,22.43,137666.86
2025-08-17 02:00:00+00:00,22.44,22.86,22.36,22.84,153109.43
2025-08-17 03:00:00+00:00,22.84,23.42,22.8,23.39,424036.94
2025-08-17 04:00:00+00:00,23.39,24.26,23.35,24.21,949268.92
2025-08-17 05:00:00+00:00,24.21,24.5,24.14,24.41,649555.81
2025-08-17 06:00:00+00:00,24.4,24.55,24.04,24.09,546918.84
2025-08-17 07:00:00+00:00,24.09,24.38,24.09,24.29,232444.58
2025-08-17 08:00:00+00:00,24.29,24.74,24.16,24.66,442858.26
2025-08-17 09:00:00+00:00,24.66,24.75,24.48,24.67,384387.1
2025-08-17 10:00:00+00:00,24.68,24.83,24.57,24.72,388395.21
2025-08-17 11:00:00+00:00,24.71,24.71,24.44,24.7,186993.72
2025-08-17 12:00:00+00:00,24.7,24.74,24.55,24.56,550315.04
2025-08-17 13:00:00+00:00,24.55,25.02,24.42,24.76,534930.19
2025-08-17 14:00:00+00:00,24.75,25.64,24.71,25.6,926550.27
2025-08-17 15:00:00+00:00,25.6,26.31,25.43,26.29,1119014.73
2025-08-17 16:00:00+00:00,26.29,26.33,25.71,25.91,1205320.39
2025-08-17 17:00:00+00:00,25.91,26.21,25.8,25.96,481841.97
2025-08-17 18:00:00+00:00,25.97,26.03,25.31,25.67,618049.97
2025-08-17 19:00:00+00:00,25.66,25.72,25.39,25.46,341631.06
2025-08-17 20:00:00+00:00,25.45,25.73,25.41,25.66,233383.12
2025-08-17 21:00:00+00:00,25.66,25.9,25.51,25.56,270841.54
2025-08-17 22:00:00+00:00,25.56,25.95,25.55,25.81,283503.63
2025-08-17 23:00:00+00:00,25.8,25.83,25.57,25.64,431577.64
2025-08-18 00:00:00+00:00,25.64,26.5,25.44,26.06,743474.2
2025-08-18 01:00:00+00:00,26.05,26.22,25.51,25.73,826963.3
2025-08-18 02:00:00+00:00,25.73,25.86,24.58,24.79,1910836.84
2025-08-18 03:00:00+00:00,24.79,25.21,24.58,25.1,822726.49
2025-08-18 04:00:00+00:00,25.09,25.13,24.71,24.85,452611.15
2025-08-18 05:00:00+00:00,24.85,24.99,24.3,24.72,582321.29
2025-08-18 06:00:00+00:00,24.73,24.76,24.29,24.45,456687.88
2025-08-18 07:00:00+00:00,24.45,24.93,24.43,24.71,506398.01
2025-08-18 08:00:00+00:00,24.7,24.95,24.5,24.6,309205.18
2025-08-18 09:00:00+00:00,24.6,25.3,24.37,24.94,576785.28
2025-08-18 10:00:00+00:00,24.94,25.12,24.69,24.87,537893.29
2025-08-18 11:00:00+00:00,24.88,24.94,24.45,24.55,322678.54
2025-08-18 12:00:00+00:00,24.54,25.65,24.47,25.64,747371.83
2025-08-18 13:00:00+00:00,25.64,25.95,25.05,25.05,1314939.32
2025-08-18 14:00:00+00:00,25.05,25.55,24.79,25.19,1007458.4
2025-08-18 15:00:00+00:00,25.19,25.41,24.89,25.38,561124.26
2025-08-18 16:00:00+00:00,25.37,25.47,24.8,24.94,382743.96
2025-08-18 17:00:00+00:00,24.93,25.69,24.91,25.17,630018.85
2025-08-18 18:00:00+00:00,25.18,25.63,25.01,25.62,266445.85
2025-08-18 19:00:00+00:00,25.62,25.94,25.34,25.52,475985.15
2025-08-18 20:00:00+00:00,25.52,25.59,25.12,25.22,271377.06
2025-08-18 21:00:00+00:00,25.22,25.9,25.17,25.8,241372.07
2025-08-18 22:00:00+00:00,25.81,26.76,25.79,26.23,1334548.59
2025-08-18 23:00:00+00:00,26.22,26.47,25.62,25.78,723525.61
2025-08-19 00:00:00+00:00,25.79,25.81,25.19,25.63,588455.29
2025-08-19 01:00:00+00:00,25.64,25.69,24.96,25.0,469962.63
2025-08-19 02:00:00+00:00,24.99,25.06,24.8,24.85,295014.5
2025-08-19 03:00:00+00:00,24.85,24.87,24.07,24.21,721306.68
2025-08-19 04:00:00+00:00,24.21,24.24,23.89,24.17,806731.77
2025-08-19 05:00:00+00:00,24.17,24.37,23.93,24.26,601071.51
2025-08-19 06:00:00+00:00,24.26,24.65,24.11,24.45,506084.27
2025-08-19 07:00:00+00:00,24.45,24.48,24.14,24.3,405947.95
2025-08-19 08:00:00+00:00,24.3,24.48,24.08,24.15,437304.07
2025-08-19 09:00:00+00:00,24.14,24.47,24.08,24.34,624413.65
2025-08-19 10:00:00+00:00,24.34,24.51,24.23,24.34,369013.2
2025-08-19 11:00:00+00:00,24.34,24.91,24.32,24.69,511994.44
2025-08-19 12:00:00+00:00,24.69,24.72,24.37,24.57,343893.16
2025-08-19 13:00:00+00:00,24.57,24.95,24.32,24.62,623842.63
2025-08-19 14:00:00+00:00,24.63,24.76,24.05,24.15,961334.58
2025-08-19 15:00:00+00:00,24.15,24.69,23.87,24.27,739598.07
2025-08-19 16:00:00+00:00,24.28,24.52,23.93,23.94,588321.02
2025-08-19 17:00:00+00:00,23.94,24.1,23.62,24.07,762144.94
2025-08-19 18:00:00+00:00,24.06,24.15,23.42,23.62,458015.45
2025-08-19 19:00:00+00:00,23.62,23.98,23.46,23.87,537760.55
2025-08-19 20:00:00+00:00,23.87,24.07,23.74,24.01,270259.42
2025-08-19 21:00:00+00:00,24.01,24.04,23.86,23.96,227768.63
2025-08-19 22:00:00+00:00,23.95,24.0,23.75,23.87,246253.54
2025-08-19 23:00:00+00:00,23.88,23.94,23.45,23.56,360530.26
2025-08-20 00:00:00+00:00,23.56,23.99,23.36,23.94,434063.1
2025-08-20 01:00:00+00:00,23.94,24.05,23.56,23.79,378572.46
2025-08-20 02:00:00+00:00,23.8,23.87,23.58,23.63,271452.84
2025-08-20 03:00:00+00:00,23.64,24.47,23.57,23.99,647839.53
2025-08-20 04:00:00+00:00,24.0,24.55,23.98,24.52,500802.8
2025-08-20 05:00:00+00:00,24.52,24.63,24.18,24.59,437700.4
2025-08-20 06:00:00+00:00,24.59,24.7,24.34,24.53,342461.25
2025-08-20 07:00:00+00:00,24.53,24.85,24.38,24.43,372140.02
2025-08-20 08:00:00+00:00,24.43,25.3,24.35,25.09,775129.95
2025-08-20 09:00:00+00:00,25.1,25.24,24.88,24.9,683617.69
2025-08-20 10:00:00+00:00,24.9,25.16,24.79,25.12,347432.85
2025-08-20 11:00:00+00:00,25.13,25.21,24.46,24.95,527340.37
2025-08-20 12:00:00+00:00,24.94,25.38,24.84,25.32,673081.13
2025-08-20 13:00:00+00:00,25.32,25.35,24.57,24.68,760890.8
2025-08-20 14:00:00+00:00,24.68,25.79,24.6,25.43,1345649.81
2025-08-20 15:00:00+00:00,25.42,26.47,25.36,25.95,1667476.0
2025-08-20 16:00:00+00:00,25.95,26.37,25.44,25.46,878059.88
2025-08-20 17:00:00+00:00,25.47,26.09,25.45,25.95,561347.29
2025-08-20 18:00:00+00:00,25.95,25.96,25.45,25.75,529872.51
2025-08-20 19:00:00+00:00,25.74,26.2,25.73,26.16,444817.91
2025-08-20 20:00:00+00:00,26.16,26.45,26.03,26.24,512682.9
2025-08-20 21:00:00+00:00,26.25,26.65,26.05,26.52,482115.6
2025-08-20 22:00:00+00:00,26.53,26.71,26.38,26.64,371871.38
2025-08-20 23:00:00+00:00,26.65,26.89,26.33,26.45,633884.93
2025-08-21 00:00:00+00:00,26.45,26.6,26.15,26.49,394295.47
2025-08-21 01:00:00+00:00,26.5,26.5,26.09,26.34,381779.42
2025-08-21 02:00:00+00:00,26.33,26.46,25.78,25.92,482443.39
2025-08-21 03:00:00+00:00,25.93,26.44,25.78,25.81,362540.61
2025-08-21 04:00:00+00:00,25.81,25.87,25.62,25.72,236360.24
2025-08-21 05:00:00+00:00,25.72,25.82,25.55,25.82,265513.44
2025-08-21 06:00:00+00:00,25.82,25.82,25.53,25.64,227232.94
2025-08-21 07:00:00+00:00,25.64,25.8,25.49,25.71,298941.27
2025-08-21 08:00:00+00:00,25.71,25.98,25.63,25.66,372507.13
2025-08-21 09:00:00+00:00,25.66,26.39,25.61,26.1,608039.77
2025-08-21 10:00:00+00:00,26.1,26.29,25.83,26.04,421453.59
2025-08-21 11:00:00+00:00,26.03,26.28,25.95,26.11,341808.29
2025-08-21 12:00:00+00:00,26.11,26.24,25.63,25.78,495612.06
2025-08-21 13:00:00+00:00,25.79,26.16,25.67,25.77,417829.89
2025-08-21 14:00:00+00:00,25.78,26.16,25.41,25.67,533939.68
2025-08-21 15:00:00+00:00,25.68,25.74,24.98,25.09,723374.24
2025-08-21 16:00:00+00:00,25.09,25.26,24.86,24.91,333539.08
2025-08-21 17:00:00+00:00,24.92,24.99,24.7,24.86,509906.38
2025-08-21 18:00:00+00:00,24.86,25.06,24.82,25.06,214672.05
2025-08-21 19:00:00+00:00,25.05,25.19,24.8,24.94,267918.87
2025-08-21 20:00:00+00:00,24.94,25.15,24.79,25.01,143058.49
2025-08-21 21:00:00+00:00,25.01,25.1,24.84,24.88,207086.58
2025-08-21 22:00:00+00:00,24.88,25.07,24.84,24.94,154225.85
2025-08-21 23:00:00+00:00,24.94,24.95,24.63,24.82,185647.7
2025-08-22 00:00:00+00:00,24.82,25.08,24.8,24.96,211145.05
2025-08-22 01:00:00+00:00,24.96,25.0,24.69,24.81,239454.65
2025-08-22 02:00:00+00:00,24.81,25.24,24.71,24.79,402771.41
2025-08-22 03:00:00+00:00,24.79,24.9,24.52,24.67,272677.51
2025-08-22 04:00:00+00:00,24.67,24.94,24.65,24.74,179763.2
2025-08-22 05:00:00+00:00,24.74,24.89,24.61,24.81,179541.66
2025-08-22 06:00:00+00:00,24.81,25.02,24.69,24.85,177910.98
2025-08-22 07:00:00+00:00,24.85,25.2,24.82,25.04,387686.07
2025-08-22 08:00:00+00:00,25.04,25.3,24.97,24.98,524146.25
2025-08-22 09:00:00+00:00,24.99,25.04,24.75,24.92,357325.87
2025-08-22 10:00:00+00:00,24.93,24.94,24.66,24.67,180636.65
2025-08-22 11:00:00+00:00,24.68,24.68,24.24,24.31,428645.44
2025-08-22 12:00:00+00:00,24.31,24.68,24.09,24.42,698800.53
2025-08-22 13:00:00+00:00,24.43,24.96,24.26,24.71,596390.88
2025-08-22 14:00:00+00:00,24.71,26.75,24.71,26.07,5583929.89
2025-08-22 15:00:00+00:00,26.07,26.72,26.07,26.47,1141674.99
2025-08-22 16:00:00+00:00,26.46,27.87,26.46,27.41,2375587.1
2025-08-22 17:00:00+00:00,27.42,27.79,27.0,27.03,1054736.09
2025-08-22 18:00:00+00:00,27.03,27.21,26.72,26.97,714501.9
2025-08-22 19:00:00+00:00,26.98,27.28,26.88,27.17,293291.41
2025-08-22 20:00:00+00:00,27.17,27.34,26.92,27.08,369469.08
2025-08-22 21:00:00+00:00,27.08,27.29,26.94,26.96,327141.04
2025-08-22 22:00:00+00:00,26.97,27.07,26.63,26.67,343362.06
2025-08-22 23:00:00+00:00,26.67,26.94,26.63,26.79,350531.11
2025-08-23 00:00:00+00:00,26.8,26.83,26.53,26.57,307384.34
2025-08-23 01:00:00+00:00,26.57,26.61,26.18,26.36,417697.4
2025-08-23 02:00:00+00:00,26.36,26.4,25.86,26.1,431873.19
2025-08-23 03:00:00+00:00,26.11,26.22,25.88,25.95,283573.11
2025-08-23 04:00:00+00:00,25.96,26.17,25.89,26.17,257212.13
2025-08-23 05:00:00+00:00,26.16,26.25,26.0,26.22,416795.66
2025-08-23 06:00:00+00:00,26.22,26.25,25.9,26.0,357440.3
2025-08-23 07:00:00+00:00,25.99,26.04,25.73,25.88,303459.66
2025-08-23 08:00:00+00:00,25.87,26.02,25.66,25.72,305738.95
2025-08-23 09:00:00+00:00,25.72,25.86,25.59,25.86,376459.99
2025-08-23 10:00:00+00:00,25.85,25.87,25.6,25.62,321892.74
2025-08-23 11:00:00+00:00,25.63,25.76,25.59,25.66,206789.52
2025-08-23 12:00:00+00:00,25.66,25.85,25.52,25.69,244808.33
2025-08-23 13:00:00+00:00,25.69,25.97,25.64,25.86,382702.12
2025-08-23 14:00:00+00:00,25.87,26.22,25.82,25.91,494089.45
2025-08-23 15:00:00+00:00,25.91,26.12,25.91,26.0,207195.96
2025-08-23 16:00:00+00:00,26.01,26.09,25.83,25.96,196969.65
2025-08-23 17:00:00+00:00,25.97,26.12,25.94,26.07,129424.46
2025-08-23 18:00:00+00:00,26.08,26.19,26.05,26.18,94777.73
2025-08-23 19:00:00+00:00,26.18,26.21,26.09,26.12,140747.52
2025-08-23 20:00:00+00:00,26.13,26.19,25.98,26.1,130466.36
2025-08-23 21:00:00+00:00,26.11,26.22,26.07,26.17,136899.29
2025-08-23 22:00:00+00:00,26.17,26.29,26.15,26.27,96597.12
2025-08-23 23:00:00+00:00,26.28,26.38,26.27,26.28,101750.08
2025-08-24 00:00:00+00:00,26.28,26.33,26.12,26.15,213309.89
2025-08-24 01:00:00+00:00,26.15,26.16,25.83,25.86,276817.81
2025-08-24 02:00:00+00:00,25.87,25.89,25.71,25.82,261247.01
2025-08-24 03:00:00+00:00,25.83,25.98,25.73,25.91,119394.82
2025-08-24 04:00:00+00:00,25.91,25.96,25.79,25.87,98228.55
2025-08-24 05:00:00+00:00,25.87,25.88,25.75,25.78,75265.68
2025-08-24 06:00:00+00:00,25.78,25.79,25.55,25.68,331653.92
2025-08-24 07:00:00+00:00,25.68,25.81,25.58,25.6,123443.04
2025-08-24 08:00:00+00:00,25.6,25.76,25.52,25.67,128324.53
2025-08-24 09:00:00+00:00,25.66,25.66,25.42,25.46,230310.54
2025-08-24 10:00:00+00:00,25.47,25.47,25.27,25.42,216279.14
2025-08-24 11:00:00+00:00,25.42,25.54,25.34,25.47,143362.15
2025-08-24 12:00:00+00:00,25.47,25.66,25.46,25.64,158364.6
2025-08-24 13:00:00+00:00,25.64,25.88,25.63,25.64,242265.28
2025-08-24 14:00:00+00:00,25.65,25.81,25.59,25.61,163822.34
2025-08-24 15:00:00+00:00,25.6,25.79,25.49,25.56,268297.88
2025-08-24 16:00:00+00:00,25.56,25.86,25.55,25.81,151800.46
2025-08-24 17:00:00+00:00,25.82,26.2,25.77,26.0,536679.57
2025-08-24 18:00:00+00:00,26.01,26.49,25.95,26.38,628628.87
2025-08-24 19:00:00+00:00,26.39,26.62,25.21,26.08,1671483.92
2025-08-24 20:00:00+00:00,26.08,26.12,25.41,25.87,700680.21
2025-08-24 21:00:00+00:00,25.87,26.26,25.71,26.09,355030.47
2025-08-24 22:00:00+00:00,26.09,26.13,25.67,26.07,250851.41
2025-08-24 23:00:00+00:00,26.07,26.09,25.79,25.82,91831.58
2025-08-25 00:00:00+00:00,25.82,25.93,25.32,25.54,406473.97
2025-08-25 01:00:00+00:00,25.54,26.31,25.51,26.14,331753.51
2025-08-25 02:00:00+00:00,26.15,26.46,26.01,26.15,556661.56
2025-08-25 03:00:00+00:00,26.14,26.27,25.88,25.94,240842.41
2025-08-25 04:00:00+00:00,25.94,26.02,25.64,25.8,236399.06
2025-08-25 05:00:00+00:00,25.8,26.0,25.72,25.84,169484.77
2025-08-25 06:00:00+00:00,25.84,26.41,25.5,25.53,655487.71
2025-08-25 07:00:00+00:00,25.53,25.7,24.82,24.97,608511.85
2025-08-25 08:00:00+00:00,24.98,25.17,24.7,25.08,445832.53
2025-08-25 09:00:00+00:00,25.08,25.13,24.85,24.94,459845.55
2025-08-25 10:00:00+00:00,24.94,24.94,24.34,24.41,612224.19
2025-08-25 11:00:00+00:00,24.42,24.65,24.39,24.59,240965.3
2025-08-25 12:00:00+00:00,24.59,24.65,24.34,24.5,359210.13
2025-08-25 13:00:00+00:00,24.5,24.59,24.24,24.44,400405.77
2025-08-25 14:00:00+00:00,24.44,24.65,24.39,24.58,410445.6
2025-08-25 15:00:00+00:00,24.58,24.69,24.38,24.41,322538.29
2025-08-25 16:00:00+00:00,24.42,24.81,24.28,24.49,293057.45
2025-08-25 17:00:00+00:00,24.49,24.53,24.27,24.32,278215.9
2025-08-25 18:00:00+00:00,24.33,24.43,24.13,24.25,247633.91
2025-08-25 19:00:00+00:00,24.25,24.32,23.63,23.65,713318.91
2025-08-25 20:00:00+00:00,23.66,23.85,23.08,23.18,1198617.42
2025-08-25 21:00:00+00:00,23.18,23.37,23.09,23.14,470261.87
2025-08-25 22:00:00+00:00,23.15,23.57,23.12,23.49,268106.5
2025-08-25 23:00:00+00:00,23.48,23.49,23.25,23.38,155755.2
2025-08-26 00:00:00+00:00,23.38,23.6,23.12,23.25,345790.82
2025-08-26 01:00:00+00:00,23.25,23.5,23.17,23.5,298515.24
2025-08-26 02:00:00+00:00,23.49,23.63,23.19,23.26,256669.82
2025-08-26 03:00:00+00:00,23.27,23.32,23.06,23.16,286074.51
2025-08-26 04:00:00+00:00,23.16,23.41,23.12,23.36,167930.69
2025-08-26 05:00:00+00:00,23.36,23.5,23.24,23.24,136708.69
2025-08-26 06:00:00+00:00,23.25,23.36,22.97,23.05,271357.91
2025-08-26 07:00:00+00:00,23.06,23.44,22.88,23.15,318481.34
2025-08-26 08:00:00+00:00,23.15,23.22,22.94,23.09,457216.87
2025-08-26 09:00:00+00:00,23.09,23.19,22.9,23.01,212807.27
2025-08-26 10:00:00+00:00,23.01,23.76,22.99,23.52,619026.96
2025-08-26 11:00:00+00:00,23.53,23.7,23.29,23.56,253048.68
2025-08-26 12:00:00+00:00,23.56,24.38,23.39,24.13,878855.93
2025-08-26 13:00:00+00:00,24.12,24.19,23.68,24.03,681355.61
2025-08-26 14:00:00+00:00,24.03,24.4,23.76,24.35,572796.09
2025-08-26 15:00:00+00:00,24.34,24.53,24.08,24.17,521540.86
2025-08-26 16:00:00+00:00,24.17,24.34,24.01,24.33,250524.69
2025-08-26 17:00:00+00:00,24.33,24.36,23.94,24.1,185089.05
2025-08-26 18:00:00+00:00,24.1,24.3,24.02,24.11,151358.94
2025-08-26 19:00:00+00:00,24.11,24.46,23.99,24.35,209945.21
2025-08-26 20:00:00+00:00,24.36,24.52,24.21,24.31,172342.81
2025-08-26 21:00:00+00:00,24.31,24.54,24.21,24.53,147851.94
2025-08-26 22:00:00+00:00,24.54,24.67,24.36,24.62,296250.37
2025-08-26 23:00:00+00:00,24.62,24.76,24.34,24.38,327910.52
2025-08-27 00:00:00+00:00,24.37,24.54,24.1,24.15,265230.52
2025-08-27 01:00:00+00:00,24.15,24.2,24.01,24.12,207506.75
2025-08-27 02:00:00+00:00,24.12,24.33,24.0,24.2,222652.21
2025-08-27 03:00:00+00:00,24.21,24.51,24.02,24.34,256406.57
2025-08-27 04:00:00+00:00,24.34,24.69,24.3,24.47,304544.26
2025-08-27 05:00:00+00:00,24.47,24.48,24.18,24.25,335099.96
2025-08-27 06:00:00+00:00,24.26,24.27,24.02,24.06,149143.74
2025-08-27 07:00:00+00:00,24.05,24.19,24.01,24.17,357937.24
2025-08-27 08:00:00+00:00,24.17,24.29,23.97,24.29,223958.83
2025-08-27 09:00:00+00:00,24.29,24.63,24.23,24.47,311829.73
2025-08-27 10:00:00+00:00,24.46,24.66,24.29,24.33,148448.27
2025-08-27 11:00:00+00:00,24.33,24.42,24.25,24.37,143057.94
2025-08-27 12:00:00+00:00,24.36,24.44,24.09,24.23,173604.08
2025-08-27 13:00:00+00:00,24.22,24.48,24.07,24.14,358821.63
2025-08-27 14:00:00+00:00,24.14,24.67,24.1,24.32,375338.23
2025-08-27 15:00:00+00:00,24.33,24.4,24.15,24.29,381120.14
2025-08-27 16:00:00+00:00,24.29,24.53,24.18,24.36,208078.21
2025-08-27 17:00:00+00:00,24.36,24.52,24.29,24.5,147247.5
2025-08-27 18:00:00+00:00,24.5,24.58,24.29,24.3,142471.17
2025-08-27 19:00:00+00:00,24.3,24.37,24.02,24.17,249479.56
2025-08-27 20:00:00+00:00,24.18,24.48,23.78,24.4,1304629.97
2025-08-27 21:00:00+00:00,24.41,24.46,23.95,23.98,251996.64
2025-08-27 22:00:00+00:00,23.99,24.02,23.58,23.84,462903.01
2025-08-27 23:00:00+00:00,23.84,23.95,23.63,23.78,248153.5
2025-08-28 00:00:00+00:00,23.78,23.89,23.56,23.74,316167.13
2025-08-28 01:00:00+00:00,23.74,23.94,23.72,23.82,167743.92
2025-08-28 02:00:00+00:00,23.82,23.9,23.67,23.72,138609.08
2025-08-28 03:00:00+00:00,23.72,23.95,23.68,23.92,150528.9
2025-08-28 04:00:00+00:00,23.91,24.29,23.8,24.26,221486.96
2025-08-28 05:00:00+00:00,24.26,24.37,24.14,24.21,213930.48
2025-08-28 06:00:00+00:00,24.21,24.27,24.08,24.19,149065.85
2025-08-28 07:00:00+00:00,24.19,24.25,24.04,24.21,255981.21
2025-08-28 08:00:00+00:00,24.22,24.46,23.92,23.98,549277.96
2025-08-28 09:00:00+00:00,23.98,23.98,23.67,23.69,216981.19
2025-08-28 10:00:00+00:00,23.68,23.85,23.59,23.8,313235.26
2025-08-28 11:00:00+00:00,23.8,23.92,23.73,23.89,133367.08
2025-08-28 12:00:00+00:00,23.89,24.04,23.78,24.0,295224.25
2025-08-28 13:00:00+00:00,24.0,25.85,23.84,25.82,3046319.95
2025-08-28 14:00:00+00:00,25.82,26.03,25.18,25.51,2876525.1
2025-08-28 15:00:00+00:00,25.51,25.65,24.65,24.8,1124403.06
2025-08-28 16:00:00+00:00,24.79,25.28,24.71,24.74,653872.38
2025-08-28 17:00:00+00:00,24.73,25.06,24.62,24.84,507180.31
2025-08-28 18:00:00+00:00,24.84,25.2,24.78,24.99,286922.57
2025-08-28 19:00:00+00:00,24.99,25.12,24.48,24.5,245180.07
2025-08-28 20:00:00+00:00,24.5,24.81,24.42,24.57,271949.86
2025-08-28 21:00:00+00:00,24.57,24.96,24.56,24.89,160414.24
2025-08-28 22:00:00+00:00,24.89,25.41,24.87,25.25,336731.67
2025-08-28 23:00:00+00:00,25.25,25.34,25.05,25.18,241320.41
2025-08-29 00:00:00+00:00,25.18,25.23,24.58,24.68,381711.84
2025-08-29 01:00:00+00:00,24.68,24.76,24.24,24.3,552025.21
2025-08-29 02:00:00+00:00,24.29,24.48,24.22,24.28,272363.84
2025-08-29 03:00:00+00:00,24.29,24.32,24.12,24.23,271949.16
2025-08-29 04:00:00+00:00,24.23,24.29,24.04,24.09,199826.86
2025-08-29 05:00:00+00:00,24.11,24.18,24.01,24.16,193884.39
2025-08-29 06:00:00+00:00,24.17,24.2,23.17,23.95,1510289.95
2025-08-29 07:00:00+00:00,23.94,23.95,23.48,23.55,588250.05
2025-08-29 08:00:00+00:00,23.55,23.59,23.3,23.4,385660.94
2025-08-29 09:00:00+00:00,23.39,23.45,23.23,23.37,382790.07
2025-08-29 10:00:00+00:00,23.37,23.55,23.33,23.46,335538.1
2025-08-29 11:00:00+00:00,23.46,23.49,23.32,23.44,203161.28
2025-08-29 12:00:00+00:00,23.43,24.13,23.4,23.73,1143974.58
2025-08-29 13:00:00+00:00,23.74,23.75,23.23,23.33,611219.22
2025-08-29 14:00:00+00:00,23.34,23.59,23.11,23.4,982656.01
2025-08-29 15:00:00+00:00,23.4,23.63,23.38,23.44,312185.39
2025-08-29 16:00:00+00:00,23.45,23.61,23.33,23.44,253330.58
2025-08-29 17:00:00+00:00,23.43,23.51,23.27,23.4,124900.25
2025-08-29 18:00:00+00:00,23.4,23.42,23.13,23.15,154184.48
2025-08-29 19:00:00+00:00,23.16,23.46,23.12,23.35,214339.9
2025-08-29 20:00:00+00:00,23.36,23.44,23.16,23.25,171258.19
2025-08-29 21:00:00+00:00,23.26,23.43,23.13,23.29,197370.17
2025-08-29 22:00:00+00:00,23.3,23.42,23.23,23.42,103850.8
2025-08-29 23:00:00+00:00,23.41,23.51,23.36,23.43,93649.66
2025-08-30 00:00:00+00:00,23.43,23.52,23.27,23.3,104841.67
2025-08-30 01:00:00+00:00,23.3,23.33,22.84,22.85,360640.92
2025-08-30 02:00:00+00:00,22.86,23.13,22.83,22.96,205161.58
2025-08-30 03:00:00+00:00,22.96,23.3,22.93,23.24,260659.48
2025-08-30 04:00:00+00:00,23.25,23.39,23.18,23.28,139409.46
2025-08-30 05:00:00+00:00,23.28,23.45,23.26,23.31,258331.99
2025-08-30 06:00:00+00:00,23.31,23.52,23.25,23.48,110873.1
2025-08-30 07:00:00+00:00,23.47,23.51,23.34,23.36,96233.75
2025-08-30 08:00:00+00:00,23.37,23.4,23.25,23.31,79843.13
2025-08-30 09:00:00+00:00,23.31,23.39,23.2,23.38,129491.16
2025-08-30 10:00:00+00:00,23.37,23.5,23.3,23.39,113994.88
2025-08-30 11:00:00+00:00,23.39,23.41,23.29,23.39,68348.64
2025-08-30 12:00:00+00:00,23.4,23.4,23.04,23.15,112017.4
2025-08-30 13:00:00+00:00,23.15,23.19,22.96,23.14,119752.11
2025-08-30 14:00:00+00:00,23.14,23.22,23.03,23.21,87155.35
2025-08-30 15:00:00+00:00,23.21,23.45,23.14,23.41,96581.66
2025-08-30 16:00:00+00:00,23.41,23.41,23.28,23.37,119651.43
2025-08-30 17:00:00+00:00,23.37,23.46,23.28,23.38,58553.5
2025-08-30 18:00:00+00:00,23.39,23.44,23.32,23.35,38086.64
2025-08-30 19:00:00+00:00,23.36,23.4,23.3,23.36,20728.19
2025-08-30 20:00:00+00:00,23.36,23.38,23.27,23.36,40722.32
2025-08-30 21:00:00+00:00,23.36,23.44,23.34,23.41,34648.84
2025-08-30 22:00:00+00:00,23.41,23.44,23.33,23.4,37991.78
2025-08-30 23:00:00+00:00,23.4,23.51,23.39,23.51,66170.56
2025-08-31 00:00:00+00:00,23.51,23.82,23.41,23.79,233084.58
2025-08-31 01:00:00+00:00,23.79,23.82,23.6,23.76,238920.69
2025-08-31 02:00:00+00:00,23.75,23.81,23.68,23.76,89815.49
2025-08-31 03:00:00+00:00,23.77,23.91,23.75,23.88,152210.38
2025-08-31 04:00:00+00:00,23.89,23.96,23.75,23.8,173744.11
2025-08-31 05:00:00+00:00,23.8,23.8,23.64,23.79,83374.6
2025-08-31 06:00:00+00:00,23.8,23.81,23.65,23.69,336138.15
2025-08-31 07:00:00+00:00,23.69,23.83,23.68,23.73,58409.62
2025-08-31 08:00:00+00:00,23.73,23.89,23.71,23.88,69511.47
2025-08-31 09:00:00+00:00,23.89,23.89,23.71,23.71,97645.09
2025-08-31 10:00:00+00:00,23.72,23.76,23.55,23.64,140785.86
2025-08-31 11:00:00+00:00,23.65,23.81,23.6,23.8,115356.99
2025-08-31 12:00:00+00:00,23.8,24.04,23.68,23.99,147470.81
2025-08-31 13:00:00+00:00,24.0,24.06,23.82,23.88,341720.36
2025-08-31 14:00:00+00:00,23.89,23.93,23.6,23.65,175250.89
2025-08-31 15:00:00+00:00,23.64,23.81,23.64,23.77,80684.87
2025-08-31 16:00:00+00:00,23.78,23.79,23.6,23.69,77337.93
2025-08-31 17:00:00+00:00,23.69,23.79,23.64,23.74,81514.21
2025-08-31 18:00:00+00:00,23.74,23.88,23.72,23.83,53153.12
2025-08-31 19:00:00+00:00,23.83,23.84,23.63,23.66,83652.38
2025-08-31 20:00:00+00:00,23.66,23.7,23.6,23.64,33574.15
2025-08-31 21:00:00+00:00,23.64,23.73,23.61,23.71,241123.54
2025-08-31 22:00:00+00:00,23.72,23.73,23.44,23.5,479007.59
2025-08-31 23:00:00+00:00,23.49,23.52,23.18,23.2,638062.18
2025-09-01 00:00:00+00:00,23.2,23.25,22.96,23.16,538596.52
2025-09-01 01:00:00+00:00,23.17,23.37,23.02,23.28,321115.65
2025-09-01 02:00:00+00:00,23.27,23.31,22.97,23.1,253928.34
2025-09-01 03:00:00+00:00,23.11,23.14,22.92,23.06,375691.18
2025-09-01 04:00:00+00:00,23.06,23.13,22.78,22.89,225738.28
2025-09-01 05:00:00+00:00,22.89,22.97,22.71,22.85,454076.37
2025-09-01 06:00:00+00:00,22.85,22.97,22.77,22.96,563395.51
2025-09-01 07:00:00+00:00,22.96,23.64,22.82,23.59,433702.1
2025-09-01 08:00:00+00:00,23.6,23.87,23.51,23.8,449273.68
2025-09-01 09:00:00+00:00,23.81,23.83,23.55,23.6,282402.94
2025-09-01 10:00:00+00:00,23.6,23.65,23.31,23.43,267126.5
2025-09-01 11:00:00+00:00,23.43,23.46,23.15,23.22,196090.89
2025-09-01 12:00:00+00:00,23.23,23.36,23.15,23.2,96461.22
2025-09-01 13:00:00+00:00,23.2,23.23,22.93,22.98,297255.06
2025-09-01 14:00:00+00:00,22.97,23.13,22.82,22.96,172601.86
2025-09-01 15:00:00+00:00,22.96,23.08,22.73,22.79,168188.47
2025-09-01 16:00:00+00:00,22.8,22.85,22.63,22.76,179112.89
2025-09-01 17:00:00+00:00,22.76,22.8,22.53,22.58,198780.59
2025-09-01 18:00:00+00:00,22.58,22.83,22.58,22.77,127170.75
2025-09-01 19:00:00+00:00,22.77,22.84,22.7,22.83,65628.53
2025-09-01 20:00:00+00:00,22.83,22.83,22.22,22.47,624021.95
2025-09-01 21:00:00+00:00,22.47,22.49,22.09,22.27,282021.2
2025-09-01 22:00:00+00:00,22.26,22.39,22.16,22.31,175037.1
2025-09-01 23:00:00+00:00,22.3,22.55,22.3,22.51,175180.79
2025-09-02 00:00:00+00:00,22.52,22.54,22.34,22.43,158940.88
2025-09-02 01:00:00+00:00,22.42,22.78,22.4,22.7,224980.1
2025-09-02 02:00:00+00:00,22.69,23.1,22.68,23.09,277296.48
2025-09-02 03:00:00+00:00,23.08,23.22,22.99,23.13,192879.4
2025-09-02 04:00:00+00:00,23.14,23.32,23.09,23.3,161137.12
2025-09-02 05:00:00+00:00,23.3,23.36,23.19,23.34,116766.78
2025-09-02 06:00:00+00:00,23.34,23.53,23.31,23.4,215464.56
2025-09-02 07:00:00+00:00,23.41,23.42,23.16,23.24,246369.1
2025-09-02 08:00:00+00:00,23.23,23.45,23.21,23.34,149864.78
2025-09-02 09:00:00+00:00,23.35,23.44,23.3,23.4,96258.47
2025-09-02 10:00:00+00:00,23.41,23.42,23.23,23.27,107983.73
2025-09-02 11:00:00+00:00,23.27,23.28,23.07,23.1,160043.78
2025-09-02 12:00:00+00:00,23.1,23.15,22.65,22.66,518957.61
2025-09-02 13:00:00+00:00,22.65,23.45,22.65,23.39,732408.51
2025-09-02 14:00:00+00:00,23.39,23.54,23.14,23.21,480526.43
2025-09-02 15:00:00+00:00,23.22,23.28,22.79,22.85,417074.16
2025-09-02 16:00:00+00:00,22.85,23.07,22.8,23.0,225617.83
2025-09-02 17:00:00+00:00,23.01,23.16,22.96,23.06,130472.97
2025-09-02 18:00:00+00:00,23.05,23.12,22.79,23.04,119780.21
2025-09-02 19:00:00+00:00,23.04,23.14,22.89,23.07,166859.26
2025-09-02 20:00:00+00:00,23.06,23.39,23.01,23.36,154693.02
2025-09-02 21:00:00+00:00,23.36,23.52,23.33,23.47,146995.95
2025-09-02 22:00:00+00:00,23.47,23.58,23.4,23.56,196875.4
2025-09-02 23:00:00+00:00,23.56,23.6,23.42,23.49,172752.12
2025-09-03 00:00:00+00:00,23.49,23.5,23.32,23.32,124713.54
2025-09-03 01:00:00+00:00,23.32,23.54,23.21,23.52,121195.58
2025-09-03 02:00:00+00:00,23.52,23.61,23.39,23.42,380423.01
2025-09-03 03:00:00+00:00,23.43,23.5,23.31,23.41,152592.22
2025-09-03 04:00:00+00:00,23.41,23.5,23.33,23.44,84628.53
2025-09-03 05:00:00+00:00,23.44,23.45,23.28,23.29,117573.32
2025-09-03 06:00:00+00:00,23.3,23.44,23.22,23.37,124601.58
2025-09-03 07:00:00+00:00,23.37,23.41,23.21,23.28,142767.84
2025-09-03 08:00:00+00:00,23.28,23.45,23.24,23.28,120968.38
2025-09-03 09:00:00+00:00,23.29,23.46,23.22,23.46,84679.42
2025-09-03 10:00:00+00:00,23.45,23.55,23.39,23.45,121505.84
2025-09-03 11:00:00+00:00,23.45,23.62,23.43,23.49,175462.0
2025-09-03 12:00:00+00:00,23.49,23.62,23.37,23.41,158044.91
2025-09-03 13:00:00+00:00,23.41,23.74,23.39,23.6,308782.42
2025-09-03 14:00:00+00:00,23.59,23.83,23.55,23.72,302432.08
2025-09-03 15:00:00+00:00,23.72,23.83,23.62,23.82,189780.26
2025-09-03 16:00:00+00:00,23.82,23.91,23.61,23.7,207211.69
2025-09-03 17:00:00+00:00,23.7,23.89,23.69,23.75,82281.41
2025-09-03 18:00:00+00:00,23.75,23.79,23.62,23.7,200228.83
2025-09-03 19:00:00+00:00,23.71,23.86,23.63,23.84,127429.63
2025-09-03 20:00:00+00:00,23.85,23.85,23.71,23.75,87739.29
2025-09-03 21:00:00+00:00,23.76,23.81,23.68,23.76,89460.53
2025-09-03 22:00:00+00:00,23.77,23.85,23.71,23.75,90406.72
2025-09-03 23:00:00+00:00,23.75,23.78,23.66,23.69,99386.34
2025-09-04 00:00:00+00:00,23.69,23.89,23.68,23.85,98184.07
2025-09-04 01:00:00+00:00,23.86,23.95,23.72,23.94,114001.04
2025-09-04 02:00:00+00:00,23.95,23.97,23.57,23.59,139006.59
2025-09-04 03:00:00+00:00,23.59,23.68,23.49,23.53,106852.49
2025-09-04 04:00:00+00:00,23.54,23.57,23.45,23.45,96425.47
2025-09-04 05:00:00+00:00,23.45,23.45,23.23,23.32,179229.03
2025-09-04 06:00:00+00:00,23.31,23.36,23.14,23.18,120249.22
2025-09-04 07:00:00+00:00,23.19,23.35,23.16,23.27,76276.03
2025-09-04 08:00:00+00:00,23.27,23.4,23.24,23.25,75368.03
2025-09-04 09:00:00+00:00,23.26,23.29,23.18,23.27,167397.09
2025-09-04 10:00:00+00:00,23.27,23.37,23.22,23.31,92162.71
2025-09-04 11:00:00+00:00,23.3,23.44,23.26,23.29,97096.9
2025-09-04 12:00:00+00:00,23.29,23.39,23.15,23.35,166974.89
2025-09-04 13:00:00+00:00,23.35,23.35,23.04,23.15,253205.23
2025-09-04 14:00:00+00:00,23.15,23.17,22.92,22.94,281307.6
2025-09-04 15:00:00+00:00,22.94,22.94,22.46,22.47,457806.66
2025-09-04 16:00:00+00:00,22.47,22.56,22.38,22.46,188304.53
2025-09-04 17:00:00+00:00,22.46,22.54,22.37,22.46,143934.9
2025-09-04 18:00:00+00:00,22.46,22.52,22.28,22.31,166387.33
2025-09-04 19:00:00+00:00,22.31,22.35,22.18,22.27,151492.88
2025-09-04 20:00:00+00:00,22.26,22.52,22.23,22.46,210360.44
2025-09-04 21:00:00+00:00,22.47,22.53,22.42,22.5,123203.57
2025-09-04 22:00:00+00:00,22.51,22.62,22.43,22.55,240176.28
2025-09-04 23:00:00+00:00,22.55,22.63,22.3,22.32,202450.38
2025-09-05 00:00:00+00:00,22.32,22.38,22.26,22.28,148805.09
2025-09-05 01:00:00+00:00,22.28,22.49,22.27,22.39,165594.7
2025-09-05 02:00:00+00:00,22.39,22.5,22.29,22.48,152463.7
2025-09-05 03:00:00+00:00,22.48,22.5,22.29,22.49,105569.35
2025-09-05 04:00:00+00:00,22.49,22.55,22.39,22.53,99588.48
2025-09-05 05:00:00+00:00,22.52,22.64,22.49,22.61,141866.68
2025-09-05 06:00:00+00:00,22.62,22.62,22.49,22.57,115885.86
2025-09-05 07:00:00+00:00,22.58,23.11,22.57,23.08,460518.59
2025-09-05 08:00:00+00:00,23.07,23.08,22.8,22.87,285531.33
2025-09-05 09:00:00+00:00,22.88,22.89,22.66,22.82,195822.05
2025-09-05 10:00:00+00:00,22.82,22.9,22.74,22.74,262220.55
2025-09-05 11:00:00+00:00,22.75,22.89,22.71,22.82,337778.71
2025-09-05 12:00:00+00:00,22.82,23.2,22.74,23.17,1145181.68
2025-09-05 13:00:00+00:00,23.17,23.24,22.93,23.0,402615.45
2025-09-05 14:00:00+00:00,22.99,23.0,22.09,22.2,951842.33
2025-09-05 15:00:00+00:00,22.2,22.43,22.12,22.23,284536.26
2025-09-05 16:00:00+00:00,22.23,22.31,22.16,22.18,252450.16
2025-09-05 17:00:00+00:00,22.18,22.2,22.04,22.13,255743.52
2025-09-05 18:00:00+00:00,22.13,22.4,22.07,22.37,167152.53
2025-09-05 19:00:00+00:00,22.38,22.48,22.31,22.47,142477.45
2025-09-05 20:00:00+00:00,22.47,22.55,22.33,22.54,128896.54
2025-09-05 21:00:00+00:00,22.55,22.55,22.21,22.26,304304.72
2025-09-05 22:00:00+00:00,22.27,22.45,22.23,22.39,125165.83
2025-09-05 23:00:00+00:00,22.39,22.42,22.26,22.28,95377.14
2025-09-06 00:00:00+00:00,22.28,22.47,22.25,22.44,110694.66
2025-09-06 01:00:00+00:00,22.44,22.5,22.37,22.46,68445.19
2025-09-06 02:00:00+00:00,22.46,22.52,22.38,22.45,123364.28
2025-09-06 03:00:00+00:00,22.45,22.49,22.38,22.4,65736.93
2025-09-06 04:00:00+00:00,22.4,22.41,22.28,22.29,96335.76
2025-09-06 05:00:00+00:00,22.29,22.31,22.13,22.16,115145.16
2025-09-06 06:00:00+00:00,22.16,22.24,22.14,22.17,84671.15
2025-09-06 07:00:00+00:00,22.17,22.22,22.16,22.22,84429.93
2025-09-06 08:00:00+00:00,22.21,22.24,22.15,22.22,64724.51
2025-09-06 09:00:00+00:00,22.21,22.21,22.12,22.14,78227.07
2025-09-06 10:00:00+00:00,22.14,22.29,22.05,22.24,225676.55
2025-09-06 11:00:00+00:00,22.24,22.28,22.16,22.27,81681.47
2025-09-06 12:00:00+00:00,22.28,22.33,22.17,22.18,112303.73
2025-09-06 13:00:00+00:00,22.18,22.24,22.11,22.19,151344.65
2025-09-06 14:00:00+00:00,22.19,22.28,22.17,22.19,101482.06
2025-09-06 15:00:00+00:00,22.19,22.21,22.03,22.07,138118.84
2025-09-06 16:00:00+00:00,22.06,22.29,22.02,22.22,196411.59
2025-09-06 17:00:00+00:00,22.22,22.23,22.04,22.09,109208.16
2025-09-06 18:00:00+00:00,22.08,22.15,22.03,22.07,47054.92
2025-09-06 19:00:00+00:00,22.07,22.09,21.87,21.9,126509.32
2025-09-06 20:00:00+00:00,21.9,22.06,21.89,22.05,63051.72
2025-09-06 21:00:00+00:00,22.06,22.16,22.0,22.14,69859.35
2025-09-06 22:00:00+00:00,22.15,22.25,22.14,22.25,114106.37
2025-09-06 23:00:00+00:00,22.25,22.29,22.18,22.19,58871.34
2025-09-07 00:00:00+00:00,22.2,22.32,22.18,22.28,58920.86
2025-09-07 01:00:00+00:00,22.28,22.37,22.26,22.33,51466.68
2025-09-07 02:00:00+00:00,22.33,22.37,22.29,22.36,39366.51
2025-09-07 03:00:00+00:00,22.35,22.45,22.33,22.38,94221.84
2025-09-07 04:00:00+00:00,22.37,22.46,22.37,22.45,40990.05
2025-09-07 05:00:00+00:00,22.44,22.47,22.34,22.37,82151.4
2025-09-07 06:00:00+00:00,22.37,22.39,22.27,22.29,76574.79
2025-09-07 07:00:00+00:00,22.28,22.38,22.25,22.3,52802.72
2025-09-07 08:00:00+00:00,22.3,22.47,22.3,22.34,119109.88
2025-09-07 09:00:00+00:00,22.34,22.38,22.21,22.25,46740.15
2025-09-07 10:00:00+00:00,22.25,22.29,22.22,22.27,47784.63
2025-09-07 11:00:00+00:00,22.27,22.45,22.13,22.37,304498.71
2025-09-07 12:00:00+00:00,22.37,22.41,22.22,22.26,86093.43
2025-09-07 13:00:00+00:00,22.26,22.36,22.23,22.34,67805.12
2025-09-07 14:00:00+00:00,22.34,22.47,22.3,22.37,165412.97
2025-09-07 15:00:00+00:00,22.37,22.46,22.35,22.4,87134.18
2025-09-07 16:00:00+00:00,22.41,22.41,22.26,22.28,52982.53
2025-09-07 17:00:00+00:00,22.28,22.3,22.19,22.19,54342.95
2025-09-07 18:00:00+00:00,22.2,22.24,22.12,22.16,47911.27
2025-09-07 19:00:00+00:00,22.16,22.28,22.14,22.21,47989.22
2025-09-07 20:00:00+00:00,22.2,22.3,22.16,22.3,25843.15
2025-09-07 21:00:00+00:00,22.3,22.3,22.22,22.25,40553.57
2025-09-07 22:00:00+00:00,22.24,22.5,22.24,22.49,70020.25
2025-09-07 23:00:00+00:00,22.49,22.61,22.42,22.47,130629.21
2025-09-08 00:00:00+00:00,22.47,22.58,22.33,22.38,87167.95
2025-09-08 01:00:00+00:00,22.39,22.39,22.23,22.28,136448.0
2025-09-08 02:00:00+00:00,22.28,22.57,22.23,22.57,166197.81
2025-09-08 03:00:00+00:00,22.56,22.8,22.55,22.6,167569.18
2025-09-08 04:00:00+00:00,22.6,22.62,22.45,22.47,82857.66
2025-09-08 05:00:00+00:00,22.47,22.51,22.39,22.49,45225.89
2025-09-08 06:00:00+00:00,22.49,22.5,22.33,22.41,70916.57
2025-09-08 07:00:00+00:00,22.4,22.54,22.33,22.4,101348.8
2025-09-08 08:00:00+00:00,22.4,22.6,22.36,22.56,167527.08
2025-09-08 09:00:00+00:00,22.56,22.9,22.5,22.89,394445.82
2025-09-08 10:00:00+00:00,22.89,23.2,22.86,23.13,459768.99
2025-09-08 11:00:00+00:00,23.13,23.15,22.83,22.98,208283.38
2025-09-08 12:00:00+00:00,22.98,23.15,22.92,23.12,149187.88
2025-09-08 13:00:00+00:00,23.13,23.3,22.9,22.92,244417.45
2025-09-08 14:00:00+00:00,22.91,23.24,22.9,23.11,252298.53
2025-09-08 15:00:00+00:00,23.12,23.28,23.07,23.22,159410.98
2025-09-08 16:00:00+00:00,23.21,23.31,23.05,23.08,160659.66
2025-09-08 17:00:00+00:00,23.08,23.15,22.93,23.0,150845.39
2025-09-08 18:00:00+00:00,23.01,23.18,23.0,23.1,123402.0
2025-09-08 19:00:00+00:00,23.1,23.1,22.9,22.99,80084.14
2025-09-08 20:00:00+00:00,23.0,23.02,22.84,22.9,64766.19
2025-09-08 21:00:00+00:00,22.91,23.14,22.85,23.13,60842.0
2025-09-08 22:00:00+00:00,23.14,23.18,23.04,23.06,145942.38
2025-09-08 23:00:00+00:00,23.07,23.15,22.96,23.04,87932.22
2025-09-09 00:00:00+00:00,23.04,23.26,23.03,23.24,302057.27
2025-09-09 01:00:00+00:00,23.24,23.3,22.98,23.05,155811.14
2025-09-09 02:00:00+00:00,23.04,23.09,22.86,22.9,225689.55
2025-09-09 03:00:00+00:00,22.9,23.2,22.86,23.18,95053.97
2025-09-09 04:00:00+00:00,23.18,23.32,23.09,23.21,181865.06
2025-09-09 05:00:00+00:00,23.21,23.31,23.08,23.3,112994.44
2025-09-09 06:00:00+00:00,23.3,23.77,23.28,23.62,468314.65
2025-09-09 07:00:00+00:00,23.63,23.78,23.57,23.67,266943.63
2025-09-09 08:00:00+00:00,23.68,23.77,23.58,23.69,142903.25
2025-09-09 09:00:00+00:00,23.7,23.82,23.62,23.65,191052.15
2025-09-09 10:00:00+00:00,23.65,23.78,23.6,23.64,152955.95
2025-09-09 11:00:00+00:00,23.65,23.7,23.51,23.52,144911.46
2025-09-09 12:00:00+00:00,23.53,23.76,23.45,23.67,252368.25
2025-09-09 13:00:00+00:00,23.66,23.71,23.47,23.57,241851.98
2025-09-09 14:00:00+00:00,23.58,23.67,23.03,23.21,649725.11
2025-09-09 15:00:00+00:00,23.2,23.25,22.83,22.94,281625.82
2025-09-09 16:00:00+00:00,22.93,23.01,22.84,22.98,219687.4
2025-09-09 17:00:00+00:00,22.98,23.09,22.9,22.94,98822.31
2025-09-09 18:00:00+00:00,22.95,23.06,22.9,22.99,95260.91
2025-09-09 19:00:00+00:00,22.98,23.11,22.92,23.07,64036.43
2025-09-09 20:00:00+00:00,23.07,23.11,22.97,23.1,68279.5
2025-09-09 21:00:00+00:00,23.1,23.2,22.98,22.99,83543.28
2025-09-09 22:00:00+00:00,23.0,23.13,22.96,23.11,52389.4
2025-09-09 23:00:00+00:00,23.12,23.12,23.01,23.05,84898.71
2025-09-10 00:00:00+00:00,23.05,23.1,22.89,22.91,71886.91
2025-09-10 01:00:00+00:00,22.91,23.08,22.89,23.05,104797.59
2025-09-10 02:00:00+00:00,23.06,23.42,23.06,23.36,163084.87
2025-09-10 03:00:00+00:00,23.35,23.42,23.24,23.39,139481.12
2025-09-10 04:00:00+00:00,23.4,23.4,23.21,23.28,49700.21
2025-09-10 05:00:00+00:00,23.28,23.46,23.15,23.39,132664.25
2025-09-10 06:00:00+00:00,23.39,23.59,23.29,23.54,109937.45
2025-09-10 07:00:00+00:00,23.55,23.67,23.26,23.44,227743.85
2025-09-10 08:00:00+00:00,23.45,23.53,23.38,23.44,107922.77
2025-09-10 09:00:00+00:00,23.44,23.49,23.32,23.39,96588.09
2025-09-10 10:00:00+00:00,23.38,23.45,23.32,23.38,50797.52
2025-09-10 11:00:00+00:00,23.38,23.45,23.28,23.35,47216.92
2025-09-10 12:00:00+00:00,23.36,23.74,23.34,23.64,454802.13
2025-09-10 13:00:00+00:00,23.64,23.93,23.59,23.77,476248.76
2025-09-10 14:00:00+00:00,23.77,23.9,23.6,23.62,219450.67
2025-09-10 15:00:00+00:00,23.62,23.74,23.59,23.68,96083.13
2025-09-10 16:00:00+00:00,23.67,23.7,23.45,23.63,124756.32
2025-09-10 17:00:00+00:00,23.63,23.69,23.46,23.61,84353.53
2025-09-10 18:00:00+00:00,23.61,23.64,23.44,23.52,59280.63
2025-09-10 19:00:00+00:00,23.53,23.55,23.2,23.32,174109.16
2025-09-10 20:00:00+00:00,23.33,23.41,23.3,23.33,90350.19
2025-09-10 21:00:00+00:00,23.33,23.55,23.31,23.54,94523.31
2025-09-10 22:00:00+00:00,23.55,23.61,23.49,23.59,64508.83
2025-09-10 23:00:00+00:00,23.59,23.62,23.5,23.57,62464.96
2025-09-11 00:00:00+00:00,23.57,23.68,23.43,23.66,84784.29
2025-09-11 01:00:00+00:00,23.67,23.77,23.62,23.74,72008.13
2025-09-11 02:00:00+00:00,23.73,23.76,23.65,23.7,43305.51
2025-09-11 03:00:00+00:00,23.7,23.84,23.69,23.81,80544.1
2025-09-11 04:00:00+00:00,23.81,23.86,23.76,23.78,81578.44
2025-09-11 05:00:00+00:00,23.79,23.8,23.65,23.76,129356.45
2025-09-11 06:00:00+00:00,23.76,23.88,23.68,23.83,98881.82
2025-09-11 07:00:00+00:00,23.83,23.9,23.76,23.83,104349.93
2025-09-11 08:00:00+00:00,23.82,23.86,23.77,23.83,69016.37
2025-09-11 09:00:00+00:00,23.83,23.84,23.68,23.76,97001.93
2025-09-11 10:00:00+00:00,23.75,23.83,23.71,23.76,47083.37
2025-09-11 11:00:00+00:00,23.75,23.85,23.74,23.76,70988.37
2025-09-11 12:00:00+00:00,23.77,24.27,23.31,23.75,1246768.7
2025-09-11 13:00:00+00:00,23.76,23.81,23.44,23.78,297633.9
2025-09-11 14:00:00+00:00,23.79,23.79,23.49,23.63,135415.25
2025-09-11 15:00:00+00:00,23.62,23.68,23.48,23.52,94151.96
2025-09-11 16:00:00+00:00,23.52,23.67,23.51,23.6,58150.93
2025-09-11 17:00:00+00:00,23.6,23.73,23.56,23.72,93287.0
2025-09-11 18:00:00+00:00,23.72,23.83,23.68,23.81,91594.6
2025-09-11 19:00:00+00:00,23.8,23.99,23.75,23.94,96577.57
2025-09-11 20:00:00+00:00,23.94,24.25,23.88,24.18,406644.79
2025-09-11 21:00:00+00:00,24.18,24.22,24.12,24.18,121403.4
2025-09-11 22:00:00+00:00,24.18,24.42,24.13,24.4,208953.1
2025-09-11 23:00:00+00:00,24.4,24.5,24.33,24.47,196383.65
2025-09-12 00:00:00+00:00,24.47,24.75,24.36,24.65,387617.61
2025-09-12 01:00:00+00:00,24.65,24.71,24.4,24.4,257053.5
2025-09-12 02:00:00+00:00,24.4,24.72,24.4,24.68,203923.0
2025-09-12 03:00:00+00:00,24.68,24.71,24.55,24.69,112611.0
2025-09-12 04:00:00+00:00,24.69,24.83,24.58,24.68,150158.95
2025-09-12 05:00:00+00:00,24.68,24.79,24.6,24.79,124049.01
2025-09-12 06:00:00+00:00,24.79,24.8,24.61,24.64,96842.53
2025-09-12 07:00:00+00:00,24.64,24.72,24.52,24.53,112495.32
2025-09-12 08:00:00+00:00,24.54,24.55,24.41,24.46,97861.26
2025-09-12 09:00:00+00:00,24.46,24.54,24.41,24.5,128040.12
2025-09-12 10:00:00+00:00,24.49,24.5,24.29,24.39,130455.54
2025-09-12 11:00:00+00:00,24.39,24.51,24.3,24.32,156981.7
2025-09-12 12:00:00+00:00,24.32,24.4,24.16,24.35,158932.69
2025-09-12 13:00:00+00:00,24.35,24.43,24.27,24.41,104815.13
2025-09-12 14:00:00+00:00,24.41,24.67,24.33,24.57,663393.5
2025-09-12 15:00:00+00:00,24.58,24.58,24.35,24.49,99743.49
2025-09-12 16:00:00+00:00,24.49,24.69,24.42,24.6,307387.14
2025-09-12 17:00:00+00:00,24.61,24.82,24.53,24.82,199804.74
2025-09-12 18:00:00+00:00,24.82,25.02,24.78,24.98,276802.1
2025-09-12 19:00:00+00:00,24.98,25.15,24.92,25.12,156836.61
2025-09-12 20:00:00+00:00,25.13,25.22,24.92,25.22,231168.68
2025-09-12 21:00:00+00:00,25.21,25.22,24.92,24.94,139137.86
2025-09-12 22:00:00+00:00,24.94,25.33,24.94,25.13,261532.51
2025-09-12 23:00:00+00:00,25.13,25.2,25.0,25.13,88074.71
2025-09-13 00:00:00+00:00,25.12,25.14,25.02,25.07,194961.42
2025-09-13 01:00:00+00:00,25.08,25.25,24.98,24.98,229875.11
2025-09-13 02:00:00+00:00,24.99,25.09,24.93,25.05,89338.22
2025-09-13 03:00:00+00:00,25.04,25.3,25.04,25.23,149656.79
2025-09-13 04:00:00+00:00,25.23,25.24,25.12,25.13,90704.5
2025-09-13 05:00:00+00:00,25.14,25.14,25.01,25.08,181748.77
2025-09-13 06:00:00+00:00,25.08,25.23,25.06,25.14,144473.21
2025-09-13 07:00:00+00:00,25.14,25.21,25.09,25.16,59865.9
2025-09-13 08:00:00+00:00,25.17,25.49,25.16,25.44,278869.82
2025-09-13 09:00:00+00:00,25.44,25.64,25.39,25.53,258646.3
2025-09-13 10:00:00+00:00,25.54,25.54,25.18,25.27,293327.42
2025-09-13 11:00:00+00:00,25.26,25.29,25.07,25.29,253219.44
2025-09-13 12:00:00+00:00,25.28,25.33,25.2,25.33,111172.32
2025-09-13 13:00:00+00:00,25.32,25.41,24.69,25.01,367750.21
2025-09-13 14:00:00+00:00,25.01,25.14,24.83,24.96,211362.1
2025-09-13 15:00:00+00:00,24.97,25.09,24.77,24.83,191204.79
2025-09-13 16:00:00+00:00,24.84,24.92,24.58,24.64,338733.11
2025-09-13 17:00:00+00:00,24.65,24.79,24.44,24.77,234534.43
2025-09-13 18:00:00+00:00,24.77,24.8,24.66,24.74,76807.93
2025-09-13 19:00:00+00:00,24.74,24.78,24.69,24.76,71113.9
2025-09-13 20:00:00+00:00,24.76,24.93,24.75,24.92,125452.77
2025-09-13 21:00:00+00:00,24.91,24.98,24.81,24.85,102758.58
2025-09-13 22:00:00+00:00,24.85,24.89,24.77,24.83,39198.06
2025-09-13 23:00:00+00:00,24.82,24.92,24.8,24.88,59480.68
2025-09-14 00:00:00+00:00,24.88,24.91,24.73,24.8,70808.71
2025-09-14 01:00:00+00:00,24.81,24.86,24.65,24.85,75414.98
2025-09-14 02:00:00+00:00,24.86,25.02,24.81,24.92,163989.95
2025-09-14 03:00:00+00:00,24.92,24.94,24.63,24.66,86139.53
2025-09-14 04:00:00+00:00,24.67,24.73,24.47,24.64,171053.02
2025-09-14 05:00:00+00:00,24.64,24.85,24.62,24.85,65274.91
2025-09-14 06:00:00+00:00,24.85,24.89,24.65,24.73,80726.76
2025-09-14 07:00:00+00:00,24.73,24.74,24.53,24.6,91787.35
2025-09-14 08:00:00+00:00,24.6,24.69,24.54,24.59,50384.98
2025-09-14 09:00:00+00:00,24.59,24.72,24.55,24.69,71392.22
2025-09-14 10:00:00+00:00,24.68,24.77,24.63,24.65,58809.39
2025-09-14 11:00:00+00:00,24.64,24.68,24.31,24.37,185808.84
2025-09-14 12:00:00+00:00,24.37,24.49,24.18,24.29,113269.94
2025-09-14 13:00:00+00:00,24.29,24.32,24.02,24.14,172329.02
2025-09-14 14:00:00+00:00,24.13,24.29,23.84,23.99,311832.29
2025-09-14 15:00:00+00:00,23.99,24.1,23.88,24.04,124074.35
2025-09-14 16:00:00+00:00,24.04,24.19,24.0,24.1,91034.82
2025-09-14 17:00:00+00:00,24.1,24.27,24.06,24.22,110162.13
2025-09-14 18:00:00+00:00,24.23,24.23,24.08,24.11,90043.48
2025-09-14 19:00:00+00:00,24.11,24.25,24.05,24.16,73246.71
2025-09-14 20:00:00+00:00,24.16,24.25,24.14,24.23,56406.24
2025-09-14 21:00:00+00:00,24.22,24.36,24.08,24.3,155063.18
2025-09-14 22:00:00+00:00,24.3,24.4,24.16,24.34,73404.17
2025-09-14 23:00:00+00:00,24.33,24.33,24.04,24.09,58686.19
2025-09-15 00:00:00+00:00,24.1,24.26,24.04,24.1,75482.58
2025-09-15 01:00:00+00:00,24.09,24.24,23.91,24.16,102317.42
2025-09-15 02:00:00+00:00,24.15,24.29,24.09,24.11,78492.71
2025-09-15 03:00:00+00:00,24.1,24.32,24.08,24.26,73602.16
2025-09-15 04:00:00+00:00,24.27,24.39,24.22,24.24,75412.87
2025-09-15 05:00:00+00:00,24.24,24.44,24.21,24.42,87726.44
2025-09-15 06:00:00+00:00,24.43,24.44,24.01,24.13,154979.86
2025-09-15 07:00:00+00:00,24.12,24.29,23.76,23.85,301655.01
2025-09-15 08:00:00+00:00,23.85,23.86,23.22,23.24,871810.77
2025-09-15 09:00:00+00:00,23.24,23.46,23.19,23.42,217071.2
2025-09-15 10:00:00+00:00,23.41,23.44,23.25,23.41,100629.56
2025-09-15 11:00:00+00:00,23.41,23.48,23.33,23.42,65384.23
2025-09-15 12:00:00+00:00,23.42,23.45,23.2,23.24,166488.49
2025-09-15 13:00:00+00:00,23.25,23.41,23.18,23.32,179167.2
2025-09-15 14:00:00+00:00,23.32,23.4,23.15,23.23,204808.32
2025-09-15 15:00:00+00:00,23.23,23.31,22.99,23.17,241592.74
2025-09-15 16:00:00+00:00,23.16,23.25,23.0,23.07,111646.44
2025-09-15 17:00:00+00:00,23.06,23.26,22.97,23.26,99348.89
2025-09-15 18:00:00+00:00,23.25,23.35,23.17,23.32,76716.2
2025-09-15 19:00:00+00:00,23.32,23.41,23.2,23.35,75050.64
2025-09-15 20:00:00+00:00,23.35,23.58,23.32,23.58,101559.83
2025-09-15 21:00:00+00:00,23.58,23.85,23.49,23.81,109200.32
2025-09-15 22:00:00+00:00,23.82,23.87,23.59,23.63,80226.64
2025-09-15 23:00:00+00:00,23.63,23.65,23.54,23.56,48125.42
2025-09-16 00:00:00+00:00,23.56,23.59,23.45,23.52,59264.62
2025-09-16 01:00:00+00:00,23.52,23.63,23.41,23.42,111741.91
2025-09-16 02:00:00+00:00,23.43,23.61,23.43,23.45,71515.27
2025-09-16 03:00:00+00:00,23.45,23.51,23.36,23.36,99875.82
2025-09-16 04:00:00+00:00,23.37,23.39,23.16,23.35,94404.25
2025-09-16 05:00:00+00:00,23.35,23.55,23.32,23.55,88392.92
2025-09-16 06:00:00+00:00,23.55,23.58,23.32,23.4,68135.92
2025-09-16 07:00:00+00:00,23.4,23.53,23.39,23.49,48604.83
2025-09-16 08:00:00+00:00,23.5,23.73,23.49,23.68,122306.53
2025-09-16 09:00:00+00:00,23.67,23.76,23.6,23.72,76570.34
2025-09-16 10:00:00+00:00,23.72,23.75,23.56,23.57,122765.98
2025-09-16 11:00:00+00:00,23.58,23.68,23.5,23.62,60996.49
2025-09-16 12:00:00+00:00,23.62,23.7,23.54,23.55,55251.23
2025-09-16 13:00:00+00:00,23.56,23.63,23.26,23.48,180229.32
2025-09-16 14:00:00+00:00,23.48,23.48,23.1,23.36,192815.85
2025-09-16 15:00:00+00:00,23.36,23.48,23.25,23.45,157319.46
2025-09-16 16:00:00+00:00,23.45,23.47,23.24,23.46,202114.73
2025-09-16 17:00:00+00:00,23.45,23.74,23.44,23.56,213784.62
2025-09-16 18:00:00+00:00,23.57,23.68,23.43,23.49,51337.89
2025-09-16 19:00:00+00:00,23.5,23.59,23.45,23.58,79210.5
2025-09-16 20:00:00+00:00,23.58,23.59,23.48,23.58,99552.89
2025-09-16 21:00:00+00:00,23.58,23.7,23.52,23.69,91326.43
2025-09-16 22:00:00+00:00,23.7,23.75,23.58,23.61,128661.69
2025-09-16 23:00:00+00:00,23.61,23.61,23.45,23.48,89830.96
2025-09-17 00:00:00+00:00,23.49,23.54,23.38,23.53,79209.39
2025-09-17 01:00:00+00:00,23.53,23.57,23.4,23.47,79674.52
2025-09-17 02:00:00+00:00,23.46,23.63,23.41,23.48,64010.48
2025-09-17 03:00:00+00:00,23.48,23.55,23.29,23.31,75620.12
2025-09-17 04:00:00+00:00,23.3,23.36,23.19,23.25,49755.38
2025-09-17 05:00:00+00:00,23.24,23.43,23.2,23.42,62618.27
2025-09-17 06:00:00+00:00,23.41,23.58,23.32,23.57,106819.88
2025-09-17 07:00:00+00:00,23.57,23.62,23.5,23.56,76963.0
2025-09-17 08:00:00+00:00,23.56,23.57,23.31,23.32,94822.88
2025-09-17 09:00:00+00:00,23.32,23.32,23.22,23.24,190048.5
2025-09-17 10:00:00+00:00,23.24,23.27,23.02,23.12,226571.87
2025-09-17 11:00:00+00:00,23.12,23.21,23.0,23.08,222452.56
2025-09-17 12:00:00+00:00,23.07,23.11,22.75,22.98,728113.46
2025-09-17 13:00:00+00:00,22.97,23.09,22.91,22.96,137958.95
2025-09-17 14:00:00+00:00,22.96,23.01,22.86,22.88,151199.52
2025-09-17 15:00:00+00:00,22.89,22.98,22.86,22.97,87794.06
2025-09-17 16:00:00+00:00,22.96,23.1,22.85,23.08,102117.84
2025-09-17 17:00:00+00:00,23.08,23.37,22.83,22.83,279739.99
2025-09-17 18:00:00+00:00,22.83,23.31,22.77,22.95,945699.36
2025-09-17 19:00:00+00:00,22.95,23.5,22.94,23.45,279759.69
2025-09-17 20:00:00+00:00,23.45,23.75,23.38,23.42,251930.27
2025-09-17 21:00:00+00:00,23.41,23.75,23.23,23.69,206271.76
2025-09-17 22:00:00+00:00,23.69,24.16,23.69,24.09,560317.55
2025-09-17 23:00:00+00:00,24.09,24.24,23.91,23.99,256110.38
2025-09-18 00:00:00+00:00,24.0,24.07,23.83,23.9,145193.48
2025-09-18 01:00:00+00:00,23.91,24.11,23.88,24.02,185361.99
2025-09-18 02:00:00+00:00,24.03,24.03,23.87,24.0,83266.85
2025-09-18 03:00:00+00:00,24.0,24.19,23.94,24.13,169799.55
2025-09-18 04:00:00+00:00,24.13,24.16,23.97,24.08,115552.26
2025-09-18 05:00:00+00:00,24.08,24.09,23.86,23.94,95894.3
2025-09-18 06:00:00+00:00,23.95,23.98,23.68,23.83,147853.24
2025-09-18 07:00:00+00:00,23.84,24.07,23.76,23.96,83935.32
2025-09-18 08:00:00+00:00,23.97,24.26,23.91,24.24,118395.5
2025-09-18 09:00:00+00:00,24.25,24.43,24.16,24.29,197628.35
2025-09-18 10:00:00+00:00,24.28,24.31,24.09,24.2,141438.2
2025-09-18 11:00:00+00:00,24.21,24.26,24.14,24.2,106810.81
2025-09-18 12:00:00+00:00,24.21,24.33,24.1,24.31,175046.8
2025-09-18 13:00:00+00:00,24.3,24.4,24.05,24.33,292029.42
2025-09-18 14:00:00+00:00,24.33,24.42,24.27,24.38,181472.93
2025-09-18 15:00:00+00:00,24.39,24.5,24.33,24.47,189148.92
2025-09-18 16:00:00+00:00,24.47,24.5,24.34,24.41,96905.02
2025-09-18 17:00:00+00:00,24.42,24.59,24.35,24.57,183064.77
2025-09-18 18:00:00+00:00,24.56,24.6,24.48,24.59,108745.6
2025-09-18 19:00:00+00:00,24.58,24.6,24.34,24.49,112203.34
2025-09-18 20:00:00+00:00,24.48,24.6,24.45,24.58,96120.5
2025-09-18 21:00:00+00:00,24.59,24.65,24.51,24.58,103266.49
2025-09-18 22:00:00+00:00,24.58,24.75,24.48,24.67,168473.6
2025-09-18 23:00:00+00:00,24.67,24.7,24.49,24.62,206824.79
2025-09-19 00:00:00+00:00,24.63,24.78,24.63,24.72,101657.24
2025-09-19 01:00:00+00:00,24.73,24.89,24.65,24.8,221651.08
2025-09-19 02:00:00+00:00,24.79,24.84,24.61,24.71,159215.21
2025-09-19 03:00:00+00:00,24.71,24.8,24.42,24.47,244324.21
2025-09-19 04:00:00+00:00,24.47,24.66,24.23,24.66,290590.62
2025-09-19 05:00:00+00:00,24.66,24.67,24.37,24.51,163085.62
2025-09-19 06:00:00+00:00,24.51,24.59,24.38,24.39,161559.37
2025-09-19 07:00:00+00:00,24.39,24.85,24.26,24.73,361955.67
2025-09-19 08:00:00+00:00,24.73,24.86,24.58,24.6,228422.22
2025-09-19 09:00:00+00:00,24.61,24.7,24.36,24.41,167991.0
2025-09-19 10:00:00+00:00,24.41,24.44,24.22,24.22,171739.85
2025-09-19 11:00:00+00:00,24.22,24.23,23.8,23.85,304890.91
2025-09-19 12:00:00+00:00,23.85,23.99,23.81,23.82,179372.95
2025-09-19 13:00:00+00:00,23.81,23.99,23.76,23.88,202605.26
2025-09-19 14:00:00+00:00,23.88,23.93,23.53,23.59,226155.43
2025-09-19 15:00:00+00:00,23.58,23.63,23.33,23.61,392286.27
2025-09-19 16:00:00+00:00,23.6,23.72,23.57,23.64,87942.48
2025-09-19 17:00:00+00:00,23.64,23.64,23.38,23.39,149264.74
2025-09-19 18:00:00+00:00,23.39,23.5,23.27,23.42,81676.56
2025-09-19 19:00:00+00:00,23.41,23.52,23.38,23.39,47879.4
2025-09-19 20:00:00+00:00,23.38,23.51,23.38,23.42,62566.67
2025-09-19 21:00:00+00:00,23.41,23.56,23.36,23.55,98168.68
2025-09-19 22:00:00+00:00,23.55,23.59,23.51,23.57,42237.25
2025-09-19 23:00:00+00:00,23.56,23.67,23.38,23.47,110820.21
2025-09-20 00:00:00+00:00,23.48,23.66,23.44,23.65,57710.73
2025-09-20 01:00:00+00:00,23.65,23.65,23.45,23.48,66352.98
2025-09-20 02:00:00+00:00,23.48,23.5,23.34,23.47,90656.34
2025-09-20 03:00:00+00:00,23.48,23.48,23.36,23.42,32922.11
2025-09-20 04:00:00+00:00,23.42,23.47,23.37,23.43,103180.9
2025-09-20 05:00:00+00:00,23.44,23.49,23.36,23.47,64117.36
2025-09-20 06:00:00+00:00,23.48,23.53,23.38,23.53,49297.46
2025-09-20 07:00:00+00:00,23.52,23.59,23.43,23.51,60549.65
2025-09-20 08:00:00+00:00,23.51,23.51,23.18,23.26,165827.17
2025-09-20 09:00:00+00:00,23.27,23.32,23.16,23.17,91882.13
2025-09-20 10:00:00+00:00,23.18,23.27,23.14,23.15,69616.17
2025-09-20 11:00:00+00:00,23.16,23.31,23.15,23.29,110366.16
2025-09-20 12:00:00+00:00,23.29,23.31,23.16,23.19,88602.58
2025-09-20 13:00:00+00:00,23.19,23.19,23.12,23.15,46069.98
2025-09-20 14:00:00+00:00,23.15,23.41,23.09,23.4,94372.89
2025-09-20 15:00:00+00:00,23.4,23.58,23.38,23.42,157943.21
2025-09-20 16:00:00+00:00,23.43,23.5,23.31,23.44,71096.53
2025-09-20 17:00:00+00:00,23.45,23.45,23.32,23.36,46737.56
2025-09-20 18:00:00+00:00,23.35,23.36,23.23,23.27,51595.89
2025-09-20 19:00:00+00:00,23.26,23.34,23.23,23.3,19401.48
2025-09-20 20:00:00+00:00,23.29,23.4,23.27,23.39,42308.48
2025-09-20 21:00:00+00:00,23.39,23.46,23.36,23.39,45144.62
2025-09-20 22:00:00+00:00,23.39,23.39,23.32,23.37,23809.78
2025-09-20 23:00:00+00:00,23.38,23.38,23.3,23.34,42447.37
2025-09-21 00:00:00+00:00,23.33,23.43,23.28,23.4,31388.05
2025-09-21 01:00:00+00:00,23.4,23.42,23.3,23.31,30403.62
2025-09-21 02:00:00+00:00,23.32,23.4,23.24,23.37,61783.13
2025-09-21 03:00:00+00:00,23.37,23.38,23.31,23.37,29632.23
2025-09-21 04:00:00+00:00,23.38,23.39,23.27,23.32,54171.69
2025-09-21 05:00:00+00:00,23.33,23.42,23.28,23.42,53970.31
2025-09-21 06:00:00+00:00,23.43,23.49,23.35,23.35,41704.92
2025-09-21 07:00:00+00:00,23.35,23.36,23.3,23.36,43019.13
2025-09-21 08:00:00+00:00,23.35,23.4,23.19,23.2,78070.06
2025-09-21 09:00:00+00:00,23.21,23.23,23.02,23.2,107504.44
2025-09-21 10:00:00+00:00,23.19,23.22,23.09,23.11,128915.6
2025-09-21 11:00:00+00:00,23.1,23.2,23.08,23.11,69377.51
2025-09-21 12:00:00+00:00,23.11,23.27,23.09,23.13,35474.21
2025-09-21 13:00:00+00:00,23.14,23.23,23.12,23.17,48772.38
2025-09-21 14:00:00+00:00,23.18,23.23,23.07,23.1,62557.94
2025-09-21 15:00:00+00:00,23.09,23.16,23.04,23.09,44074.09
2025-09-21 16:00:00+00:00,23.09,23.11,22.93,22.99,99736.16
2025-09-21 17:00:00+00:00,23.0,23.14,22.9,23.14,59368.17
2025-09-21 18:00:00+00:00,23.14,23.2,23.08,23.19,23827.61
2025-09-21 19:00:00+00:00,23.19,23.2,23.05,23.18,36347.34
2025-09-21 20:00:00+00:00,23.18,23.19,23.06,23.09,30411.62
2025-09-21 21:00:00+00:00,23.1,23.13,23.02,23.05,43980.51
2025-09-21 22:00:00+00:00,23.05,23.12,22.92,23.1,57276.79
2025-09-21 23:00:00+00:00,23.09,23.1,22.91,22.96,50126.24
2025-09-22 00:00:00+00:00,22.95,23.05,22.22,22.33,976853.65
2025-09-22 01:00:00+00:00,22.33,22.51,22.27,22.34,260200.52
2025-09-22 02:00:00+00:00,22.33,22.37,21.91,22.08,498866.99
2025-09-22 03:00:00+00:00,22.09,22.22,22.07,22.17,175385.7
2025-09-22 04:00:00+00:00,22.18,22.24,22.09,22.15,98752.74
2025-09-22 05:00:00+00:00,22.15,22.16,21.67,21.69,213155.9
2025-09-22 06:00:00+00:00,21.69,21.72,20.24,21.34,2630195.9
2025-09-22 07:00:00+00:00,21.33,21.39,21.21,21.28,432302.5
2025-09-22 08:00:00+00:00,21.28,21.4,21.18,21.34,234115.01
2025-09-22 09:00:00+00:00,21.34,21.35,21.07,21.1,231900.14
2025-09-22 10:00:00+00:00,21.1,21.35,21.06,21.34,136179.45
2025-09-22 11:00:00+00:00,21.33,21.4,21.18,21.21,113614.89
2025-09-22 12:00:00+00:00,21.21,21.49,21.16,21.43,218869.74
2025-09-22 13:00:00+00:00,21.42,21.59,21.35,21.59,246938.11
2025-09-22 14:00:00+00:00,21.58,21.61,21.33,21.38,234009.34
2025-09-22 15:00:00+00:00,21.38,21.42,21.19,21.19,266285.04
2025-09-22 16:00:00+00:00,21.2,21.35,21.2,21.24,173945.09
2025-09-22 17:00:00+00:00,21.25,21.31,21.13,21.21,113155.94
2025-09-22 18:00:00+00:00,21.21,21.33,21.17,21.26,142615.61
2025-09-22 19:00:00+00:00,21.25,21.33,21.11,21.17,378188.95
2025-09-22 20:00:00+00:00,21.17,21.49,21.15,21.47,233799.75
2025-09-22 21:00:00+00:00,21.47,21.61,21.43,21.58,104878.17
2025-09-22 22:00:00+00:00,21.58,21.61,21.5,21.52,45331.55
2025-09-22 23:00:00+00:00,21.52,21.68,21.51,21.65,65117.15
2025-09-23 00:00:00+00:00,21.66,21.77,21.54,21.59,146507.29
2025-09-23 01:00:00+00:00,21.58,21.64,21.46,21.46,151563.21
2025-09-23 02:00:00+00:00,21.47,21.57,21.26,21.27,154807.44
2025-09-23 03:00:00+00:00,21.28,21.74,21.17,21.57,208808.75
2025-09-23 04:00:00+00:00,21.57,21.62,21.36,21.45,80973.99
2025-09-23 05:00:00+00:00,21.45,21.65,21.38,21.51,121951.8
2025-09-23 06:00:00+00:00,21.51,21.87,21.5,21.86,246834.65
2025-09-23 07:00:00+00:00,21.85,21.89,21.76,21.8,180340.29
2025-09-23 08:00:00+00:00,21.8,21.87,21.71,21.79,152987.09
2025-09-23 09:00:00+00:00,21.79,21.88,21.69,21.78,135626.3
2025-09-23 10:00:00+00:00,21.77,21.85,21.73,21.82,79699.02
2025-09-23 11:00:00+00:00,21.83,21.85,21.69,21.78,94196.74
2025-09-23 12:00:00+00:00,21.78,21.92,21.76,21.86,120860.65
2025-09-23 13:00:00+00:00,21.85,21.92,21.72,21.82,144584.86
2025-09-23 14:00:00+00:00,21.83,22.05,21.77,21.86,215940.92
2025-09-23 15:00:00+00:00,21.85,22.02,21.73,21.86,182326.75
2025-09-23 16:00:00+00:00,21.86,21.99,21.74,21.97,203406.16
2025-09-23 17:00:00+00:00,21.97,21.98,21.64,21.7,138384.32
2025-09-23 18:00:00+00:00,21.69,21.76,21.56,21.62,121359.68
2025-09-23 19:00:00+00:00,21.62,21.86,21.53,21.58,141574.08
2025-09-23 20:00:00+00:00,21.58,21.74,21.48,21.73,112956.69
2025-09-23 21:00:00+00:00,21.73,21.82,21.62,21.75,69155.88
2025-09-23 22:00:00+00:00,21.75,21.78,21.61,21.69,51245.73
2025-09-23 23:00:00+00:00,21.69,21.73,21.5,21.52,82711.21
2025-09-24 00:00:00+00:00,21.52,21.68,21.48,21.5,73823.05
2025-09-24 01:00:00+00:00,21.5,21.69,21.46,21.67,65018.66
2025-09-24 02:00:00+00:00,21.67,21.67,21.41,21.52,171913.37
2025-09-24 03:00:00+00:00,21.52,21.58,21.17,21.29,261494.84
2025-09-24 04:00:00+00:00,21.28,21.55,20.98,21.4,525739.7
2025-09-24 05:00:00+00:00,21.39,21.71,21.38,21.68,96514.78
2025-09-24 06:00:00+00:00,21.68,21.81,21.62,21.74,1534870.37
2025-09-24 07:00:00+00:00,21.75,21.79,21.62,21.71,113243.02
2025-09-24 08:00:00+00:00,21.72,21.76,21.62,21.71,64044.66
2025-09-24 09:00:00+00:00,21.7,21.79,21.65,21.73,69774.4
2025-09-24 10:00:00+00:00,21.73,21.78,21.64,21.75,61551.51
2025-09-24 11:00:00+00:00,21.75,21.88,21.74,21.77,88597.54
2025-09-24 12:00:00+00:00,21.77,21.81,21.72,21.73,71078.28
2025-09-24 13:00:00+00:00,21.74,21.8,21.55,21.57,164561.08
2025-09-24 14:00:00+00:00,21.56,21.96,21.56,21.87,148954.5
2025-09-24 15:00:00+00:00,21.86,21.92,21.73,21.76,108436.3
2025-09-24 16:00:00+00:00,21.77,21.87,21.71,21.8,82223.29
2025-09-24 17:00:00+00:00,21.81,21.97,21.79,21.9,87283.22
2025-09-24 18:00:00+00:00,21.9,21.92,21.81,21.87,33061.11
2025-09-24 19:00:00+00:00,21.87,21.88,21.76,21.82,72810.85
2025-09-24 20:00:00+00:00,21.83,21.85,21.68,21.77,75797.58
2025-09-24 21:00:00+00:00,21.77,21.8,21.58,21.64,73182.36
2025-09-24 22:00:00+00:00,21.63,21.73,21.62,21.64,63438.66
2025-09-24 23:00:00+00:00,21.65,21.71,21.55,21.6,63343.16
2025-09-25 00:00:00+00:00,21.61,21.66,21.38,21.42,145453.69
2025-09-25 01:00:00+00:00,21.42,21.47,21.23,21.3,186861.94
2025-09-25 02:00:00+00:00,21.31,21.58,21.19,21.45,190380.68
2025-09-25 03:00:00+00:00,21.45,21.46,21.13,21.3,229695.11
2025-09-25 04:00:00+00:00,21.29,21.36,20.9,21.03,355825.96
2025-09-25 05:00:00+00:00,21.04,21.3,20.94,21.19,146517.14
2025-09-25 06:00:00+00:00,21.18,21.2,20.94,20.96,133556.7
2025-09-25 07:00:00+00:00,20.96,21.11,20.92,20.96,165189.51
2025-09-25 08:00:00+00:00,20.97,21.13,20.87,20.95,128448.22
2025-09-25 09:00:00+00:00,20.95,21.16,20.91,20.94,152469.44
2025-09-25 10:00:00+00:00,20.94,21.13,20.9,20.9,83830.99
2025-09-25 11:00:00+00:00,20.91,20.97,20.71,20.74,298787.0
2025-09-25 12:00:00+00:00,20.74,21.0,20.37,20.87,744952.93
2025-09-25 13:00:00+00:00,20.87,21.06,20.69,20.85,352153.86
2025-09-25 14:00:00+00:00,20.85,21.15,20.85,20.96,236629.27
2025-09-25 15:00:00+00:00,20.95,20.98,20.78,20.88,136929.04
2025-09-25 16:00:00+00:00,20.88,20.9,20.4,20.44,242920.65
2025-09-25 17:00:00+00:00,20.44,20.46,19.87,19.98,905950.88
2025-09-25 18:00:00+00:00,19.97,20.53,19.82,20.52,414641.13
2025-09-25 19:00:00+00:00,20.52,20.65,20.37,20.4,184409.24
2025-09-25 20:00:00+00:00,20.41,20.45,20.19,20.24,133008.15
2025-09-25 21:00:00+00:00,20.25,20.44,20.19,20.41,148471.2
2025-09-25 22:00:00+00:00,20.41,20.54,20.2,20.25,174304.18
2025-09-25 23:00:00+00:00,20.25,20.37,19.98,20.14,330166.4
2025-09-26 00:00:00+00:00,20.15,20.47,20.09,20.43,135291.42
2025-09-26 01:00:00+00:00,20.43,20.57,20.35,20.48,133450.52
2025-09-26 02:00:00+00:00,20.48,20.61,20.4,20.51,134008.79
2025-09-26 03:00:00+00:00,20.5,20.6,20.42,20.55,105133.77
2025-09-26 04:00:00+00:00,20.55,20.65,20.38,20.41,114888.86
2025-09-26 05:00:00+00:00,20.4,20.55,20.27,20.3,109337.93
2025-09-26 06:00:00+00:00,20.31,20.5,20.23,20.34,168913.39
2025-09-26 07:00:00+00:00,20.35,20.47,20.23,20.37,146751.78
2025-09-26 08:00:00+00:00,20.36,20.53,20.34,20.41,112560.15
2025-09-26 09:00:00+00:00,20.41,20.46,20.17,20.22,130952.51
2025-09-26 10:00:00+00:00,20.23,20.24,19.99,20.03,274408.98
2025-09-26 11:00:00+00:00,20.02,20.27,19.93,20.17,156806.4
2025-09-26 12:00:00+00:00,20.17,20.56,20.0,20.43,548184.8
2025-09-26 13:00:00+00:00,20.43,20.6,20.25,20.56,317994.74
2025-09-26 14:00:00+00:00,20.55,20.59,20.37,20.42,163488.21
2025-09-26 15:00:00+00:00,20.43,20.66,20.42,20.6,171900.52
2025-09-26 16:00:00+00:00,20.59,20.87,20.57,20.85,135675.16
2025-09-26 17:00:00+00:00,20.85,21.12,20.8,21.11,218304.38
2025-09-26 18:00:00+00:00,21.11,21.24,21.04,21.09,186602.52
2025-09-26 19:00:00+00:00,21.1,21.1,20.85,20.96,108810.84
2025-09-26 20:00:00+00:00,20.97,21.04,20.89,20.92,62551.03
2025-09-26 21:00:00+00:00,20.91,21.07,20.89,21.05,98378.94
2025-09-26 22:00:00+00:00,21.05,21.13,21.02,21.03,51455.82
2025-09-26 23:00:00+00:00,21.04,21.09,20.98,21.07,55830.5
2025-09-27 00:00:00+00:00,21.07,21.1,21.01,21.09,47919.58
2025-09-27 01:00:00+00:00,21.1,21.11,20.96,21.06,44413.98
2025-09-27 02:00:00+00:00,21.06,21.1,20.98,20.99,73764.4
2025-09-27 03:00:00+00:00,20.99,21.13,20.98,21.09,50360.95
2025-09-27 04:00:00+00:00,21.08,21.15,21.02,21.05,41610.18
2025-09-27 05:00:00+00:00,21.05,21.07,20.98,21.02,33212.35
2025-09-27 06:00:00+00:00,21.02,21.03,20.95,21.02,24558.51
2025-09-27 07:00:00+00:00,21.02,21.06,20.9,20.95,59351.56
2025-09-27 08:00:00+00:00,20.95,21.0,20.84,20.93,72677.4
2025-09-27 09:00:00+00:00,20.93,21.03,20.82,21.02,68958.19
2025-09-27 10:00:00+00:00,21.02,21.11,20.97,21.05,53930.86
2025-09-27 11:00:00+00:00,21.05,21.06,20.98,20.99,50992.8
2025-09-27 12:00:00+00:00,20.99,21.04,20.89,21.0,70815.48
2025-09-27 13:00:00+00:00,21.0,21.03,20.93,20.98,25653.31
2025-09-27 14:00:00+00:00,20.99,21.06,20.94,20.97,28218.46
2025-09-27 15:00:00+00:00,20.97,20.97,20.85,20.96,33307.41
2025-09-27 16:00:00+00:00,20.96,20.96,20.83,20.87,28853.22
2025-09-27 17:00:00+00:00,20.87,20.87,20.73,20.83,61412.71
2025-09-27 18:00:00+00:00,20.83,20.86,20.74,20.78,15780.14
2025-09-27 19:00:00+00:00,20.79,20.85,20.76,20.84,17602.56
2025-09-27 20:00:00+00:00,20.85,20.9,20.82,20.86,12539.58
2025-09-27 21:00:00+00:00,20.87,20.99,20.84,20.97,17943.88
2025-09-27 22:00:00+00:00,20.97,21.1,20.94,20.98,27179.75
2025-09-27 23:00:00+00:00,20.98,21.02,20.9,20.91,24952.89
2025-09-28 00:00:00+00:00,20.92,20.95,20.8,20.82,39194.9
2025-09-28 01:00:00+00:00,20.81,20.83,20.65,20.69,50181.15
2025-09-28 02:00:00+00:00,20.68,20.77,20.66,20.71,32092.73
2025-09-28 03:00:00+00:00,20.71,20.75,20.64,20.71,31240.92
2025-09-28 04:00:00+00:00,20.72,20.77,20.66,20.74,27376.55
2025-09-28 05:00:00+00:00,20.74,20.83,20.69,20.75,17085.91
2025-09-28 06:00:00+00:00,20.75,20.8,20.64,20.74,36779.83
2025-09-28 07:00:00+00:00,20.73,20.79,20.67,20.73,27896.64
2025-09-28 08:00:00+00:00,20.74,20.79,20.63,20.66,45623.55
2025-09-28 09:00:00+00:00,20.66,20.68,20.53,20.59,80919.28
2025-09-28 10:00:00+00:00,20.6,20.64,20.52,20.63,52349.14
2025-09-28 11:00:00+00:00,20.63,20.64,20.49,20.56,68834.82
2025-09-28 12:00:00+00:00,20.56,20.57,20.43,20.47,74674.36
2025-09-28 13:00:00+00:00,20.48,20.82,20.47,20.79,78610.66
2025-09-28 14:00:00+00:00,20.8,20.96,20.75,20.91,79846.74
2025-09-28 15:00:00+00:00,20.91,21.0,20.87,20.99,63130.99
2025-09-28 16:00:00+00:00,20.99,21.33,20.99,21.21,244044.84
2025-09-28 17:00:00+00:00,21.22,21.24,21.09,21.15,87756.51
2025-09-28 18:00:00+00:00,21.15,21.19,21.1,21.19,29346.57
2025-09-28 19:00:00+00:00,21.19,21.23,21.12,21.21,55439.69
2025-09-28 20:00:00+00:00,21.21,21.35,21.18,21.25,77434.16
2025-09-28 21:00:00+00:00,21.24,21.35,21.23,21.31,33234.5
2025-09-28 22:00:00+00:00,21.31,21.7,21.31,21.66,155674.27
2025-09-28 23:00:00+00:00,21.66,21.71,21.62,21.68,110871.89
2025-09-29 00:00:00+00:00,21.68,21.69,21.54,21.56,76623.05
2025-09-29 01:00:00+00:00,21.56,21.56,21.41,21.42,56535.55
2025-09-29 02:00:00+00:00,21.43,21.55,21.38,21.5,67388.76
2025-09-29 03:00:00+00:00,21.5,21.51,21.42,21.49,55792.18
2025-09-29 04:00:00+00:00,21.48,21.49,21.34,21.35,67929.18
2025-09-29 05:00:00+00:00,21.36,21.37,21.25,21.33,63368.95
2025-09-29 06:00:00+00:00,21.33,21.35,21.24,21.25,60985.04
2025-09-29 07:00:00+00:00,21.24,21.34,21.15,21.25,97420.14
2025-09-29 08:00:00+00:00,21.26,21.41,21.23,21.35,84740.43
2025-09-29 09:00:00+00:00,21.35,21.39,21.26,21.31,60486.7
2025-09-29 10:00:00+00:00,21.31,21.35,21.18,21.19,80474.52
2025-09-29 11:00:00+00:00,21.19,21.24,21.06,21.2,88371.57
2025-09-29 12:00:00+00:00,21.2,21.32,20.98,21.0,108633.85
2025-09-29 13:00:00+00:00,21.01,21.44,20.9,21.35,313492.07
2025-09-29 14:00:00+00:00,21.36,21.69,21.33,21.62,383537.77
2025-09-29 15:00:00+00:00,21.62,21.7,21.36,21.39,139680.59
2025-09-29 16:00:00+00:00,21.4,21.52,21.28,21.3,87434.46
2025-09-29 17:00:00+00:00,21.31,21.51,21.2,21.48,88273.15
2025-09-29 18:00:00+00:00,21.49,21.52,21.4,21.5,44045.09
2025-09-29 19:00:00+00:00,21.5,21.75,21.48,21.73,94169.67
2025-09-29 20:00:00+00:00,21.73,21.89,21.67,21.83,104326.24
2025-09-29 21:00:00+00:00,21.84,21.9,21.76,21.83,75526.78
2025-09-29 22:00:00+00:00,21.84,21.89,21.73,21.84,108829.75
2025-09-29 23:00:00+00:00,21.85,21.86,21.71,21.74,89270.18
2025-09-30 00:00:00+00:00,21.73,21.87,21.59,21.63,186497.63
2025-09-30 01:00:00+00:00,21.63,21.74,21.51,21.61,118948.89
2025-09-30 02:00:00+00:00,21.6,21.63,21.49,21.49,75862.33
2025-09-30 03:00:00+00:00,21.49,21.54,21.44,21.48,140041.89
2025-09-30 04:00:00+00:00,21.47,21.56,21.44,21.49,70829.45
2025-09-30 05:00:00+00:00,21.5,21.68,21.46,21.53,194908.96
2025-09-30 06:00:00+00:00,21.53,21.7,21.46,21.52,67893.19
2025-09-30 07:00:00+00:00,21.52,21.6,21.35,21.41,63117.44
2025-09-30 08:00:00+00:00,21.41,21.46,21.28,21.31,69503.92
2025-09-30 09:00:00+00:00,21.31,21.4,21.23,21.27,52933.02
2025-09-30 10:00:00+00:00,21.26,21.5,21.25,21.38,233631.1
2025-09-30 11:00:00+00:00,21.39,21.5,21.33,21.41,85257.92
2025-09-30 12:00:00+00:00,21.41,21.42,21.29,21.3,77580.07
2025-09-30 13:00:00+00:00,21.3,21.51,21.23,21.34,139745.84
2025-09-30 14:00:00+00:00,21.34,21.4,21.16,21.33,133916.11
2025-09-30 15:00:00+00:00,21.32,21.33,20.96,21.1,217075.19
2025-09-30 16:00:00+00:00,21.1,21.17,21.03,21.08,80851.83
2025-09-30 17:00:00+00:00,21.09,21.37,20.99,21.04,255008.71
2025-09-30 18:00:00+00:00,21.05,21.22,20.99,21.21,83245.53
2025-09-30 19:00:00+00:00,21.2,21.55,21.19,21.53,122300.66
2025-09-30 20:00:00+00:00,21.53,21.67,21.47,21.65,100300.1
2025-09-30 21:00:00+00:00,21.65,21.69,21.46,21.46,96118.21
2025-09-30 22:00:00+00:00,21.47,21.58,21.32,21.34,94647.28
2025-09-30 23:00:00+00:00,21.35,21.37,21.28,21.3,123022.26
2025-10-01 00:00:00+00:00,21.31,21.33,21.05,21.2,157013.15
2025-10-01 01:00:00+00:00,21.21,21.53,21.14,21.52,114457.66
2025-10-01 02:00:00+00:00,21.52,21.58,21.35,21.4,123124.13
2025-10-01 03:00:00+00:00,21.41,21.41,21.17,21.17,73941.14
2025-10-01 04:00:00+00:00,21.18,21.4,21.14,21.21,62294.64
2025-10-01 05:00:00+00:00,21.21,21.39,21.21,21.3,50234.88
2025-10-01 06:00:00+00:00,21.31,21.35,21.13,21.16,58058.31
2025-10-01 07:00:00+00:00,21.16,21.39,21.15,21.34,40388.07
2025-10-01 08:00:00+00:00,21.33,22.24,21.31,22.16,454591.97
2025-10-01 09:00:00+00:00,22.17,22.31,22.07,22.26,315241.69
2025-10-01 10:00:00+00:00,22.27,22.29,22.06,22.19,116592.89
2025-10-01 11:00:00+00:00,22.19,22.28,22.1,22.24,140301.22
2025-10-01 12:00:00+00:00,22.24,22.3,22.12,22.13,162754.7
2025-10-01 13:00:00+00:00,22.13,22.31,22.13,22.25,139525.12
2025-10-01 14:00:00+00:00,22.25,22.44,22.18,22.41,172529.0
2025-10-01 15:00:00+00:00,22.41,22.49,22.31,22.4,113545.18
2025-10-01 16:00:00+00:00,22.41,22.5,22.36,22.42,149371.62
2025-10-01 17:00:00+00:00,22.42,22.48,22.29,22.3,123980.02
2025-10-01 18:00:00+00:00,22.3,22.56,22.3,22.53,90157.73
2025-10-01 19:00:00+00:00,22.52,22.63,22.5,22.54,120364.55
2025-10-01 20:00:00+00:00,22.53,22.57,22.43,22.45,89775.79
2025-10-01 21:00:00+00:00,22.45,22.45,22.25,22.34,120140.92
2025-10-01 22:00:00+00:00,22.35,22.48,22.33,22.4,79182.07
2025-10-01 23:00:00+00:00,22.41,22.61,22.38,22.58,139818.62
2025-10-02 00:00:00+00:00,22.57,22.68,22.42,22.44,242144.24
2025-10-02 01:00:00+00:00,22.43,22.79,22.41,22.75,113621.42
2025-10-02 02:00:00+00:00,22.76,22.8,22.61,22.77,128464.45
2025-10-02 03:00:00+00:00,22.77,22.8,22.66,22.69,101907.51
2025-10-02 04:00:00+00:00,22.69,22.77,22.55,22.71,97469.57
2025-10-02 05:00:00+00:00,22.71,22.86,22.67,22.72,92131.95
2025-10-02 06:00:00+00:00,22.71,22.85,22.67,22.8,159617.68
2025-10-02 07:00:00+00:00,22.79,22.84,22.56,22.57,77320.5
2025-10-02 08:00:00+00:00,22.57,22.63,22.53,22.58,96205.39
2025-10-02 09:00:00+00:00,22.57,22.57,22.47,22.49,107471.18
2025-10-02 10:00:00+00:00,22.5,22.53,22.43,22.48,121765.76
2025-10-02 11:00:00+00:00,22.48,22.53,22.37,22.41,111740.46
2025-10-02 12:00:00+00:00,22.41,22.53,22.38,22.52,202115.23
2025-10-02 13:00:00+00:00,22.52,22.57,22.26,22.39,337408.16
2025-10-02 14:00:00+00:00,22.39,22.41,22.04,22.1,308032.64
2025-10-02 15:00:00+00:00,22.09,22.44,21.93,22.43,254099.4
2025-10-02 16:00:00+00:00,22.43,22.63,22.38,22.51,206178.72
2025-10-02 17:00:00+00:00,22.51,22.79,22.48,22.72,106668.98
2025-10-02 18:00:00+00:00,22.73,23.02,22.73,22.98,273308.64
2025-10-02 19:00:00+00:00,22.98,23.13,22.91,22.93,173834.77
2025-10-02 20:00:00+00:00,22.94,22.98,22.73,22.83,174499.24
2025-10-02 21:00:00+00:00,22.83,22.95,22.79,22.81,78322.26
2025-10-02 22:00:00+00:00,22.81,22.86,22.65,22.69,112270.59
2025-10-02 23:00:00+00:00,22.69,22.8,22.66,22.77,89630.13
2025-10-03 00:00:00+00:00,22.78,22.79,22.59,22.64,125918.88
2025-10-03 01:00:00+00:00,22.64,22.73,22.54,22.57,108346.09
2025-10-03 02:00:00+00:00,22.57,22.72,22.55,22.7,82862.76
2025-10-03 03:00:00+00:00,22.71,22.87,22.57,22.59,144863.97
2025-10-03 04:00:00+00:00,22.6,22.7,22.52,22.62,84645.82
2025-10-03 05:00:00+00:00,22.62,22.65,22.46,22.49,80832.0
2025-10-03 06:00:00+00:00,22.49,22.53,22.35,22.41,86112.65
2025-10-03 07:00:00+00:00,22.4,22.43,22.3,22.39,75734.87
2025-10-03 08:00:00+00:00,22.39,22.39,22.23,22.35,71674.17
2025-10-03 09:00:00+00:00,22.36,22.43,22.32,22.37,85196.2
2025-10-03 10:00:00+00:00,22.37,22.38,22.32,22.35,80675.76
2025-10-03 11:00:00+00:00,22.35,22.37,22.26,22.26,105823.61
2025-10-03 12:00:00+00:00,22.27,22.38,22.2,22.27,173416.01
2025-10-03 13:00:00+00:00,22.27,22.43,22.15,22.26,174862.9
2025-10-03 14:00:00+00:00,22.26,22.42,22.09,22.34,178870.11
2025-10-03 15:00:00+00:00,22.33,22.75,22.25,22.72,472517.44
2025-10-03 16:00:00+00:00,22.73,23.09,22.6,22.64,426186.57
2025-10-03 17:00:00+00:00,22.63,22.67,22.1,22.33,748489.48
2025-10-03 18:00:00+00:00,22.33,22.59,22.24,22.57,182934.92
2025-10-03 19:00:00+00:00,22.58,22.73,22.5,22.62,109299.88
2025-10-03 20:00:00+00:00,22.62,22.64,22.48,22.61,214502.03
2025-10-03 21:00:00+00:00,22.61,22.67,22.55,22.58,89652.7
2025-10-03 22:00:00+00:00,22.59,22.71,22.59,22.62,79543.19
2025-10-03 23:00:00+00:00,22.62,22.64,22.48,22.5,121637.02
2025-10-04 00:00:00+00:00,22.5,22.62,22.39,22.44,83908.05
2025-10-04 01:00:00+00:00,22.44,22.45,22.21,22.24,158049.28
2025-10-04 02:00:00+00:00,22.25,22.32,22.16,22.26,102735.53
2025-10-04 03:00:00+00:00,22.26,22.27,22.15,22.22,67120.8
2025-10-04 04:00:00+00:00,22.22,22.26,22.14,22.22,96743.02
2025-10-04 05:00:00+00:00,22.22,22.28,22.17,22.23,81288.64
2025-10-04 06:00:00+00:00,22.23,22.29,22.19,22.22,62440.61
2025-10-04 07:00:00+00:00,22.21,22.23,22.04,22.08,100923.92
2025-10-04 08:00:00+00:00,22.08,22.08,21.86,21.9,210778.41
2025-10-04 09:00:00+00:00,21.9,22.0,21.82,21.84,99509.5
2025-10-04 10:00:00+00:00,21.84,21.94,21.77,21.8,107889.98
2025-10-04 11:00:00+00:00,21.8,21.9,21.76,21.85,96370.36
2025-10-04 12:00:00+00:00,21.84,21.98,21.8,21.9,128800.13
2025-10-04 13:00:00+00:00,21.91,22.13,21.9,22.05,133023.4
2025-10-04 14:00:00+00:00,22.06,22.17,21.9,21.92,70520.99
2025-10-04 15:00:00+00:00,21.92,22.02,21.77,21.84,152023.07
2025-10-04 16:00:00+00:00,21.83,21.99,21.81,21.98,89612.85
2025-10-04 17:00:00+00:00,21.99,22.03,21.84,21.89,38981.31
2025-10-04 18:00:00+00:00,21.9,21.97,21.86,21.88,37984.5
2025-10-04 19:00:00+00:00,21.89,22.0,21.89,22.0,14254.91
2025-10-04 20:00:00+00:00,22.0,22.09,21.99,21.99,60273.1
2025-10-04 21:00:00+00:00,22.0,22.14,21.99,22.04,34992.29
2025-10-04 22:00:00+00:00,22.04,22.11,22.02,22.05,30085.88
2025-10-04 23:00:00+00:00,22.05,22.06,22.0,22.01,23519.24
2025-10-05 00:00:00+00:00,22.02,22.11,21.93,21.95,32491.86
2025-10-05 01:00:00+00:00,21.96,22.13,21.94,22.12,22503.33
2025-10-05 02:00:00+00:00,22.12,22.47,22.08,22.44,194319.45
2025-10-05 03:00:00+00:00,22.45,22.61,22.32,22.35,184045.64
2025-10-05 04:00:00+00:00,22.36,22.64,22.33,22.54,174391.96
2025-10-05 05:00:00+00:00,22.55,22.65,22.47,22.53,103984.92
2025-10-05 06:00:00+00:00,22.54,22.66,22.5,22.64,72801.6
2025-10-05 07:00:00+00:00,22.63,22.85,22.6,22.81,146941.33
2025-10-05 08:00:00+00:00,22.81,22.94,22.78,22.81,142373.94
2025-10-05 09:00:00+00:00,22.82,22.9,22.64,22.67,250355.65
2025-10-05 10:00:00+00:00,22.67,22.77,22.49,22.62,159382.87
2025-10-05 11:00:00+00:00,22.62,22.77,22.49,22.75,81802.43
2025-10-05 12:00:00+00:00,22.75,22.76,22.51,22.53,96947.59
2025-10-05 13:00:00+00:00,22.53,22.58,22.47,22.5,39234.95
2025-10-05 14:00:00+00:00,22.51,22.63,22.42,22.48,82368.68
2025-10-05 15:00:00+00:00,22.48,22.54,22.4,22.47,43916.98
2025-10-05 16:00:00+00:00,22.46,22.59,22.37,22.58,79577.4
2025-10-05 17:00:00+00:00,22.58,22.64,22.22,22.26,109799.38
2025-10-05 18:00:00+00:00,22.25,22.36,22.18,22.27,73069.39
2025-10-05 19:00:00+00:00,22.28,22.28,21.89,21.95,247844.52
2025-10-05 20:00:00+00:00,21.94,22.09,21.88,22.02,66889.53
2025-10-05 21:00:00+00:00,22.02,22.08,21.98,22.06,92638.92
2025-10-05 22:00:00+00:00,22.07,22.15,21.93,22.06,70889.64
2025-10-05 23:00:00+00:00,22.06,22.1,21.98,22.0,49705.31
2025-10-06 00:00:00+00:00,22.0,22.2,21.47,21.58,1660429.26
2025-10-06 01:00:00+00:00,21.58,22.0,21.51,21.86,222092.13
2025-10-06 02:00:00+00:00,21.86,22.02,21.7,21.89,117748.53
2025-10-06 03:00:00+00:00,21.88,21.97,21.83,21.9,65573.93
2025-10-06 04:00:00+00:00,21.9,21.99,21.78,21.81,45594.85
2025-10-06 05:00:00+00:00,21.81,21.88,21.74,21.87,48891.33
2025-10-06 06:00:00+00:00,21.87,22.16,21.86,22.04,122310.37
2025-10-06 07:00:00+00:00,22.04,22.13,21.85,21.93,99548.01
2025-10-06 08:00:00+00:00,21.93,22.17,21.93,22.15,64522.33
2025-10-06 09:00:00+00:00,22.16,22.24,22.11,22.13,158185.13
2025-10-06 10:00:00+00:00,22.13,22.19,22.05,22.09,47599.11
2025-10-06 11:00:00+00:00,22.09,22.24,22.04,22.11,79964.97
2025-10-06 12:00:00+00:00,22.12,22.36,22.12,22.33,91642.94
2025-10-06 13:00:00+00:00,22.33,22.65,22.31,22.64,283788.78
2025-10-06 14:00:00+00:00,22.64,22.83,22.52,22.55,288225.43
2025-10-06 15:00:00+00:00,22.55,22.98,22.54,22.82,287740.67
2025-10-06 16:00:00+00:00,22.83,23.03,22.78,23.02,246836.83
2025-10-06 17:00:00+00:00,23.01,23.43,22.97,23.29,432848.35
2025-10-06 18:00:00+00:00,23.3,23.49,23.29,23.41,251206.27
2025-10-06 19:00:00+00:00,23.41,23.52,23.3,23.43,256409.81
2025-10-06 20:00:00+00:00,23.44,23.6,23.37,23.4,270683.89
2025-10-06 21:00:00+00:00,23.4,23.48,23.26,23.39,187099.75
2025-10-06 22:00:00+00:00,23.39,23.55,23.39,23.5,129092.68
2025-10-06 23:00:00+00:00,23.5,23.52,23.35,23.37,151564.3
2025-10-07 00:00:00+00:00,23.37,23.57,23.34,23.55,232551.41
2025-10-07 01:00:00+00:00,23.55,23.73,23.38,23.52,355041.25
2025-10-07 02:00:00+00:00,23.53,23.64,23.38,23.42,181566.84
2025-10-07 03:00:00+00:00,23.41,23.49,23.33,23.34,133136.13
2025-10-07 04:00:00+00:00,23.35,23.65,23.2,23.5,257144.36
2025-10-07 05:00:00+00:00,23.5,23.6,23.4,23.43,150232.9
2025-10-07 06:00:00+00:00,23.43,23.45,23.01,23.03,276679.05
2025-10-07 07:00:00+00:00,23.03,23.11,22.82,22.85,224617.68
2025-10-07 08:00:00+00:00,22.86,22.86,22.56,22.7,266978.72
2025-10-07 09:00:00+00:00,22.69,22.76,22.65,22.71,153921.19
2025-10-07 10:00:00+00:00,22.71,22.87,22.63,22.77,345137.52
2025-10-07 11:00:00+00:00,22.77,22.9,22.75,22.87,172032.26
2025-10-07 12:00:00+00:00,22.86,23.04,22.7,23.03,221572.86
2025-10-07 13:00:00+00:00,23.03,23.09,22.52,22.73,429049.3
2025-10-07 14:00:00+00:00,22.73,22.76,22.17,22.18,468176.72
2025-10-07 15:00:00+00:00,22.19,22.25,21.84,22.0,699835.59
2025-10-07 16:00:00+00:00,21.99,22.21,21.82,22.07,290623.88
2025-10-07 17:00:00+00:00,22.06,22.13,21.93,21.93,94851.81
2025-10-07 18:00:00+00:00,21.94,22.0,21.83,21.84,109899.11
2025-10-07 19:00:00+00:00,21.84,21.97,21.8,21.88,158309.24
2025-10-07 20:00:00+00:00,21.87,22.14,21.84,22.08,150982.66
2025-10-07 21:00:00+00:00,22.09,22.19,21.96,22.03,136780.76
2025-10-07 22:00:00+00:00,22.03,22.15,21.95,22.07,140648.4
2025-10-07 23:00:00+00:00,22.07,22.08,21.75,21.79,195132.92
2025-10-08 00:00:00+00:00,21.8,22.07,21.79,22.0,129864.36
2025-10-08 01:00:00+00:00,22.01,22.1,21.91,22.06,93649.85
2025-10-08 02:00:00+00:00,22.06,22.15,21.96,21.99,101492.24
2025-10-08 03:00:00+00:00,21.98,22.0,21.66,21.75,156673.21
2025-10-08 04:00:00+00:00,21.74,21.97,21.62,21.95,112527.19
2025-10-08 05:00:00+00:00,21.95,21.96,21.73,21.83,115068.52
2025-10-08 06:00:00+00:00,21.83,21.91,21.75,21.83,83684.71
2025-10-08 07:00:00+00:00,21.83,21.91,21.67,21.91,194285.78
2025-10-08 08:00:00+00:00,21.91,22.11,21.86,22.03,165547.61
2025-10-08 09:00:00+00:00,22.03,22.07,21.91,21.99,103765.39
2025-10-08 10:00:00+00:00,22.0,22.1,21.94,22.1,120903.57
2025-10-08 11:00:00+00:00,22.09,22.16,22.0,22.06,105483.03
2025-10-08 12:00:00+00:00,22.07,22.15,21.94,22.12,90709.48
2025-10-08 13:00:00+00:00,22.12,22.17,21.84,22.13,136001.56
2025-10-08 14:00:00+00:00,22.14,22.35,21.91,21.94,187468.39
2025-10-08 15:00:00+00:00,21.94,22.13,21.92,22.0,100326.3
2025-10-08 16:00:00+00:00,22.0,22.25,21.95,22.25,68104.18
2025-10-08 17:00:00+00:00,22.24,22.58,22.24,22.48,147709.93
2025-10-08 18:00:00+00:00,22.49,22.55,22.33,22.48,149666.46
2025-10-08 19:00:00+00:00,22.47,22.55,22.36,22.49,139449.88
2025-10-08 20:00:00+00:00,22.48,22.56,22.4,22.4,79517.95
2025-10-08 21:00:00+00:00,22.4,22.58,22.4,22.51,68291.61
2025-10-08 22:00:00+00:00,22.51,22.64,22.49,22.59,59582.64
2025-10-08 23:00:00+00:00,22.58,22.67,22.51,22.63,80752.39
2025-10-09 00:00:00+00:00,22.63,22.67,22.51,22.52,60269.97
2025-10-09 01:00:00+00:00,22.52,22.53,22.23,22.43,152974.62
2025-10-09 02:00:00+00:00,22.43,22.44,21.94,21.99,204272.94
2025-10-09 03:00:00+00:00,21.99,22.28,21.98,22.27,75657.53
2025-10-09 04:00:00+00:00,22.26,22.42,22.19,22.41,70372.56
2025-10-09 05:00:00+00:00,22.4,22.49,22.31,22.38,127931.19
2025-10-09 06:00:00+00:00,22.39,22.4,22.13,22.16,69594.21
2025-10-09 07:00:00+00:00,22.16,22.17,21.94,21.97,106888.43
2025-10-09 08:00:00+00:00,21.98,21.98,21.59,21.61,253205.49
2025-10-09 09:00:00+00:00,21.6,21.77,21.59,21.69,152744.75
2025-10-09 10:00:00+00:00,21.69,21.83,21.63,21.71,89009.49
2025-10-09 11:00:00+00:00,21.71,21.81,21.66,21.73,127198.26
2025-10-09 12:00:00+00:00,21.72,22.04,21.7,21.94,180841.27
2025-10-09 13:00:00+00:00,21.94,21.96,21.54,21.58,158956.1
2025-10-09 14:00:00+00:00,21.58,21.69,21.32,21.5,363607.46
2025-10-09 15:00:00+00:00,21.51,21.64,21.36,21.49,192991.02
2025-10-09 16:00:00+00:00,21.5,21.6,21.33,21.4,268945.25
2025-10-09 17:00:00+00:00,21.39,21.81,21.37,21.78,143658.54
2025-10-09 18:00:00+00:00,21.78,21.91,21.7,21.73,156509.58
2025-10-09 19:00:00+00:00,21.74,21.81,21.67,21.73,60162.56
2025-10-09 20:00:00+00:00,21.73,21.81,21.69,21.75,55029.51
2025-10-09 21:00:00+00:00,21.75,21.84,21.71,21.81,58447.39
2025-10-09 22:00:00+00:00,21.82,22.13,21.79,22.12,98394.09
2025-10-09 23:00:00+00:00,22.12,22.13,21.94,21.99,93383.51
2025-10-10 00:00:00+00:00,22.0,22.18,21.97,22.15,81269.28
2025-10-10 01:00:00+00:00,22.15,22.2,22.04,22.11,73816.22
2025-10-10 02:00:00+00:00,22.11,22.18,22.01,22.09,102286.74
2025-10-10 03:00:00+00:00,22.09,22.6,22.02,22.4,473402.31
2025-10-10 04:00:00+00:00,22.4,22.53,22.29,22.35,166820.54
2025-10-10 05:00:00+00:00,22.35,22.59,22.25,22.58,122273.24
2025-10-10 06:00:00+00:00,22.58,22.62,22.28,22.34,193285.22
2025-10-10 07:00:00+00:00,22.34,22.43,22.26,22.29,103165.2
2025-10-10 08:00:00+00:00,22.3,22.59,22.27,22.56,134816.42
2025-10-10 09:00:00+00:00,22.56,22.78,22.48,22.5,216321.82
2025-10-10 10:00:00+00:00,22.5,22.66,22.45,22.54,136631.29
2025-10-10 11:00:00+00:00,22.54,22.6,22.38,22.4,136716.26
2025-10-10 12:00:00+00:00,22.41,22.6,22.36,22.6,110147.21
2025-10-10 13:00:00+00:00,22.6,22.78,22.5,22.63,202547.0
2025-10-10 14:00:00+00:00,22.62,22.76,22.25,22.29,316243.03
2025-10-10 15:00:00+00:00,22.29,22.33,21.2,21.37,1398970.8
2025-10-10 16:00:00+00:00,21.37,21.55,21.2,21.21,586284.59
2025-10-10 17:00:00+00:00,21.21,21.43,21.09,21.15,450350.01
2025-10-10 18:00:00+00:00,21.15,21.17,20.91,20.93,294205.5
2025-10-10 19:00:00+00:00,20.93,21.0,20.39,20.5,575679.18
2025-10-10 20:00:00+00:00,20.49,20.7,19.16,19.52,1859255.32
2025-10-10 21:00:00+00:00,19.53,19.78,7.9,17.02,7888290.6
2025-10-10 22:00:00+00:00,17.02,17.09,15.12,16.88,4518524.59
2025-10-10 23:00:00+00:00,16.88,17.99,15.99,17.31,3778421.49
2025-10-11 00:00:00+00:00,17.31,17.94,16.88,17.78,1275590.6
2025-10-11 01:00:00+00:00,17.78,17.82,16.91,17.04,1019304.74
2025-10-11 02:00:00+00:00,17.05,18.16,17.02,18.02,856404.94
2025-10-11 03:00:00+00:00,18.02,18.06,17.25,17.48,921357.34
2025-10-11 04:00:00+00:00,17.49,17.75,17.39,17.74,685714.91
2025-10-11 05:00:00+00:00,17.73,17.79,17.32,17.57,598974.34
2025-10-11 06:00:00+00:00,17.57,17.84,17.49,17.59,437076.53
2025-10-11 07:00:00+00:00,17.6,17.85,17.52,17.73,451456.37
2025-10-11 08:00:00+00:00,17.74,18.4,17.64,18.32,550652.23
2025-10-11 09:00:00+00:00,18.31,18.52,18.06,18.1,379381.93
2025-10-11 10:00:00+00:00,18.1,18.27,17.97,18.09,242292.54
2025-10-11 11:00:00+00:00,18.09,18.11,17.79,18.05,252307.72
2025-10-11 12:00:00+00:00,18.05,18.14,17.63,17.76,245925.03
2025-10-11 13:00:00+00:00,17.76,17.81,17.42,17.75,408343.68
2025-10-11 14:00:00+00:00,17.75,17.78,17.53,17.73,194308.02
2025-10-11 15:00:00+00:00,17.72,18.02,17.72,17.98,197720.44
2025-10-11 16:00:00+00:00,17.98,18.15,17.77,17.85,257556.15
2025-10-11 17:00:00+00:00,17.84,18.08,17.83,18.0,194989.74
2025-10-11 18:00:00+00:00,18.0,18.0,17.77,17.78,112513.39
2025-10-11 19:00:00+00:00,17.77,17.78,17.11,17.28,479437.03
2025-10-11 20:00:00+00:00,17.28,17.32,16.74,16.9,516948.59
2025-10-11 21:00:00+00:00,16.9,19.0,16.6,17.19,729627.58
2025-10-11 22:00:00+00:00,17.18,17.31,17.09,17.2,236570.03
2025-10-11 23:00:00+00:00,17.21,17.25,17.13,17.2,213774.0
2025-10-12 00:00:00+00:00,17.2,17.22,16.84,16.85,280580.19
2025-10-12 01:00:00+00:00,16.85,17.08,16.79,16.82,268978.4
2025-10-12 02:00:00+00:00,16.81,17.04,16.68,16.81,226115.34
2025-10-12 03:00:00+00:00,16.8,17.25,16.8,17.08,277794.17
2025-10-12 04:00:00+00:00,17.08,17.38,17.04,17.27,178582.88
2025-10-12 05:00:00+00:00,17.28,17.45,17.22,17.32,105104.66
2025-10-12 06:00:00+00:00,17.32,17.52,17.3,17.44,132278.69
2025-10-12 07:00:00+00:00,17.45,17.5,17.35,17.41,157703.87
2025-10-12 08:00:00+00:00,17.41,17.51,17.35,17.36,119566.03
2025-10-12 09:00:00+00:00,17.37,17.48,17.18,17.46,147380.35
2025-10-12 10:00:00+00:00,17.47,17.57,17.29,17.33,133499.59
2025-10-12 11:00:00+00:00,17.33,17.5,17.32,17.4,84664.04
2025-10-12 12:00:00+00:00,17.4,17.63,17.38,17.54,166304.81
2025-10-12 13:00:00+00:00,17.54,17.6,17.23,17.31,198388.35
2025-10-12 14:00:00+00:00,17.31,18.23,17.29,17.96,1000415.53
2025-10-12 15:00:00+00:00,17.96,18.81,17.91,18.77,1104773.27
2025-10-12 16:00:00+00:00,18.78,19.36,18.78,19.17,985346.52
2025-10-12 17:00:00+00:00,19.17,19.37,18.91,19.07,421360.5
2025-10-12 18:00:00+00:00,19.07,19.2,18.86,19.02,262036.84
2025-10-12 19:00:00+00:00,19.02,19.37,19.0,19.36,208864.52
2025-10-12 20:00:00+00:00,19.36,19.42,19.11,19.16,243242.9
2025-10-12 21:00:00+00:00,19.16,19.33,18.82,19.05,241719.11
2025-10-12 22:00:00+00:00,19.06,19.18,18.93,19.06,198212.62
2025-10-12 23:00:00+00:00,19.05,19.07,18.88,19.0,177408.48
2025-10-13 00:00:00+00:00,19.0,19.19,18.73,18.87,329120.24
2025-10-13 01:00:00+00:00,18.86,19.18,18.76,19.17,342447.64
2025-10-13 02:00:00+00:00,19.17,19.26,18.96,19.14,254398.57
2025-10-13 03:00:00+00:00,19.14,19.23,18.97,19.03,170801.02
2025-10-13 04:00:00+00:00,19.03,19.25,18.92,19.22,186450.64
2025-10-13 05:00:00+00:00,19.22,19.33,19.13,19.18,207290.91
2025-10-13 06:00:00+00:00,19.19,19.54,19.07,19.42,263371.71
2025-10-13 07:00:00+00:00,19.42,19.68,19.35,19.54,221819.99
2025-10-13 08:00:00+00:00,19.54,19.69,19.5,19.57,297691.4
2025-10-13 09:00:00+00:00,19.57,19.65,19.45,19.62,186015.45
2025-10-13 10:00:00+00:00,19.62,19.76,19.47,19.74,191380.21
2025-10-13 11:00:00+00:00,19.73,19.77,18.94,19.19,844958.54
2025-10-13 12:00:00+00:00,19.2,19.58,19.06,19.28,480214.82
2025-10-13 13:00:00+00:00,19.27,19.8,19.19,19.73,904465.88
2025-10-13 14:00:00+00:00,19.73,19.8,19.37,19.45,830582.7
2025-10-13 15:00:00+00:00,19.45,19.84,19.45,19.74,503631.2
2025-10-13 16:00:00+00:00,19.74,19.88,19.47,19.6,492753.18
2025-10-13 17:00:00+00:00,19.59,19.89,19.5,19.86,369842.32
2025-10-13 18:00:00+00:00,19.85,19.94,19.68,19.85,274379.57
2025-10-13 19:00:00+00:00,19.85,20.12,19.79,20.04,185548.63
2025-10-13 20:00:00+00:00,20.05,20.19,19.95,20.17,168393.07
2025-10-13 21:00:00+00:00,20.17,20.19,19.98,19.99,99245.2
2025-10-13 22:00:00+00:00,19.99,20.1,19.98,20.07,110918.28
2025-10-13 23:00:00+00:00,20.07,20.09,19.83,19.84,133692.72
2025-10-14 00:00:00+00:00,19.84,20.07,19.84,19.96,120536.65
2025-10-14 01:00:00+00:00,19.95,19.99,19.78,19.81,109134.64
2025-10-14 02:00:00+00:00,19.82,19.82,19.52,19.55,311200.39
2025-10-14 03:00:00+00:00,19.55,19.56,19.31,19.46,290067.84
2025-10-14 04:00:00+00:00,19.47,19.54,19.1,19.2,197853.91
2025-10-14 05:00:00+00:00,19.2,19.38,18.92,19.01,275722.3
2025-10-14 06:00:00+00:00,19.01,19.13,18.28,18.64,864543.8
2025-10-14 07:00:00+00:00,18.63,18.77,18.39,18.56,467278.89
2025-10-14 08:00:00+00:00,18.55,18.76,18.4,18.63,223199.86
2025-10-14 09:00:00+00:00,18.63,18.71,18.47,18.53,159396.9
2025-10-14 10:00:00+00:00,18.53,18.53,18.07,18.36,438207.56
2025-10-14 11:00:00+00:00,18.37,18.75,18.34,18.58,263733.79
2025-10-14 12:00:00+00:00,18.59,18.74,18.32,18.37,591645.25
2025-10-14 13:00:00+00:00,18.37,18.51,18.14,18.44,476321.45
2025-10-14 14:00:00+00:00,18.44,18.82,18.34,18.56,349353.81
2025-10-14 15:00:00+00:00,18.56,19.05,18.42,19.04,478479.13
2025-10-14 16:00:00+00:00,19.04,19.37,18.86,18.99,506184.57
2025-10-14 17:00:00+00:00,18.99,19.22,18.76,19.01,380576.12
2025-10-14 18:00:00+00:00,19.02,19.18,18.94,19.01,192530.46
2025-10-14 19:00:00+00:00,19.01,19.15,18.64,18.88,338882.79
2025-10-14 20:00:00+00:00,18.89,19.01,18.81,19.0,123598.54
2025-10-14 21:00:00+00:00,19.0,19.04,18.82,19.03,79686.95
2025-10-14 22:00:00+00:00,19.03,19.18,18.97,19.06,150952.29
2025-10-14 23:00:00+00:00,19.07,19.17,19.07,19.1,73360.94
2025-10-15 00:00:00+00:00,19.1,19.13,18.95,19.08,218467.25
2025-10-15 01:00:00+00:00,19.09,19.11,18.87,19.04,285569.75
2025-10-15 02:00:00+00:00,19.04,19.26,19.02,19.09,103854.7
2025-10-15 03:00:00+00:00,19.08,19.11,18.84,18.91,136990.41
2025-10-15 04:00:00+00:00,18.92,19.13,18.84,19.08,87937.68
2025-10-15 05:00:00+00:00,19.08,19.15,18.97,19.0,125546.57
2025-10-15 06:00:00+00:00,19.0,19.07,18.83,19.03,131049.0
2025-10-15 07:00:00+00:00,19.03,19.15,18.84,18.87,108273.49
2025-10-15 08:00:00+00:00,18.87,19.25,18.79,18.97,470027.62
2025-10-15 09:00:00+00:00,18.97,19.01,18.82,18.87,101362.46
2025-10-15 10:00:00+00:00,18.86,18.94,18.71,18.77,123556.06
2025-10-15 11:00:00+00:00,18.77,18.83,18.57,18.68,175283.42
2025-10-15 12:00:00+00:00,18.68,18.73,18.53,18.67,148456.19
2025-10-15 13:00:00+00:00,18.68,18.7,18.18,18.53,375013.64
2025-10-15 14:00:00+00:00,18.53,18.73,18.24,18.36,220205.72
2025-10-15 15:00:00+00:00,18.35,18.44,17.95,18.12,394610.19
2025-10-15 16:00:00+00:00,18.12,18.2,18.02,18.1,208145.09
2025-10-15 17:00:00+00:00,18.1,18.14,17.84,18.14,273348.96
2025-10-15 18:00:00+00:00,18.13,18.26,18.02,18.23,93152.21
2025-10-15 19:00:00+00:00,18.23,18.24,17.97,18.03,169435.96
2025-10-15 20:00:00+00:00,18.04,18.13,17.73,17.91,233307.69
2025-10-15 21:00:00+00:00,17.91,18.07,17.76,17.92,150505.78
2025-10-15 22:00:00+00:00,17.92,18.08,17.91,17.97,71656.01
2025-10-15 23:00:00+00:00,17.96,18.1,17.93,18.06,104227.24
2025-10-16 00:00:00+00:00,18.05,18.08,17.91,17.94,108694.83
2025-10-16 01:00:00+00:00,17.94,18.15,17.93,18.13,81263.14
2025-10-16 02:00:00+00:00,18.13,18.21,18.02,18.15,154685.11
2025-10-16 03:00:00+00:00,18.16,18.18,18.02,18.04,175557.65
2025-10-16 04:00:00+00:00,18.04,18.2,18.0,18.04,185229.72
2025-10-16 05:00:00+00:00,18.05,18.15,17.92,18.02,103118.87
2025-10-16 06:00:00+00:00,18.02,18.21,18.0,18.19,88050.97
2025-10-16 07:00:00+00:00,18.19,18.2,17.98,18.06,78366.41
2025-10-16 08:00:00+00:00,18.05,18.08,17.92,17.96,75846.23
2025-10-16 09:00:00+00:00,17.97,18.24,17.55,18.17,561898.24
2025-10-16 10:00:00+00:00,18.17,18.5,18.16,18.42,189210.93
2025-10-16 11:00:00+00:00,18.41,18.49,18.29,18.49,130076.65
2025-10-16 12:00:00+00:00,18.49,18.63,18.41,18.5,162434.3
2025-10-16 13:00:00+00:00,18.5,18.52,18.2,18.26,160479.43
2025-10-16 14:00:00+00:00,18.26,18.42,17.95,18.16,460011.68
2025-10-16 15:00:00+00:00,18.15,18.18,17.6,17.65,434219.63
2025-10-16 16:00:00+00:00,17.65,18.08,17.44,18.07,486311.46
2025-10-16 17:00:00+00:00,18.07,18.07,17.71,17.72,286196.9
2025-10-16 18:00:00+00:00,17.72,17.78,17.51,17.68,304247.15
2025-10-16 19:00:00+00:00,17.69,17.73,17.26,17.39,280508.3
2025-10-16 20:00:00+00:00,17.4,17.47,17.1,17.17,246452.6
2025-10-16 21:00:00+00:00,17.17,17.44,17.16,17.42,86786.98
2025-10-16 22:00:00+00:00,17.43,17.46,17.24,17.25,85797.03
2025-10-16 23:00:00+00:00,17.24,17.47,17.21,17.43,77904.3
2025-10-17 00:00:00+00:00,17.42,17.53,17.39,17.53,111260.23
2025-10-17 01:00:00+00:00,17.52,17.69,17.42,17.51,106474.85
2025-10-17 02:00:00+00:00,17.5,17.54,17.35,17.47,85637.73
2025-10-17 03:00:00+00:00,17.48,17.55,17.43,17.52,74655.58
2025-10-17 04:00:00+00:00,17.52,17.53,17.39,17.42,69469.04
2025-10-17 05:00:00+00:00,17.43,17.44,17.26,17.27,157973.83
2025-10-17 06:00:00+00:00,17.28,17.35,16.76,16.79,805802.6
2025-10-17 07:00:00+00:00,16.8,16.81,16.17,16.2,1121869.81
2025-10-17 08:00:00+00:00,16.21,16.29,15.79,15.88,1096425.65
2025-10-17 09:00:00+00:00,15.88,16.28,15.84,15.94,460007.43
2025-10-17 10:00:00+00:00,15.94,16.12,15.69,16.06,630001.17
2025-10-17 11:00:00+00:00,16.06,16.59,16.03,16.53,558591.4
2025-10-17 12:00:00+00:00,16.53,16.68,16.48,16.48,270659.11
2025-10-17 13:00:00+00:00,16.48,16.7,16.3,16.57,350633.37
2025-10-17 14:00:00+00:00,16.57,16.64,16.15,16.33,356638.74
2025-10-17 15:00:00+00:00,16.32,16.63,16.25,16.63,307480.6
2025-10-17 16:00:00+00:00,16.63,16.86,16.45,16.49,331877.21
2025-10-17 17:00:00+00:00,16.5,16.57,16.34,16.47,190949.74
2025-10-17 18:00:00+00:00,16.47,16.58,16.33,16.37,161992.25
2025-10-17 19:00:00+00:00,16.37,16.46,16.25,16.39,119113.13
2025-10-17 20:00:00+00:00,16.38,16.63,16.32,16.57,135838.13
2025-10-17 21:00:00+00:00,16.57,16.77,16.56,16.73,202861.06
2025-10-17 22:00:00+00:00,16.73,16.77,16.6,16.68,81635.11
2025-10-17 23:00:00+00:00,16.68,16.68,16.54,16.61,47998.46
2025-10-18 00:00:00+00:00,16.61,16.78,16.58,16.7,121258.52
2025-10-18 01:00:00+00:00,16.71,16.9,16.7,16.87,97750.71
2025-10-18 02:00:00+00:00,16.88,16.9,16.62,16.67,144060.27
2025-10-18 03:00:00+00:00,16.67,16.83,16.67,16.79,36041.44
2025-10-18 04:00:00+00:00,16.8,16.8,16.57,16.58,65045.49
2025-10-18 05:00:00+00:00,16.57,16.72,16.57,16.71,64350.07
2025-10-18 06:00:00+00:00,16.71,16.8,16.62,16.7,87556.69
2025-10-18 07:00:00+00:00,16.7,17.01,16.65,16.71,284743.77
2025-10-18 08:00:00+00:00,16.71,16.83,16.69,16.78,90911.02
2025-10-18 09:00:00+00:00,16.78,16.93,16.73,16.87,97713.72
2025-10-18 10:00:00+00:00,16.87,16.91,16.77,16.85,71496.79
2025-10-18 11:00:00+00:00,16.85,16.94,16.79,16.87,79470.93
2025-10-18 12:00:00+00:00,16.87,16.97,16.81,16.82,86007.96
2025-10-18 13:00:00+00:00,16.82,16.82,16.64,16.71,106117.94
2025-10-18 14:00:00+00:00,16.71,16.86,16.62,16.82,87823.33
2025-10-18 15:00:00+00:00,16.83,16.86,16.68,16.79,50211.95
2025-10-18 16:00:00+00:00,16.79,16.82,16.63,16.75,77085.07
2025-10-18 17:00:00+00:00,16.74,16.89,16.68,16.86,43895.35
2025-10-18 18:00:00+00:00,16.87,16.9,16.8,16.84,27790.51
2025-10-18 19:00:00+00:00,16.84,16.86,16.79,16.85,34177.13
2025-10-18 20:00:00+00:00,16.84,16.96,16.81,16.83,48141.22
2025-10-18 21:00:00+00:00,16.83,16.91,16.75,16.88,50779.75
2025-10-18 22:00:00+00:00,16.88,16.93,16.81,16.83,32743.66
2025-10-18 23:00:00+00:00,16.83,16.84,16.78,16.82,22264.94
2025-10-19 00:00:00+00:00,16.81,16.84,16.66,16.71,66741.89
2025-10-19 01:00:00+00:00,16.71,16.76,16.64,16.71,115831.44
2025-10-19 02:00:00+00:00,16.71,16.75,16.65,16.68,34052.3
2025-10-19 03:00:00+00:00,16.67,16.89,16.64,16.86,55698.68
2025-10-19 04:00:00+00:00,16.86,16.88,16.76,16.85,47749.19
2025-10-19 05:00:00+00:00,16.85,16.92,16.71,16.74,56224.39
2025-10-19 06:00:00+00:00,16.74,16.88,16.66,16.71,442028.6
2025-10-19 07:00:00+00:00,16.7,16.8,16.68,16.8,36372.0
2025-10-19 08:00:00+00:00,16.8,17.02,16.57,16.64,835734.45
2025-10-19 09:00:00+00:00,16.64,17.03,16.53,16.86,321983.9
2025-10-19 10:00:00+00:00,16.87,17.17,16.8,17.11,260730.92
2025-10-19 11:00:00+00:00,17.12,17.3,17.08,17.14,250411.43
2025-10-19 12:00:00+00:00,17.14,17.22,17.02,17.13,127412.68
2025-10-19 13:00:00+00:00,17.13,17.42,17.06,17.38,183059.55
2025-10-19 14:00:00+00:00,17.38,17.54,17.28,17.52,229108.18
2025-10-19 15:00:00+00:00,17.52,17.54,17.36,17.41,127498.85
2025-10-19 16:00:00+00:00,17.41,17.5,17.31,17.43,101121.6
2025-10-19 17:00:00+00:00,17.44,17.66,17.36,17.41,206045.11
2025-10-19 18:00:00+00:00,17.42,17.57,17.41,17.53,79679.27
2025-10-19 19:00:00+00:00,17.52,17.53,17.42,17.46,62469.48
2025-10-19 20:00:00+00:00,17.45,17.55,17.4,17.54,60739.78
2025-10-19 21:00:00+00:00,17.54,17.55,17.35,17.42,54042.59
2025-10-19 22:00:00+00:00,17.43,17.52,17.41,17.45,60602.43
2025-10-19 23:00:00+00:00,17.45,17.45,17.24,17.29,83944.65
2025-10-20 00:00:00+00:00,17.29,17.29,16.93,17.16,181847.01
2025-10-20 01:00:00+00:00,17.16,17.22,17.09,17.11,60912.51
2025-10-20 02:00:00+00:00,17.11,17.26,16.99,17.23,83723.3
2025-10-20 03:00:00+00:00,17.23,17.68,17.15,17.62,144199.43
2025-10-20 04:00:00+00:00,17.62,17.77,17.58,17.76,160854.72
2025-10-20 05:00:00+00:00,17.77,17.85,17.7,17.82,146310.78
2025-10-20 06:00:00+00:00,17.82,18.91,17.78,18.64,1777642.9
2025-10-20 07:00:00+00:00,18.64,18.96,18.53,18.61,823984.41
2025-10-20 08:00:00+00:00,18.62,18.86,18.56,18.78,363331.15
2025-10-20 09:00:00+00:00,18.78,18.93,18.65,18.86,323538.49
2025-10-20 10:00:00+00:00,18.86,19.0,18.73,18.82,282674.9
2025-10-20 11:00:00+00:00,18.83,19.04,18.74,19.01,215489.7
2025-10-20 12:00:00+00:00,19.0,19.19,18.91,19.01,342044.02
2025-10-20 13:00:00+00:00,19.02,19.11,18.88,19.03,278768.17
2025-10-20 14:00:00+00:00,19.03,19.08,18.88,19.01,258233.57
2025-10-20 15:00:00+00:00,19.02,19.11,18.76,18.76,273341.82
2025-10-20 16:00:00+00:00,18.77,18.78,18.43,18.64,696055.78
2025-10-20 17:00:00+00:00,18.64,18.85,18.57,18.74,254719.07
2025-10-20 18:00:00+00:00,18.74,18.89,18.67,18.88,159707.07
2025-10-20 19:00:00+00:00,18.88,18.93,18.76,18.85,105729.72
2025-10-20 20:00:00+00:00,18.85,18.93,18.77,18.87,102291.06
2025-10-20 21:00:00+00:00,18.87,18.95,18.7,18.73,137035.99
2025-10-20 22:00:00+00:00,18.73,18.79,18.65,18.75,77031.82
2025-10-20 23:00:00+00:00,18.74,18.76,18.6,18.66,101302.26
2025-10-21 00:00:00+00:00,18.66,18.96,18.65,18.86,139427.95
2025-10-21 01:00:00+00:00,18.87,18.89,18.69,18.71,139242.45
2025-10-21 02:00:00+00:00,18.71,18.72,18.35,18.39,238162.42
2025-10-21 03:00:00+00:00,18.39,18.44,18.13,18.15,248521.04
2025-10-21 04:00:00+00:00,18.15,18.17,17.71,17.73,635833.33
2025-10-21 05:00:00+00:00,17.74,17.85,17.68,17.76,224905.1
2025-10-21 06:00:00+00:00,17.76,17.91,17.66,17.84,212973.07
2025-10-21 07:00:00+00:00,17.84,18.07,17.75,18.07,173115.91
2025-10-21 08:00:00+00:00,18.06,18.07,17.8,18.0,160285.95
2025-10-21 09:00:00+00:00,18.0,18.05,17.87,17.88,91521.1
2025-10-21 10:00:00+00:00,17.88,18.08,17.82,17.97,176710.78
2025-10-21 11:00:00+00:00,17.96,18.12,17.9,18.08,78750.9
2025-10-21 12:00:00+00:00,18.07,18.35,18.01,18.18,310127.33
2025-10-21 13:00:00+00:00,18.19,18.26,17.83,17.92,421965.76
2025-10-21 14:00:00+00:00,17.92,18.76,17.91,18.74,668328.09
2025-10-21 15:00:00+00:00,18.74,18.97,18.51,18.8,1140823.15
2025-10-21 16:00:00+00:00,18.8,18.9,18.28,18.36,520475.36
2025-10-21 17:00:00+00:00,18.36,18.47,18.07,18.31,509693.36
2025-10-21 18:00:00+00:00,18.31,18.36,18.08,18.27,136360.2
2025-10-21 19:00:00+00:00,18.27,18.3,18.12,18.18,146187.22
2025-10-21 20:00:00+00:00,18.18,18.22,17.88,17.98,229171.91
2025-10-21 21:00:00+00:00,17.97,18.07,17.71,18.0,291770.98
2025-10-21 22:00:00+00:00,18.0,18.01,17.66,17.77,306063.7
2025-10-21 23:00:00+00:00,17.76,17.83,17.53,17.61,195502.26
2025-10-22 00:00:00+00:00,17.6,17.72,17.42,17.52,242468.85
2025-10-22 01:00:00+00:00,17.52,17.72,17.51,17.7,130217.67
2025-10-22 02:00:00+00:00,17.7,17.74,17.61,17.64,115538.28
2025-10-22 03:00:00+00:00,17.64,17.65,17.54,17.63,78779.8
2025-10-22 04:00:00+00:00,17.63,17.84,17.61,17.82,108622.19
2025-10-22 05:00:00+00:00,17.81,17.83,17.43,17.59,168061.38
2025-10-22 06:00:00+00:00,17.6,17.63,17.5,17.5,159054.79
2025-10-22 07:00:00+00:00,17.5,17.63,17.44,17.62,136957.17
2025-10-22 08:00:00+00:00,17.62,17.62,17.49,17.53,99463.78
2025-10-22 09:00:00+00:00,17.53,17.56,17.34,17.4,130477.03
2025-10-22 10:00:00+00:00,17.39,17.5,17.36,17.38,80483.64
2025-10-22 11:00:00+00:00,17.38,17.54,17.13,17.41,424560.63
2025-10-22 12:00:00+00:00,17.41,17.58,17.35,17.47,102243.88
2025-10-22 13:00:00+00:00,17.46,17.61,17.31,17.57,223202.35
2025-10-22 14:00:00+00:00,17.57,17.57,17.14,17.52,490185.87
2025-10-22 15:00:00+00:00,17.52,17.6,17.29,17.47,271976.13
2025-10-22 16:00:00+00:00,17.47,17.51,17.29,17.36,268832.71
2025-10-22 17:00:00+00:00,17.36,17.43,17.18,17.21,104974.77
2025-10-22 18:00:00+00:00,17.22,17.29,17.14,17.23,153453.62
2025-10-22 19:00:00+00:00,17.23,17.39,17.1,17.25,173359.49
2025-10-22 20:00:00+00:00,17.25,17.28,17.08,17.15,160318.04
2025-10-22 21:00:00+00:00,17.15,17.16,16.71,16.99,676086.3
2025-10-22 22:00:00+00:00,16.98,17.09,16.89,16.97,127978.99
2025-10-22 23:00:00+00:00,16.97,17.26,16.96,17.2,121324.74
2025-10-23 00:00:00+00:00,17.2,17.27,17.17,17.21,63651.45
2025-10-23 01:00:00+00:00,17.22,17.34,17.19,17.25,92267.16
2025-10-23 02:00:00+00:00,17.26,17.37,17.24,17.27,55349.22
2025-10-23 03:00:00+00:00,17.28,17.37,17.24,17.26,65492.75
2025-10-23 04:00:00+00:00,17.27,17.38,17.25,17.31,53286.37
2025-10-23 05:00:00+00:00,17.31,17.41,17.3,17.4,59648.89
2025-10-23 06:00:00+00:00,17.4,17.68,17.37,17.67,319350.14
2025-10-23 07:00:00+00:00,17.66,17.68,17.51,17.57,101083.1
2025-10-23 08:00:00+00:00,17.58,17.71,17.57,17.6,75638.97
2025-10-23 09:00:00+00:00,17.6,17.62,17.25,17.4,498439.58
2025-10-23 10:00:00+00:00,17.4,17.48,17.33,17.38,251287.38
2025-10-23 11:00:00+00:00,17.38,17.42,17.26,17.3,114499.91
2025-10-23 12:00:00+00:00,17.29,17.31,17.16,17.29,190605.31
2025-10-23 13:00:00+00:00,17.29,17.36,17.14,17.27,183414.61
2025-10-23 14:00:00+00:00,17.27,17.37,17.09,17.28,165998.91
2025-10-23 15:00:00+00:00,17.29,17.55,17.26,17.4,215194.98
2025-10-23 16:00:00+00:00,17.4,17.66,17.38,17.66,120313.45
2025-10-23 17:00:00+00:00,17.66,17.79,17.46,17.72,219530.17
2025-10-23 18:00:00+00:00,17.72,17.73,17.44,17.47,159116.5
2025-10-23 19:00:00+00:00,17.48,17.49,17.35,17.48,85521.01
2025-10-23 20:00:00+00:00,17.47,17.47,17.18,17.26,84339.82
2025-10-23 21:00:00+00:00,17.25,17.35,17.22,17.29,41889.55
2025-10-23 22:00:00+00:00,17.29,17.42,17.28,17.36,75333.51
2025-10-23 23:00:00+00:00,17.37,17.44,17.34,17.44,56409.62
2025-10-24 00:00:00+00:00,17.44,17.48,17.33,17.41,114104.75
2025-10-24 01:00:00+00:00,17.41,17.46,17.33,17.42,70923.75
2025-10-24 02:00:00+00:00,17.41,17.46,17.34,17.4,50410.55
2025-10-24 03:00:00+00:00,17.4,17.43,17.29,17.35,97683.98
2025-10-24 04:00:00+00:00,17.35,17.72,17.3,17.67,167850.7
2025-10-24 05:00:00+00:00,17.67,17.74,17.61,17.67,91172.41
2025-10-24 06:00:00+00:00,17.67,17.72,17.6,17.7,59134.06
2025-10-24 07:00:00+00:00,17.71,17.73,17.55,17.65,139217.1
2025-10-24 08:00:00+00:00,17.65,17.82,17.57,17.73,295354.81
2025-10-24 09:00:00+00:00,17.74,17.76,17.66,17.67,167799.78
2025-10-24 10:00:00+00:00,17.67,17.68,17.6,17.64,47918.54
2025-10-24 11:00:00+00:00,17.64,17.76,17.54,17.74,65264.43
2025-10-24 12:00:00+00:00,17.74,18.1,17.71,17.9,362206.72
2025-10-24 13:00:00+00:00,17.91,17.95,17.61,17.81,248001.02
2025-10-24 14:00:00+00:00,17.8,17.8,17.45,17.58,206124.36
2025-10-24 15:00:00+00:00,17.58,17.73,17.49,17.56,127465.61
2025-10-24 16:00:00+00:00,17.56,17.62,17.47,17.62,99247.58
2025-10-24 17:00:00+00:00,17.62,17.76,17.61,17.65,89600.42
2025-10-24 18:00:00+00:00,17.64,17.7,17.62,17.68,70801.73
2025-10-24 19:00:00+00:00,17.68,17.85,17.66,17.78,151075.75
2025-10-24 20:00:00+00:00,17.78,17.91,17.76,17.84,132434.57
2025-10-24 21:00:00+00:00,17.85,17.95,17.82,17.94,124954.92
2025-10-24 22:00:00+00:00,17.94,17.99,17.9,17.97,64088.12
2025-10-24 23:00:00+00:00,17.97,17.97,17.85,17.89,65270.72
2025-10-25 00:00:00+00:00,17.89,17.9,17.79,17.81,61570.53
2025-10-25 01:00:00+00:00,17.82,17.97,17.8,17.92,40929.18
2025-10-25 02:00:00+00:00,17.93,17.94,17.85,17.86,23149.17
2025-10-25 03:00:00+00:00,17.85,17.86,17.79,17.81,31464.49
2025-10-25 04:00:00+00:00,17.81,17.98,17.8,17.91,70334.52
2025-10-25 05:00:00+00:00,17.91,17.94,17.85,17.91,48429.32
2025-10-25 06:00:00+00:00,17.92,17.97,17.83,17.85,77849.94
2025-10-25 07:00:00+00:00,17.85,18.02,17.83,17.88,58878.11
2025-10-25 08:00:00+00:00,17.87,18.02,17.87,18.01,59230.5
2025-10-25 09:00:00+00:00,18.01,18.04,17.9,17.91,57433.04
2025-10-25 10:00:00+00:00,17.91,17.96,17.87,17.92,41931.02
2025-10-25 11:00:00+00:00,17.93,18.02,17.89,18.0,55805.46
2025-10-25 12:00:00+00:00,18.0,18.09,17.99,18.04,71530.15
2025-10-25 13:00:00+00:00,18.04,18.05,17.94,17.99,46626.92
2025-10-25 14:00:00+00:00,17.99,18.07,17.98,18.07,93409.36
2025-10-25 15:00:00+00:00,18.06,18.07,17.95,17.98,78102.23
2025-10-25 16:00:00+00:00,17.98,18.02,17.95,17.98,40483.66
2025-10-25 17:00:00+00:00,17.98,18.05,17.97,18.01,23881.52
2025-10-25 18:00:00+00:00,18.0,18.14,17.97,18.13,68863.75
2025-10-25 19:00:00+00:00,18.13,18.2,18.1,18.19,51838.65
2025-10-25 20:00:00+00:00,18.19,18.25,18.07,18.08,79302.14
2025-10-25 21:00:00+00:00,18.09,18.1,17.99,18.02,74460.75
2025-10-25 22:00:00+00:00,18.02,18.08,17.98,18.05,49347.62
2025-10-25 23:00:00+00:00,18.05,18.06,17.99,18.02,30236.67
2025-10-26 00:00:00+00:00,18.02,18.02,17.92,17.94,89294.31
2025-10-26 01:00:00+00:00,17.95,17.96,17.78,17.84,123168.48
2025-10-26 02:00:00+00:00,17.83,17.86,17.74,17.77,148453.73
2025-10-26 03:00:00+00:00,17.77,17.79,17.69,17.73,98328.86
2025-10-26 04:00:00+00:00,17.74,17.81,17.72,17.79,74061.13
2025-10-26 05:00:00+00:00,17.78,17.83,17.74,17.79,134277.72
2025-10-26 06:00:00+00:00,17.8,17.81,17.74,17.81,147532.1
2025-10-26 07:00:00+00:00,17.8,17.87,17.76,17.86,44182.1
2025-10-26 08:00:00+00:00,17.85,17.95,17.85,17.92,72517.59
2025-10-26 09:00:00+00:00,17.92,18.23,17.92,18.11,212324.81
2025-10-26 10:00:00+00:00,18.11,18.12,17.99,18.05,88268.98
2025-10-26 11:00:00+00:00,18.05,18.35,18.0,18.32,193896.82
2025-10-26 12:00:00+00:00,18.32,18.41,18.25,18.35,238311.84
2025-10-26 13:00:00+00:00,18.35,18.49,18.27,18.39,141599.21
2025-10-26 14:00:00+00:00,18.39,18.44,18.31,18.33,105466.22
2025-10-26 15:00:00+00:00,18.33,18.35,18.22,18.33,67109.24
2025-10-26 16:00:00+00:00,18.34,18.35,18.16,18.17,209150.25
2025-10-26 17:00:00+00:00,18.16,18.21,18.08,18.11,226097.67
2025-10-26 18:00:00+00:00,18.1,18.2,18.1,18.17,85650.17
2025-10-26 19:00:00+00:00,18.17,18.18,18.11,18.17,49419.14
2025-10-26 20:00:00+00:00,18.17,18.18,18.07,18.1,56161.53
2025-10-26 21:00:00+00:00,18.1,18.26,18.06,18.23,88981.89
2025-10-26 22:00:00+00:00,18.23,18.69,18.23,18.6,504567.07
2025-10-26 23:00:00+00:00,18.6,18.69,18.52,18.55,166430.83
2025-10-27 00:00:00+00:00,18.54,18.75,18.49,18.71,119578.07
2025-10-27 01:00:00+00:00,18.7,18.93,18.67,18.9,152665.67
2025-10-27 02:00:00+00:00,18.91,19.04,18.79,19.01,263551.85
2025-10-27 03:00:00+00:00,19.01,19.05,18.89,18.95,257345.76
2025-10-27 04:00:00+00:00,18.95,18.96,18.82,18.91,118217.33
2025-10-27 05:00:00+00:00,18.92,19.04,18.88,18.94,132352.67
2025-10-27 06:00:00+00:00,18.93,19.06,18.83,18.99,157062.25
2025-10-27 07:00:00+00:00,19.0,19.06,18.69,18.83,247907.23
2025-10-27 08:00:00+00:00,18.83,18.92,18.57,18.67,265582.75
2025-10-27 09:00:00+00:00,18.67,18.68,18.44,18.5,197899.08
2025-10-27 10:00:00+00:00,18.5,18.61,18.45,18.53,67428.07
2025-10-27 11:00:00+00:00,18.52,18.58,18.37,18.49,92983.99
2025-10-27 12:00:00+00:00,18.5,18.51,18.3,18.32,88964.88
2025-10-27 13:00:00+00:00,18.33,18.46,18.17,18.38,142301.03
2025-10-27 14:00:00+00:00,18.39,18.41,18.19,18.31,194727.23
2025-10-27 15:00:00+00:00,18.31,18.45,18.3,18.41,135610.95
2025-10-27 16:00:00+00:00,18.41,18.76,18.41,18.74,142191.31
2025-10-27 17:00:00+00:00,18.74,18.8,18.67,18.73,183421.35
2025-10-27 18:00:00+00:00,18.73,18.9,18.66,18.69,161121.52
2025-10-27 19:00:00+00:00,18.7,18.72,18.45,18.48,230777.93
2025-10-27 20:00:00+00:00,18.49,18.49,18.28,18.29,157494.6
2025-10-27 21:00:00+00:00,18.29,18.43,18.21,18.31,146491.48
2025-10-27 22:00:00+00:00,18.31,18.41,18.16,18.18,122879.43
2025-10-27 23:00:00+00:00,18.18,18.26,18.08,18.22,165405.46
2025-10-28 00:00:00+00:00,18.21,18.31,18.15,18.24,111511.81
2025-10-28 01:00:00+00:00,18.25,18.41,18.24,18.34,64984.23
2025-10-28 02:00:00+00:00,18.35,18.39,18.07,18.19,128127.7
2025-10-28 03:00:00+00:00,18.19,18.27,18.09,18.22,86782.39
2025-10-28 04:00:00+00:00,18.22,18.28,18.16,18.22,48206.47
2025-10-28 05:00:00+00:00,18.23,18.26,18.02,18.02,102750.43
2025-10-28 06:00:00+00:00,18.03,18.42,18.03,18.41,84927.94
2025-10-28 07:00:00+00:00,18.42,18.51,18.3,18.33,160972.47
2025-10-28 08:00:00+00:00,18.33,18.55,18.29,18.5,79476.08
2025-10-28 09:00:00+00:00,18.49,18.53,18.32,18.5,59440.55
2025-10-28 10:00:00+00:00,18.5,18.54,18.39,18.44,167320.92
2025-10-28 11:00:00+00:00,18.45,18.55,18.38,18.39,82028.19
2025-10-28 12:00:00+00:00,18.39,18.61,18.31,18.53,121822.92
2025-10-28 13:00:00+00:00,18.52,18.83,18.52,18.74,279478.13
2025-10-28 14:00:00+00:00,18.74,18.77,18.07,18.42,436964.96
2025-10-28 15:00:00+00:00,18.41,18.57,18.28,18.38,199276.48
2025-10-28 16:00:00+00:00,18.38,18.66,18.29,18.57,164717.49
2025-10-28 17:00:00+00:00,18.56,18.64,18.49,18.59,138192.84
2025-10-28 18:00:00+00:00,18.58,18.63,18.33,18.38,82747.05
2025-10-28 19:00:00+00:00,18.39,18.4,17.88,17.99,292273.93
2025-10-28 20:00:00+00:00,18.0,18.0,17.52,17.66,715517.95
2025-10-28 21:00:00+00:00,17.65,17.81,17.43,17.77,305465.92
2025-10-28 22:00:00+00:00,17.77,17.94,17.69,17.9,115797.52
2025-10-28 23:00:00+00:00,17.9,17.91,17.76,17.83,68149.2
2025-10-29 00:00:00+00:00,17.83,17.94,17.76,17.78,76595.56
2025-10-29 01:00:00+00:00,17.77,18.01,17.76,17.89,83825.26
2025-10-29 02:00:00+00:00,17.9,17.9,17.78,17.83,133040.27
2025-10-29 03:00:00+00:00,17.84,17.85,17.74,17.8,57964.6
2025-10-29 04:00:00+00:00,17.8,17.88,17.79,17.8,38837.43
2025-10-29 05:00:00+00:00,17.8,17.96,17.77,17.84,143425.1
2025-10-29 06:00:00+00:00,17.84,17.94,17.81,17.91,40349.59
2025-10-29 07:00:00+00:00,17.91,17.99,17.85,17.93,63444.9
2025-10-29 08:00:00+00:00,17.92,17.94,17.75,17.78,107176.52
2025-10-29 09:00:00+00:00,17.79,17.88,17.73,17.87,92521.79
2025-10-29 10:00:00+00:00,17.87,18.05,17.84,17.94,218934.56
2025-10-29 11:00:00+00:00,17.94,18.16,17.91,18.11,119885.45
2025-10-29 12:00:00+00:00,18.11,18.17,18.03,18.08,87452.33
2025-10-29 13:00:00+00:00,18.08,18.32,18.06,18.16,218604.87
2025-10-29 14:00:00+00:00,18.15,18.28,18.02,18.23,186421.03
2025-10-29 15:00:00+00:00,18.24,18.27,17.89,18.02,340825.58
2025-10-29 16:00:00+00:00,18.02,18.24,17.86,18.13,419230.92
2025-10-29 17:00:00+00:00,18.12,18.44,18.04,18.4,213530.09
2025-10-29 18:00:00+00:00,18.41,18.48,17.54,18.14,1577495.06
2025-10-29 19:00:00+00:00,18.15,18.52,18.1,18.26,439697.02
2025-10-29 20:00:00+00:00,18.27,18.48,18.11,18.43,268612.99
2025-10-29 21:00:00+00:00,18.43,18.67,18.35,18.52,192595.41
2025-10-29 22:00:00+00:00,18.53,18.55,18.34,18.38,120761.0
2025-10-29 23:00:00+00:00,18.37,18.39,17.98,18.13,175448.39
2025-10-30 00:00:00+00:00,18.14,18.31,18.01,18.27,138725.67
2025-10-30 01:00:00+00:00,18.28,18.28,18.07,18.11,108750.3
2025-10-30 02:00:00+00:00,18.11,18.32,18.08,18.23,98894.36
2025-10-30 03:00:00+00:00,18.23,18.26,18.1,18.17,114140.16
2025-10-30 04:00:00+00:00,18.17,18.17,17.47,17.67,651196.27
2025-10-30 05:00:00+00:00,17.66,18.21,17.57,18.14,327513.87
2025-10-30 06:00:00+00:00,18.14,18.24,17.94,18.18,199611.07
2025-10-30 07:00:00+00:00,18.18,18.43,18.15,18.37,199876.98
2025-10-30 08:00:00+00:00,18.37,18.39,18.18,18.19,142145.6
2025-10-30 09:00:00+00:00,18.19,18.22,17.96,17.98,226383.07
2025-10-30 10:00:00+00:00,17.98,18.01,17.76,17.79,306116.37
2025-10-30 11:00:00+00:00,17.78,17.83,17.65,17.67,323943.84
2025-10-30 12:00:00+00:00,17.67,17.72,17.26,17.38,540955.2
2025-10-30 13:00:00+00:00,17.38,17.49,17.12,17.13,376246.0
2025-10-30 14:00:00+00:00,17.14,17.27,16.91,17.11,644987.55
2025-10-30 15:00:00+00:00,17.11,17.16,16.85,16.91,261512.47
2025-10-30 16:00:00+00:00,16.91,17.02,16.8,16.96,233068.44
2025-10-30 17:00:00+00:00,16.96,16.96,16.54,16.77,369821.08
2025-10-30 18:00:00+00:00,16.76,16.8,16.55,16.58,136430.06
2025-10-30 19:00:00+00:00,16.57,16.62,16.34,16.4,265543.43
2025-10-30 20:00:00+00:00,16.39,16.72,16.32,16.71,342693.68
2025-10-30 21:00:00+00:00,16.72,16.77,16.57,16.72,125793.29
2025-10-30 22:00:00+00:00,16.72,16.78,16.65,16.76,111096.74
2025-10-30 23:00:00+00:00,16.76,16.82,16.7,16.8,153715.99
2025-10-31 00:00:00+00:00,16.8,16.95,16.75,16.83,227279.04
2025-10-31 01:00:00+00:00,16.83,17.09,16.73,17.06,539760.33
2025-10-31 02:00:00+00:00,17.05,17.07,16.82,16.9,187494.46
2025-10-31 03:00:00+00:00,16.9,17.03,16.85,16.94,135758.33
2025-10-31 04:00:00+00:00,16.94,17.24,16.93,17.23,199265.1
2025-10-31 05:00:00+00:00,17.22,17.27,17.13,17.19,162627.03
2025-10-31 06:00:00+00:00,17.19,17.24,17.15,17.2,129822.56
2025-10-31 07:00:00+00:00,17.2,17.31,17.15,17.22,118734.47
2025-10-31 08:00:00+00:00,17.22,17.33,17.14,17.29,119349.75
2025-10-31 09:00:00+00:00,17.28,17.32,17.16,17.27,105293.3
2025-10-31 10:00:00+00:00,17.26,17.33,17.19,17.2,84485.12
2025-10-31 11:00:00+00:00,17.2,17.35,17.16,17.34,103045.48
2025-10-31 12:00:00+00:00,17.33,17.4,17.16,17.16,150416.65
2025-10-31 13:00:00+00:00,17.17,17.32,17.09,17.26,160691.69
2025-10-31 14:00:00+00:00,17.26,17.4,17.15,17.37,177928.05
2025-10-31 15:00:00+00:00,17.36,17.46,17.27,17.28,177739.43
2025-10-31 16:00:00+00:00,17.29,17.29,16.85,16.9,205788.59
2025-10-31 17:00:00+00:00,16.89,17.01,16.77,16.91,123760.35
2025-10-31 18:00:00+00:00,16.91,17.11,16.83,17.02,159406.25
2025-10-31 19:00:00+00:00,17.01,17.37,16.92,17.31,191797.07
2025-10-31 20:00:00+00:00,17.3,17.36,17.14,17.18,108636.78
2025-10-31 21:00:00+00:00,17.18,17.26,17.12,17.25,63284.26
2025-10-31 22:00:00+00:00,17.25,17.36,17.22,17.28,60712.49
2025-10-31 23:00:00+00:00,17.27,17.3,17.23,17.24,38367.5
2025-11-01 00:00:00+00:00,17.24,17.25,17.09,17.15,151091.59
2025-11-01 01:00:00+00:00,17.14,17.25,17.12,17.12,83503.22
2025-11-01 02:00:00+00:00,17.12,17.27,17.06,17.25,41179.7
2025-11-01 03:00:00+00:00,17.25,17.33,17.24,17.31,53425.93
2025-11-01 04:00:00+00:00,17.32,17.34,17.19,17.31,47588.05
2025-11-01 05:00:00+00:00,17.32,17.34,17.18,17.2,26831.1
2025-11-01 06:00:00+00:00,17.2,17.25,17.13,17.21,52846.32
2025-11-01 07:00:00+00:00,17.21,17.34,17.18,17.33,74445.59
2025-11-01 08:00:00+00:00,17.32,17.39,17.24,17.38,106525.86
2025-11-01 09:00:00+00:00,17.38,17.44,17.29,17.33,95625.86
2025-11-01 10:00:00+00:00,17.34,17.41,17.31,17.35,51928.9
2025-11-01 11:00:00+00:00,17.36,17.44,17.29,17.34,47970.05
2025-11-01 12:00:00+00:00,17.35,17.42,17.33,17.37,56003.66
2025-11-01 13:00:00+00:00,17.37,17.4,17.2,17.28,71472.98
2025-11-01 14:00:00+00:00,17.28,17.31,17.13,17.17,98458.56
2025-11-01 15:00:00+00:00,17.18,17.33,17.15,17.25,93392.21
2025-11-01 16:00:00+00:00,17.25,17.34,17.19,17.25,97384.85
2025-11-01 17:00:00+00:00,17.25,17.26,17.04,17.17,123885.31
2025-11-01 18:00:00+00:00,17.17,17.24,17.11,17.23,67408.92
2025-11-01 19:00:00+00:00,17.23,17.24,17.16,17.23,38767.14
2025-11-01 20:00:00+00:00,17.24,17.32,17.22,17.25,54561.13
2025-11-01 21:00:00+00:00,17.25,17.27,17.05,17.08,90308.94
2025-11-01 22:00:00+00:00,17.07,17.15,17.06,17.13,68179.37
2025-11-01 23:00:00+00:00,17.13,17.16,17.07,17.14,61507.07
2025-11-02 00:00:00+00:00,17.15,17.15,17.05,17.11,41615.33
2025-11-02 01:00:00+00:00,17.11,17.15,17.04,17.09,45891.37
2025-11-02 02:00:00+00:00,17.08,17.21,17.06,17.15,41513.13
2025-11-02 03:00:00+00:00,17.15,17.17,17.1,17.16,25373.46
2025-11-02 04:00:00+00:00,17.15,17.4,17.11,17.36,85791.26
2025-11-02 05:00:00+00:00,17.37,17.58,17.3,17.55,226061.25
2025-11-02 06:00:00+00:00,17.54,17.56,17.38,17.49,197406.71
2025-11-02 07:00:00+00:00,17.49,17.6,17.44,17.54,71584.15
2025-11-02 08:00:00+00:00,17.54,17.58,17.44,17.46,51770.84
2025-11-02 09:00:00+00:00,17.46,17.58,17.43,17.44,57131.62
2025-11-02 10:00:00+00:00,17.44,17.5,17.25,17.33,107377.9
2025-11-02 11:00:00+00:00,17.33,17.64,17.33,17.58,142355.8
2025-11-02 12:00:00+00:00,17.58,17.59,17.44,17.45,75379.52
2025-11-02 13:00:00+00:00,17.46,17.5,17.31,17.37,74372.62
2025-11-02 14:00:00+00:00,17.37,17.4,17.06,17.15,148042.34
2025-11-02 15:00:00+00:00,17.14,17.28,17.07,17.13,94107.64
2025-11-02 16:00:00+00:00,17.13,17.29,17.0,17.29,119800.27
2025-11-02 17:00:00+00:00,17.28,17.29,17.11,17.21,65700.76
2025-11-02 18:00:00+00:00,17.2,17.22,17.13,17.17,26862.44
2025-11-02 19:00:00+00:00,17.17,17.18,16.99,17.05,77024.63
2025-11-02 20:00:00+00:00,17.06,17.16,16.99,17.14,46915.3
2025-11-02 21:00:00+00:00,17.15,17.26,17.08,17.17,49532.59
2025-11-02 22:00:00+00:00,17.18,17.24,17.09,17.18,56657.79
2025-11-02 23:00:00+00:00,17.19,17.63,17.19,17.58,253839.23
2025-11-03 00:00:00+00:00,17.59,17.66,17.27,17.28,214982.72
2025-11-03 01:00:00+00:00,17.27,17.3,17.02,17.06,160255.64
2025-11-03 02:00:00+00:00,17.06,17.09,16.78,16.85,340597.08
2025-11-03 03:00:00+00:00,16.85,16.9,16.33,16.36,419116.75
2025-11-03 04:00:00+00:00,16.36,16.41,16.18,16.41,292982.16
2025-11-03 05:00:00+00:00,16.4,16.52,16.16,16.18,188976.97
2025-11-03 06:00:00+00:00,16.17,16.2,15.87,16.08,339355.11
2025-11-03 07:00:00+00:00,16.07,16.27,16.01,16.13,238245.03
2025-11-03 08:00:00+00:00,16.13,16.21,15.97,16.11,347230.44
2025-11-03 09:00:00+00:00,16.12,16.24,15.92,15.96,195636.13
2025-11-03 10:00:00+00:00,15.95,16.05,15.8,15.85,181202.83
2025-11-03 11:00:00+00:00,15.86,16.13,15.85,16.07,173897.29
2025-11-03 12:00:00+00:00,16.07,16.18,16.01,16.02,132616.19
2025-11-03 13:00:00+00:00,16.01,16.19,15.93,16.17,194218.21
2025-11-03 14:00:00+00:00,16.18,16.31,16.07,16.31,382025.34
2025-11-03 15:00:00+00:00,16.31,16.34,14.51,15.29,2486034.14
2025-11-03 16:00:00+00:00,15.3,15.68,15.24,15.45,678264.03
2025-11-03 17:00:00+00:00,15.45,15.86,15.42,15.74,314011.62
2025-11-03 18:00:00+00:00,15.74,15.76,15.47,15.5,147993.05
2025-11-03 19:00:00+00:00,15.49,15.53,15.32,15.35,194217.04
2025-11-03 20:00:00+00:00,15.35,15.38,15.05,15.15,274353.61
2025-11-03 21:00:00+00:00,15.15,15.43,15.05,15.37,307631.56
2025-11-03 22:00:00+00:00,15.37,15.38,15.12,15.22,224838.85
2025-11-03 23:00:00+00:00,15.22,15.3,15.1,15.25,124080.6
2025-11-04 00:00:00+00:00,15.25,15.5,15.11,15.33,225176.94
2025-11-04 01:00:00+00:00,15.33,15.51,15.27,15.37,181340.05
2025-11-04 02:00:00+00:00,15.36,15.47,15.3,15.31,101237.97
2025-11-04 03:00:00+00:00,15.32,15.5,15.27,15.43,208680.5
2025-11-04 04:00:00+00:00,15.43,15.51,15.23,15.24,111840.63
2025-11-04 05:00:00+00:00,15.24,15.34,14.66,14.7,692787.8
2025-11-04 06:00:00+00:00,14.69,15.18,14.69,14.89,483821.16
2025-11-04 07:00:00+00:00,14.88,14.9,14.56,14.63,410242.32
2025-11-04 08:00:00+00:00,14.64,14.94,14.52,14.82,363074.58
2025-11-04 09:00:00+00:00,14.83,14.91,14.75,14.88,206552.43
2025-11-04 10:00:00+00:00,14.89,15.08,14.87,15.08,414878.86
2025-11-04 11:00:00+00:00,15.08,15.28,15.03,15.06,415205.42
2025-11-04 12:00:00+00:00,15.06,15.11,14.8,14.86,673660.61
2025-11-04 13:00:00+00:00,14.87,14.97,14.73,14.79,228763.28
2025-11-04 14:00:00+00:00,14.8,15.35,14.67,15.26,482487.73
2025-11-04 15:00:00+00:00,15.26,15.43,15.02,15.12,280143.95
2025-11-04 16:00:00+00:00,15.11,15.24,14.72,14.77,576864.66
2025-11-04 17:00:00+00:00,14.76,14.76,14.27,14.57,813650.31
2025-11-04 18:00:00+00:00,14.57,14.65,14.13,14.59,816134.62
2025-11-04 19:00:00+00:00,14.58,14.71,14.27,14.29,288363.18
2025-11-04 20:00:00+00:00,14.29,14.58,13.69,14.37,1390412.97
2025-11-04 21:00:00+00:00,14.38,14.45,13.78,14.32,710254.63
2025-11-04 22:00:00+00:00,14.32,14.82,14.23,14.76,515700.54
2025-11-04 23:00:00+00:00,14.76,14.87,14.67,14.68,259480.58
2025-11-05 00:00:00+00:00,14.69,14.79,14.44,14.54,208175.06
2025-11-05 01:00:00+00:00,14.54,14.56,13.98,14.45,402357.37
2025-11-05 02:00:00+00:00,14.46,14.74,14.45,14.7,711522.05
2025-11-05 03:00:00+00:00,14.71,14.9,14.65,14.85,367701.26
2025-11-05 04:00:00+00:00,14.85,14.98,14.75,14.89,154066.16
2025-11-05 05:00:00+00:00,14.88,15.02,14.8,14.86,130303.39
2025-11-05 06:00:00+00:00,14.85,14.93,14.76,14.92,151810.08
2025-11-05 07:00:00+00:00,14.92,14.96,14.77,14.91,117675.86
2025-11-05 08:00:00+00:00,14.9,14.9,14.6,14.68,190672.76
2025-11-05 09:00:00+00:00,14.68,14.83,14.67,14.78,144726.74
2025-11-05 10:00:00+00:00,14.78,14.79,14.54,14.56,107955.69
2025-11-05 11:00:00+00:00,14.56,14.86,14.55,14.83,121069.8
2025-11-05 12:00:00+00:00,14.82,14.95,14.74,14.94,155516.22
2025-11-05 13:00:00+00:00,14.94,15.09,14.84,15.01,170088.65
2025-11-05 14:00:00+00:00,15.01,15.06,14.76,14.94,279871.18
2025-11-05 15:00:00+00:00,14.93,15.11,14.84,15.1,236122.22
2025-11-05 16:00:00+00:00,15.1,15.24,14.91,15.2,263329.08
2025-11-05 17:00:00+00:00,15.2,15.28,15.12,15.25,343704.59
2025-11-05 18:00:00+00:00,15.24,15.4,15.18,15.34,160127.3
2025-11-05 19:00:00+00:00,15.34,15.35,15.21,15.25,126104.77
2025-11-05 20:00:00+00:00,15.26,15.36,15.15,15.21,222596.21
2025-11-05 21:00:00+00:00,15.21,15.21,15.05,15.15,158750.56
2025-11-05 22:00:00+00:00,15.14,15.25,15.09,15.24,87574.09
2025-11-05 23:00:00+00:00,15.23,15.32,15.08,15.09,882211.04
2025-11-06 00:00:00+00:00,15.08,15.14,15.02,15.07,144969.47
2025-11-06 01:00:00+00:00,15.07,15.08,14.84,15.06,232533.73
2025-11-06 02:00:00+00:00,15.05,15.2,14.91,15.12,165084.32
2025-11-06 03:00:00+00:00,15.12,15.21,15.11,15.12,155328.48
2025-11-06 04:00:00+00:00,15.13,15.24,15.09,15.19,90909.81
2025-11-06 05:00:00+00:00,15.18,15.19,14.88,14.92,150133.48
2025-11-06 06:00:00+00:00,14.92,14.99,14.85,14.89,170911.74
2025-11-06 07:00:00+00:00,14.89,15.01,14.82,14.91,129550.55
2025-11-06 08:00:00+00:00,14.9,14.96,14.83,14.88,98061.27
2025-11-06 09:00:00+00:00,14.88,14.97,14.8,14.82,118577.83
2025-11-06 10:00:00+00:00,14.83,14.95,14.75,14.88,122823.97
2025-11-06 11:00:00+00:00,14.88,14.98,14.78,14.94,110221.87
2025-11-06 12:00:00+00:00,14.93,14.97,14.74,14.8,151312.17
2025-11-06 13:00:00+00:00,14.79,15.1,14.78,15.03,156173.65
2025-11-06 14:00:00+00:00,15.04,15.09,14.6,14.64,206800.54
2025-11-06 15:00:00+00:00,14.64,14.84,14.38,14.46,268567.49
2025-11-06 16:00:00+00:00,14.47,14.59,14.24,14.42,296387.8
2025-11-06 17:00:00+00:00,14.42,14.64,14.32,14.62,208307.75
2025-11-06 18:00:00+00:00,14.61,14.78,14.42,14.62,203440.51
2025-11-06 19:00:00+00:00,14.62,14.77,14.59,14.74,173495.85
2025-11-06 20:00:00+00:00,14.74,14.8,14.5,14.6,176953.34
2025-11-06 21:00:00+00:00,14.6,14.74,14.51,14.65,91439.13
2025-11-06 22:00:00+00:00,14.66,14.78,14.56,14.76,120343.94
2025-11-06 23:00:00+00:00,14.76,14.76,14.56,14.74,97605.49
2025-11-07 00:00:00+00:00,14.74,14.91,14.7,14.85,323087.6
2025-11-07 01:00:00+00:00,14.86,14.89,14.58,14.8,320252.11
2025-11-07 02:00:00+00:00,14.8,14.95,14.71,14.94,162736.32
2025-11-07 03:00:00+00:00,14.94,15.04,14.93,14.96,116596.93
2025-11-07 04:00:00+00:00,14.96,14.99,14.83,14.93,105814.75
2025-11-07 05:00:00+00:00,14.92,15.11,14.9,15.09,142734.69
2025-11-07 06:00:00+00:00,15.1,15.14,15.01,15.02,103198.97
2025-11-07 07:00:00+00:00,15.02,15.17,14.97,15.16,144179.51
2025-11-07 08:00:00+00:00,15.17,15.19,14.97,14.99,148378.37
2025-11-07 09:00:00+00:00,14.99,15.03,14.72,14.87,193171.06
2025-11-07 10:00:00+00:00,14.86,14.95,14.67,14.77,178443.52
2025-11-07 11:00:00+00:00,14.76,14.76,14.5,14.68,260837.63
2025-11-07 12:00:00+00:00,14.68,14.75,14.34,14.45,226827.72
2025-11-07 13:00:00+00:00,14.44,14.65,14.38,14.59,195502.05
2025-11-07 14:00:00+00:00,14.58,14.89,14.31,14.82,352628.78
2025-11-07 15:00:00+00:00,14.83,15.11,14.7,15.03,458599.44
2025-11-07 16:00:00+00:00,15.03,15.61,14.95,15.49,568995.87
2025-11-07 17:00:00+00:00,15.48,15.98,15.38,15.96,604521.02
2025-11-07 18:00:00+00:00,15.95,16.23,15.92,16.04,447674.55
2025-11-07 19:00:00+00:00,16.03,16.14,15.93,16.06,245907.79
2025-11-07 20:00:00+00:00,16.07,16.16,15.92,16.11,210662.87
2025-11-07 21:00:00+00:00,16.11,16.18,16.06,16.15,123885.84
2025-11-07 22:00:00+00:00,16.15,16.18,16.02,16.1,134160.76
2025-11-07 23:00:00+00:00,16.1,16.1,15.73,15.79,224434.69
2025-11-08 00:00:00+00:00,15.79,15.95,15.62,15.62,481276.88
2025-11-08 01:00:00+00:00,15.62,15.86,15.62,15.82,209907.05
2025-11-08 02:00:00+00:00,15.82,16.03,15.77,15.82,240991.04
2025-11-08 03:00:00+00:00,15.82,15.97,15.76,15.77,203045.73
2025-11-08 04:00:00+00:00,15.77,15.93,15.72,15.82,128611.12
2025-11-08 05:00:00+00:00,15.82,15.88,15.64,15.69,288413.56
2025-11-08 06:00:00+00:00,15.69,15.78,15.55,15.72,179636.1
2025-11-08 07:00:00+00:00,15.72,15.75,15.53,15.72,111567.21
2025-11-08 08:00:00+00:00,15.72,15.81,15.63,15.74,147543.38
2025-11-08 09:00:00+00:00,15.74,15.8,15.6,15.65,113590.08
2025-11-08 10:00:00+00:00,15.65,15.93,15.63,15.8,409160.19
2025-11-08 11:00:00+00:00,15.81,15.88,15.6,15.68,165199.8
2025-11-08 12:00:00+00:00,15.69,15.73,15.58,15.64,107719.02
2025-11-08 13:00:00+00:00,15.65,15.66,15.41,15.42,207782.96
2025-11-08 14:00:00+00:00,15.43,15.54,15.27,15.45,192637.95
2025-11-08 15:00:00+00:00,15.46,15.49,15.17,15.22,276173.15
2025-11-08 16:00:00+00:00,15.22,15.32,15.12,15.26,159366.19
2025-11-08 17:00:00+00:00,15.26,15.39,15.19,15.32,96053.38
2025-11-08 18:00:00+00:00,15.32,15.45,15.25,15.42,73428.41
2025-11-08 19:00:00+00:00,15.41,15.44,15.22,15.37,82779.27
2025-11-08 20:00:00+00:00,15.36,15.44,15.27,15.4,75820.86
2025-11-08 21:00:00+00:00,15.39,15.47,15.37,15.45,46030.62
2025-11-08 22:00:00+00:00,15.45,15.51,15.4,15.5,61675.47
2025-11-08 23:00:00+00:00,15.49,15.55,15.46,15.51,56046.57
2025-11-09 00:00:00+00:00,15.52,15.53,15.29,15.36,105391.79
2025-11-09 01:00:00+00:00,15.36,15.48,15.29,15.44,97107.21
2025-11-09 02:00:00+00:00,15.43,15.45,15.1,15.14,294762.19
2025-11-09 03:00:00+00:00,15.15,15.19,15.02,15.1,156408.58
2025-11-09 04:00:00+00:00,15.1,15.18,15.06,15.1,88682.9
2025-11-09 05:00:00+00:00,15.1,15.28,15.05,15.26,75858.9
2025-11-09 06:00:00+00:00,15.27,15.32,15.17,15.21,49287.96
2025-11-09 07:00:00+00:00,15.21,15.43,15.19,15.37,126657.64
2025-11-09 08:00:00+00:00,15.37,15.38,15.25,15.3,114498.2
2025-11-09 09:00:00+00:00,15.31,15.41,15.15,15.19,84217.16
2025-11-09 10:00:00+00:00,15.18,15.31,15.08,15.3,164765.1
2025-11-09 11:00:00+00:00,15.31,15.5,15.3,15.44,144767.68
2025-11-09 12:00:00+00:00,15.43,15.57,15.39,15.46,113938.91
2025-11-09 13:00:00+00:00,15.46,15.66,15.43,15.57,149915.97
2025-11-09 14:00:00+00:00,15.58,15.94,15.52,15.7,363227.77
2025-11-09 15:00:00+00:00,15.7,15.93,15.7,15.82,105562.7
2025-11-09 16:00:00+00:00,15.83,15.99,15.77,15.95,122246.13
2025-11-09 17:00:00+00:00,15.94,15.95,15.73,15.77,83137.5
2025-11-09 18:00:00+00:00,15.78,15.98,15.72,15.95,95155.88
2025-11-09 19:00:00+00:00,15.95,16.1,15.87,16.09,133425.01
2025-11-09 20:00:00+00:00,16.1,16.13,15.96,16.03,115798.73
2025-11-09 21:00:00+00:00,16.03,16.06,15.96,16.0,70880.29
2025-11-09 22:00:00+00:00,16.0,16.03,15.83,15.96,93743.38
2025-11-09 23:00:00+00:00,15.97,16.12,15.87,15.93,120962.43
2025-11-10 00:00:00+00:00,15.92,16.28,15.79,16.12,239233.05
2025-11-10 01:00:00+00:00,16.12,16.23,16.05,16.12,157106.69
2025-11-10 02:00:00+00:00,16.12,16.22,16.09,16.21,100154.29
2025-11-10 03:00:00+00:00,16.22,16.31,16.16,16.24,151870.6
2025-11-10 04:00:00+00:00,16.24,16.29,16.15,16.27,111867.97
2025-11-10 05:00:00+00:00,16.28,16.39,16.16,16.3,193423.39
2025-11-10 06:00:00+00:00,16.3,16.34,16.2,16.32,69842.17
2025-11-10 07:00:00+00:00,16.32,16.43,16.3,16.36,127161.75
2025-11-10 08:00:00+00:00,16.37,16.39,16.19,16.3,137357.02
2025-11-10 09:00:00+00:00,16.3,16.58,16.25,16.55,282213.11
2025-11-10 10:00:00+00:00,16.55,16.57,16.42,16.5,204507.19
2025-11-10 11:00:00+00:00,16.51,16.65,16.49,16.51,171006.04
2025-11-10 12:00:00+00:00,16.52,16.55,16.4,16.5,219161.43
2025-11-10 13:00:00+00:00,16.49,16.67,16.47,16.58,135544.08
2025-11-10 14:00:00+00:00,16.58,16.58,16.01,16.13,752279.34
2025-11-10 15:00:00+00:00,16.12,16.25,15.98,16.08,640389.89
2025-11-10 16:00:00+00:00,16.08,16.2,15.93,16.01,168389.99
2025-11-10 17:00:00+00:00,16.02,16.26,15.98,16.2,136197.5
2025-11-10 18:00:00+00:00,16.2,16.22,16.02,16.03,89024.17
2025-11-10 19:00:00+00:00,16.03,16.29,16.02,16.16,88632.29
2025-11-10 20:00:00+00:00,16.15,16.31,16.12,16.2,93250.76
2025-11-10 21:00:00+00:00,16.2,16.2,15.96,16.08,141686.98
2025-11-10 22:00:00+00:00,16.08,16.45,16.01,16.43,158351.17
2025-11-10 23:00:00+00:00,16.43,16.46,16.28,16.36,178765.03
2025-11-11 00:00:00+00:00,16.36,16.44,16.17,16.35,177674.15
2025-11-11 01:00:00+00:00,16.35,16.8,16.3,16.37,350578.13
2025-11-11 02:00:00+00:00,16.37,16.75,16.25,16.6,244571.91
2025-11-11 03:00:00+00:00,16.6,16.74,16.56,16.64,144700.21
2025-11-11 04:00:00+00:00,16.63,16.69,16.35,16.37,122967.17
2025-11-11 05:00:00+00:00,16.36,16.37,16.14,16.17,155039.05
2025-11-11 06:00:00+00:00,16.16,16.29,16.07,16.2,248576.61
2025-11-11 07:00:00+00:00,16.19,16.24,15.99,16.0,161532.21
2025-11-11 08:00:00+00:00,15.99,16.12,15.95,16.08,123391.2
2025-11-11 09:00:00+00:00,16.08,16.2,15.99,16.02,81064.3
2025-11-11 10:00:00+00:00,16.02,16.13,16.0,16.11,70563.77
2025-11-11 11:00:00+00:00,16.11,16.23,16.11,16.2,101104.09
2025-11-11 12:00:00+00:00,16.2,16.3,15.98,16.01,145039.1
2025-11-11 13:00:00+00:00,16.02,16.1,15.81,15.89,263324.73
2025-11-11 14:00:00+00:00,15.89,16.1,15.79,16.08,293694.91
2025-11-11 15:00:00+00:00,16.08,16.08,15.7,15.79,347456.11
2025-11-11 16:00:00+00:00,15.8,15.88,15.68,15.76,159266.25
2025-11-11 17:00:00+00:00,15.76,15.89,15.65,15.75,99945.92
2025-11-11 18:00:00+00:00,15.75,15.82,15.67,15.72,113144.64
2025-11-11 19:00:00+00:00,15.71,15.76,15.59,15.64,98887.81
2025-11-11 20:00:00+00:00,15.63,15.66,15.43,15.46,182905.03
2025-11-11 21:00:00+00:00,15.47,15.51,15.26,15.31,203411.67
2025-11-11 22:00:00+00:00,15.32,15.49,15.25,15.42,143031.7
2025-11-11 23:00:00+00:00,15.41,15.48,15.26,15.28,111595.76
2025-11-12 00:00:00+00:00,15.28,15.38,15.21,15.22,110257.93
2025-11-12 01:00:00+00:00,15.23,15.41,15.18,15.39,164525.24
2025-11-12 02:00:00+00:00,15.39,15.47,15.25,15.38,110283.18
2025-11-12 03:00:00+00:00,15.37,15.44,15.35,15.4,64165.29
2025-11-12 04:00:00+00:00,15.39,15.4,15.3,15.39,88285.0
2025-11-12 05:00:00+00:00,15.4,15.55,15.37,15.41,116626.68
2025-11-12 06:00:00+00:00,15.41,15.54,15.39,15.42,60116.43
2025-11-12 07:00:00+00:00,15.42,15.47,15.32,15.33,57934.29
2025-11-12 08:00:00+00:00,15.34,15.69,15.34,15.62,212797.51
2025-11-12 09:00:00+00:00,15.62,15.77,15.6,15.73,122265.16
2025-11-12 10:00:00+00:00,15.74,15.94,15.72,15.92,126949.23
2025-11-12 11:00:00+00:00,15.92,16.17,15.88,16.11,408303.55
2025-11-12 12:00:00+00:00,16.11,16.18,16.0,16.07,181927.09
2025-11-12 13:00:00+00:00,16.08,16.25,16.02,16.15,187548.55
2025-11-12 14:00:00+00:00,16.14,16.18,15.67,15.8,385482.92
2025-11-12 15:00:00+00:00,15.8,15.93,15.34,15.38,475010.58
2025-11-12 16:00:00+00:00,15.37,15.42,15.07,15.17,475153.09
2025-11-12 17:00:00+00:00,15.17,15.41,15.07,15.24,275554.04
2025-11-12 18:00:00+00:00,15.25,15.35,15.16,15.18,105870.41
2025-11-12 19:00:00+00:00,15.18,15.18,14.92,15.09,261432.46
2025-11-12 20:00:00+00:00,15.08,15.31,15.03,15.2,159268.37
2025-11-12 21:00:00+00:00,15.2,15.32,15.18,15.27,94048.67
2025-11-12 22:00:00+00:00,15.27,15.29,15.15,15.25,83696.3
2025-11-12 23:00:00+00:00,15.25,15.26,15.11,15.15,97071.34
2025-11-13 00:00:00+00:00,15.15,15.32,15.13,15.2,126383.02
2025-11-13 01:00:00+00:00,15.2,15.41,15.19,15.3,182821.22
2025-11-13 02:00:00+00:00,15.3,15.39,15.25,15.31,109978.82
2025-11-13 03:00:00+00:00,15.31,15.65,15.07,15.54,341870.07
2025-11-13 04:00:00+00:00,15.53,15.74,15.43,15.69,206514.98
2025-11-13 05:00:00+00:00,15.68,15.94,15.58,15.89,177747.62
2025-11-13 06:00:00+00:00,15.9,16.02,15.85,15.9,208022.06
2025-11-13 07:00:00+00:00,15.91,15.99,15.82,15.88,175175.34
2025-11-13 08:00:00+00:00,15.87,15.96,15.83,15.84,101834.27
2025-11-13 09:00:00+00:00,15.84,15.86,15.64,15.68,181858.39
2025-11-13 10:00:00+00:00,15.68,15.87,15.66,15.71,117770.61
2025-11-13 11:00:00+00:00,15.71,15.81,15.7,15.74,62705.68
2025-11-13 12:00:00+00:00,15.74,15.77,15.64,15.74,78182.52
2025-11-13 13:00:00+00:00,15.75,15.75,15.45,15.49,219668.9
2025-11-13 14:00:00+00:00,15.49,15.78,15.32,15.63,398594.65
2025-11-13 15:00:00+00:00,15.62,15.67,15.24,15.33,256902.72
2025-11-13 16:00:00+00:00,15.32,15.37,15.0,15.02,294559.97
2025-11-13 17:00:00+00:00,15.02,15.03,14.63,14.66,506577.14
2025-11-13 18:00:00+00:00,14.65,14.69,14.37,14.46,512132.39
2025-11-13 19:00:00+00:00,14.46,14.55,14.2,14.29,418027.28
2025-11-13 20:00:00+00:00,14.28,14.34,14.14,14.23,328625.66
2025-11-13 21:00:00+00:00,14.24,14.31,14.15,14.24,441001.02
2025-11-13 22:00:00+00:00,14.23,14.57,14.21,14.52,237324.57
2025-11-13 23:00:00+00:00,14.52,14.73,14.44,14.54,264973.24
2025-11-14 00:00:00+00:00,14.55,14.61,14.36,14.41,260909.32
2025-11-14 01:00:00+00:00,14.4,14.51,14.35,14.42,161807.9
2025-11-14 02:00:00+00:00,14.42,14.6,14.41,14.55,200311.86
2025-11-14 03:00:00+00:00,14.54,14.56,14.36,14.43,125684.51
2025-11-14 04:00:00+00:00,14.44,14.44,13.9,14.19,577698.7
2025-11-14 05:00:00+00:00,14.19,14.45,14.17,14.37,289832.51
2025-11-14 06:00:00+00:00,14.37,14.53,14.09,14.52,311640.1
2025-11-14 07:00:00+00:00,14.51,14.57,14.36,14.45,479376.97
2025-11-14 08:00:00+00:00,14.45,14.46,14.3,14.36,226418.2
2025-11-14 09:00:00+00:00,14.36,14.39,14.12,14.14,178595.88
2025-11-14 10:00:00+00:00,14.14,14.3,14.14,14.29,195581.04
2025-11-14 11:00:00+00:00,14.29,14.38,14.12,14.19,453570.59
2025-11-14 12:00:00+00:00,14.18,14.2,13.82,14.14,612711.81
2025-11-14 13:00:00+00:00,14.15,14.26,13.93,14.06,304011.58
2025-11-14 14:00:00+00:00,14.06,14.42,13.93,14.32,457022.33
2025-11-14 15:00:00+00:00,14.31,14.46,14.05,14.29,410192.58
2025-11-14 16:00:00+00:00,14.3,14.5,14.24,14.46,189400.7
2025-11-14 17:00:00+00:00,14.46,14.47,14.09,14.16,139199.79
2025-11-14 18:00:00+00:00,14.15,14.32,14.06,14.11,160459.2
2025-11-14 19:00:00+00:00,14.11,14.34,14.08,14.3,108615.56
2025-11-14 20:00:00+00:00,14.3,14.31,13.84,13.9,217763.59
2025-11-14 21:00:00+00:00,13.9,14.11,13.84,14.06,113571.02
2025-11-14 22:00:00+00:00,14.05,14.15,13.9,13.97,128951.12
2025-11-14 23:00:00+00:00,13.98,13.98,13.58,13.81,295927.4
2025-11-15 00:00:00+00:00,13.81,14.02,13.79,14.0,120112.63
2025-11-15 01:00:00+00:00,14.01,14.19,13.91,14.17,155365.83
2025-11-15 02:00:00+00:00,14.17,14.25,14.09,14.24,80174.46
2025-11-15 03:00:00+00:00,14.24,14.29,14.17,14.21,115297.69
2025-11-15 04:00:00+00:00,14.21,14.26,14.12,14.14,94299.09
2025-11-15 05:00:00+00:00,14.15,14.22,14.11,14.19,75487.82
2025-11-15 06:00:00+00:00,14.19,14.29,14.15,14.2,124389.4
2025-11-15 07:00:00+00:00,14.19,14.19,14.06,14.08,163365.06
2025-11-15 08:00:00+00:00,14.08,14.09,13.83,13.88,155574.17
2025-11-15 09:00:00+00:00,13.88,14.06,13.86,13.98,184920.57
2025-11-15 10:00:00+00:00,13.97,14.11,13.94,14.09,118220.67
2025-11-15 11:00:00+00:00,14.08,14.11,13.98,14.01,60706.87
2025-11-15 12:00:00+00:00,14.01,14.17,13.97,14.16,105710.41
2025-11-15 13:00:00+00:00,14.15,14.3,14.14,14.25,98710.67
2025-11-15 14:00:00+00:00,14.25,14.26,14.13,14.19,128197.99
2025-11-15 15:00:00+00:00,14.18,14.24,14.14,14.17,56818.07
2025-11-15 16:00:00+00:00,14.17,14.21,14.06,14.2,95108.86
2025-11-15 17:00:00+00:00,14.2,14.33,14.16,14.3,154772.57
2025-11-15 18:00:00+00:00,14.29,14.34,14.22,14.24,139259.37
2025-11-15 19:00:00+00:00,14.24,14.26,14.16,14.21,56576.93
2025-11-15 20:00:00+00:00,14.21,14.22,14.07,14.09,66765.07
2025-11-15 21:00:00+00:00,14.1,14.21,13.99,14.03,87083.3
2025-11-15 22:00:00+00:00,14.03,14.14,14.01,14.13,66859.42
2025-11-15 23:00:00+00:00,14.13,14.15,14.09,14.14,48497.86
2025-11-16 00:00:00+00:00,14.14,14.15,13.96,14.03,83839.05
2025-11-16 01:00:00+00:00,14.03,14.08,13.85,14.02,168627.58
2025-11-16 02:00:00+00:00,14.03,14.21,13.97,14.21,136073.12
2025-11-16 03:00:00+00:00,14.21,14.26,14.15,14.18,53160.83
2025-11-16 04:00:00+00:00,14.19,14.21,14.1,14.16,49444.9
2025-11-16 05:00:00+00:00,14.15,14.29,14.15,14.22,64240.17
2025-11-16 06:00:00+00:00,14.22,14.29,14.18,14.2,36185.94
2025-11-16 07:00:00+00:00,14.19,14.34,14.18,14.34,60029.65
2025-11-16 08:00:00+00:00,14.34,14.4,14.24,14.3,216281.23
2025-11-16 09:00:00+00:00,14.3,14.48,14.25,14.48,145440.26
2025-11-16 10:00:00+00:00,14.47,14.54,14.35,14.37,280684.85
2025-11-16 11:00:00+00:00,14.37,14.41,14.03,14.06,549454.53
2025-11-16 12:00:00+00:00,14.06,14.16,13.97,14.06,398279.52
2025-11-16 13:00:00+00:00,14.06,14.11,13.93,14.02,188451.5
2025-11-16 14:00:00+00:00,14.03,14.18,13.98,14.12,162235.34
2025-11-16 15:00:00+00:00,14.11,14.12,13.76,13.78,351589.45
2025-11-16 16:00:00+00:00,13.79,13.89,13.51,13.56,487692.58
2025-11-16 17:00:00+00:00,13.55,13.62,13.4,13.59,535927.78
2025-11-16 18:00:00+00:00,13.58,13.85,13.49,13.56,418432.74
2025-11-16 19:00:00+00:00,13.56,13.79,13.54,13.62,179712.74
2025-11-16 20:00:00+00:00,13.63,13.77,13.6,13.6,105375.56
2025-11-16 21:00:00+00:00,13.61,13.62,13.47,13.55,145735.21
2025-11-16 22:00:00+00:00,13.55,13.76,13.4,13.7,220801.79
2025-11-16 23:00:00+00:00,13.71,13.85,13.4,13.73,364183.53
2025-11-17 00:00:00+00:00,13.73,13.96,13.58,13.89,210342.71
2025-11-17 01:00:00+00:00,13.9,13.93,13.76,13.77,118279.83
2025-11-17 02:00:00+00:00,13.78,13.91,13.73,13.86,121248.44
2025-11-17 03:00:00+00:00,13.86,13.99,13.85,13.98,101492.65
2025-11-17 04:00:00+00:00,13.99,14.06,13.92,13.96,102043.75
2025-11-17 05:00:00+00:00,13.96,14.0,13.92,13.97,54836.56
2025-11-17 06:00:00+00:00,13.96,14.11,13.92,14.09,128721.54
2025-11-17 07:00:00+00:00,14.09,14.17,14.07,14.12,107935.5
2025-11-17 08:00:00+00:00,14.13,14.17,14.04,14.07,68896.75
2025-11-17 09:00:00+00:00,14.07,14.16,14.02,14.1,57253.34
2025-11-17 10:00:00+00:00,14.09,14.19,14.09,14.12,58199.59
2025-11-17 11:00:00+00:00,14.12,14.21,14.09,14.17,69847.96
2025-11-17 12:00:00+00:00,14.17,14.18,14.03,14.09,102352.49
2025-11-17 13:00:00+00:00,14.09,14.12,13.59,13.73,422372.25
2025-11-17 14:00:00+00:00,13.73,14.29,13.65,13.96,855887.92
2025-11-17 15:00:00+00:00,13.97,14.05,13.66,13.71,430352.84
2025-11-17 16:00:00+00:00,13.71,13.78,13.4,13.78,352570.68
2025-11-17 17:00:00+00:00,13.78,13.8,13.34,13.39,271284.82
2025-11-17 18:00:00+00:00,13.38,13.51,13.24,13.28,393825.96
2025-11-17 19:00:00+00:00,13.28,13.37,13.09,13.22,518630.41
2025-11-17 20:00:00+00:00,13.22,13.31,13.08,13.24,370851.6
2025-11-17 21:00:00+00:00,13.24,13.35,13.12,13.24,160549.02
2025-11-17 22:00:00+00:00,13.24,13.36,13.19,13.28,158976.21
2025-11-17 23:00:00+00:00,13.28,13.34,13.22,13.33,144450.38
2025-11-18 00:00:00+00:00,13.34,13.36,13.06,13.34,209749.34
2025-11-18 01:00:00+00:00,13.34,13.42,13.28,13.31,139063.24
2025-11-18 02:00:00+00:00,13.31,13.52,13.15,13.28,304777.66
2025-11-18 03:00:00+00:00,13.28,13.52,13.11,13.46,482186.27
2025-11-18 04:00:00+00:00,13.45,13.53,13.24,13.49,328420.83
2025-11-18 05:00:00+00:00,13.49,13.59,13.36,13.46,225591.36
2025-11-18 06:00:00+00:00,13.46,13.47,13.27,13.3,168069.51
2025-11-18 07:00:00+00:00,13.29,13.48,13.24,13.39,180227.14
2025-11-18 08:00:00+00:00,13.39,13.6,13.37,13.55,206608.02
2025-11-18 09:00:00+00:00,13.54,13.58,13.42,13.57,84715.08
2025-11-18 10:00:00+00:00,13.57,13.59,13.48,13.57,67682.53
2025-11-18 11:00:00+00:00,13.56,13.57,13.47,13.49,75775.26
2025-11-18 12:00:00+00:00,13.49,13.52,13.35,13.46,145177.85
2025-11-18 13:00:00+00:00,13.46,13.47,13.29,13.38,180019.78
2025-11-18 14:00:00+00:00,13.39,13.6,13.33,13.4,370596.71
2025-11-18 15:00:00+00:00,13.39,13.83,13.33,13.71,658314.5
2025-11-18 16:00:00+00:00,13.71,13.98,13.68,13.9,373037.25
2025-11-18 17:00:00+00:00,13.9,13.92,13.74,13.81,106371.93
2025-11-18 18:00:00+00:00,13.81,14.0,13.81,13.91,106117.1
2025-11-18 19:00:00+00:00,13.91,13.99,13.86,13.9,74232.66
2025-11-18 20:00:00+00:00,13.91,13.96,13.87,13.88,91417.2
2025-11-18 21:00:00+00:00,13.88,13.9,13.7,13.71,106065.79
2025-11-18 22:00:00+00:00,13.71,13.92,13.71,13.87,142318.92
2025-11-18 23:00:00+00:00,13.87,13.88,13.77,13.79,76704.77
2025-11-19 00:00:00+00:00,13.8,13.82,13.61,13.77,144934.9
2025-11-19 01:00:00+00:00,13.77,13.83,13.66,13.68,183342.34
2025-11-19 02:00:00+00:00,13.68,13.72,13.56,13.66,408976.72
2025-11-19 03:00:00+00:00,13.65,13.69,13.47,13.5,143792.35
2025-11-19 04:00:00+00:00,13.49,13.55,13.4,13.4,147202.08
2025-11-19 05:00:00+00:00,13.4,13.43,13.12,13.25,201650.8
2025-11-19 06:00:00+00:00,13.24,13.35,13.19,13.31,134255.93
2025-11-19 07:00:00+00:00,13.31,13.49,13.31,13.49,155259.53
2025-11-19 08:00:00+00:00,13.48,13.53,13.38,13.42,197776.23
2025-11-19 09:00:00+00:00,13.41,13.48,13.33,13.47,83038.82
2025-11-19 10:00:00+00:00,13.48,13.56,13.42,13.43,112729.86
2025-11-19 11:00:00+00:00,13.43,13.49,13.38,13.4,77249.16
2025-11-19 12:00:00+00:00,13.39,13.49,13.38,13.45,89576.06
2025-11-19 13:00:00+00:00,13.46,13.46,13.29,13.31,95657.05
2025-11-19 14:00:00+00:00,13.31,13.37,13.15,13.31,296591.24
2025-11-19 15:00:00+00:00,13.31,13.51,12.98,13.02,616038.36
2025-11-19 16:00:00+00:00,13.02,13.14,12.87,12.94,410921.59
2025-11-19 17:00:00+00:00,12.94,13.0,12.78,12.98,524195.25
2025-11-19 18:00:00+00:00,12.97,13.02,12.77,12.9,284669.21
2025-11-19 19:00:00+00:00,12.91,12.94,12.79,12.89,196212.65
2025-11-19 20:00:00+00:00,12.88,13.16,12.85,13.11,169630.38
2025-11-19 21:00:00+00:00,13.11,13.42,13.07,13.38,292613.41
2025-11-19 22:00:00+00:00,13.38,13.39,13.25,13.35,120160.04
2025-11-19 23:00:00+00:00,13.34,13.58,13.34,13.53,189375.29
2025-11-20 00:00:00+00:00,13.53,13.59,13.46,13.52,135967.04
2025-11-20 01:00:00+00:00,13.52,13.63,13.51,13.62,85755.15
2025-11-20 02:00:00+00:00,13.62,13.7,13.59,13.65,166956.56
2025-11-20 03:00:00+00:00,13.66,13.71,13.63,13.65,97546.77
2025-11-20 04:00:00+00:00,13.65,13.77,13.58,13.77,149052.64
2025-11-20 05:00:00+00:00,13.77,13.82,13.66,13.79,186185.75
2025-11-20 06:00:00+00:00,13.79,13.83,13.7,13.75,208654.68
2025-11-20 07:00:00+00:00,13.74,13.95,13.74,13.94,233134.33
2025-11-20 08:00:00+00:00,13.94,14.0,13.88,13.94,198745.72
2025-11-20 09:00:00+00:00,13.94,13.96,13.81,13.84,226772.28
2025-11-20 10:00:00+00:00,13.85,13.86,13.69,13.73,292725.65
2025-11-20 11:00:00+00:00,13.73,13.74,13.57,13.71,356240.67
2025-11-20 12:00:00+00:00,13.71,13.79,13.63,13.77,173545.64
2025-11-20 13:00:00+00:00,13.76,13.92,13.6,13.6,488124.98
2025-11-20 14:00:00+00:00,13.61,13.71,13.46,13.63,490110.1
2025-11-20 15:00:00+00:00,13.63,13.63,13.4,13.42,290600.84
2025-11-20 16:00:00+00:00,13.41,13.44,12.86,12.97,903782.94
2025-11-20 17:00:00+00:00,12.97,13.04,12.77,12.98,962306.83
2025-11-20 18:00:00+00:00,12.97,13.06,12.86,12.89,497864.45
2025-11-20 19:00:00+00:00,12.89,13.04,12.8,13.0,279919.5
2025-11-20 20:00:00+00:00,13.0,13.03,12.84,12.96,222729.74
2025-11-20 21:00:00+00:00,12.96,13.21,12.95,13.13,208358.41
2025-11-20 22:00:00+00:00,13.13,13.34,13.12,13.23,174196.94
2025-11-20 23:00:00+00:00,13.24,13.26,12.91,12.93,222789.79
2025-11-21 00:00:00+00:00,12.94,13.15,12.94,13.11,189270.95
2025-11-21 01:00:00+00:00,13.11,13.22,13.05,13.13,109591.03
2025-11-21 02:00:00+00:00,13.13,13.13,12.79,12.83,328491.2
2025-11-21 03:00:00+00:00,12.82,13.03,12.82,12.86,290038.66
2025-11-21 04:00:00+00:00,12.86,12.9,12.69,12.87,287978.59
2025-11-21 05:00:00+00:00,12.86,12.93,12.73,12.78,179855.05
2025-11-21 06:00:00+00:00,12.79,12.82,12.65,12.76,191222.06
2025-11-21 07:00:00+00:00,12.77,12.81,11.81,12.28,1987895.17
2025-11-21 08:00:00+00:00,12.27,12.43,12.22,12.33,768719.42
2025-11-21 09:00:00+00:00,12.33,12.4,11.98,12.01,403065.2
2025-11-21 10:00:00+00:00,12.01,12.11,11.92,12.02,494854.66
2025-11-21 11:00:00+00:00,12.01,12.15,11.85,11.89,402200.05
2025-11-21 12:00:00+00:00,11.9,12.15,11.61,12.06,894127.86
2025-11-21 13:00:00+00:00,12.06,12.18,11.99,12.09,434251.0
2025-11-21 14:00:00+00:00,12.08,12.33,11.97,12.25,495721.01
2025-11-21 15:00:00+00:00,12.26,12.29,11.83,11.91,439475.72
2025-11-21 16:00:00+00:00,11.91,12.2,11.72,12.18,628119.21
2025-11-21 17:00:00+00:00,12.19,12.37,12.15,12.18,368193.67
2025-11-21 18:00:00+00:00,12.19,12.34,11.94,12.23,316320.83
2025-11-21 19:00:00+00:00,12.24,12.29,12.07,12.12,130233.82
2025-11-21 20:00:00+00:00,12.12,12.14,11.93,12.08,366758.91
2025-11-21 21:00:00+00:00,12.07,12.25,11.98,12.15,236613.14
2025-11-21 22:00:00+00:00,12.15,12.21,11.84,11.85,205775.31
2025-11-21 23:00:00+00:00,11.85,12.17,11.79,12.11,209657.88
2025-11-22 00:00:00+00:00,12.12,12.19,12.04,12.17,149156.63
2025-11-22 01:00:00+00:00,12.16,12.25,12.1,12.23,145740.48
2025-11-22 02:00:00+00:00,12.23,12.25,12.03,12.09,79196.74
2025-11-22 03:00:00+00:00,12.1,12.16,12.04,12.11,71614.77
2025-11-22 04:00:00+00:00,12.11,12.12,11.87,12.04,211233.07
2025-11-22 05:00:00+00:00,12.04,12.05,11.84,11.91,122959.97
2025-11-22 06:00:00+00:00,11.91,12.03,11.85,12.01,369922.66
2025-11-22 07:00:00+00:00,12.01,12.05,11.96,12.0,125879.47
2025-11-22 08:00:00+00:00,12.0,12.0,11.75,11.8,223680.05
2025-11-22 09:00:00+00:00,11.8,11.96,11.77,11.87,133383.01
2025-11-22 10:00:00+00:00,11.87,11.94,11.78,11.85,133014.85
2025-11-22 11:00:00+00:00,11.86,12.03,11.82,11.96,114838.93
2025-11-22 12:00:00+00:00,11.97,11.97,11.79,11.84,103797.25
2025-11-22 13:00:00+00:00,11.84,11.91,11.74,11.79,166300.77
2025-11-22 14:00:00+00:00,11.79,12.0,11.79,11.97,167960.1
2025-11-22 15:00:00+00:00,11.97,12.01,11.85,11.92,158145.75
2025-11-22 16:00:00+00:00,11.92,12.1,11.91,12.08,192325.31
2025-11-22 17:00:00+00:00,12.09,12.09,11.96,11.98,95129.81
2025-11-22 18:00:00+00:00,11.98,12.01,11.91,11.97,100478.23
2025-11-22 19:00:00+00:00,11.96,12.04,11.93,12.0,109213.52
2025-11-22 20:00:00+00:00,12.01,12.1,11.94,12.0,102221.02
2025-11-22 21:00:00+00:00,12.0,12.07,11.97,12.06,67252.69
2025-11-22 22:00:00+00:00,12.06,12.31,12.0,12.25,209177.98
2025-11-22 23:00:00+00:00,12.24,12.26,12.11,12.17,104280.57
2025-11-23 00:00:00+00:00,12.17,12.25,12.11,12.14,114266.46
2025-11-23 01:00:00+00:00,12.15,12.35,12.14,12.32,140028.14
2025-11-23 02:00:00+00:00,12.32,12.48,12.28,12.43,290212.46
2025-11-23 03:00:00+00:00,12.44,12.48,12.37,12.47,126959.61
2025-11-23 04:00:00+00:00,12.47,12.6,12.46,12.52,196348.73
2025-11-23 05:00:00+00:00,12.53,12.55,12.45,12.51,107600.5
2025-11-23 06:00:00+00:00,12.51,12.55,12.4,12.42,101277.68
2025-11-23 07:00:00+00:00,12.42,12.44,12.3,12.37,125764.63
2025-11-23 08:00:00+00:00,12.37,12.58,12.36,12.47,717819.59
2025-11-23 09:00:00+00:00,12.47,12.59,12.45,12.55,97991.41
2025-11-23 10:00:00+00:00,12.56,12.62,12.48,12.5,534218.7
2025-11-23 11:00:00+00:00,12.51,12.54,12.43,12.51,118576.85
2025-11-23 12:00:00+00:00,12.51,12.66,12.5,12.62,262259.82
2025-11-23 13:00:00+00:00,12.62,12.67,12.56,12.66,110236.85
2025-11-23 14:00:00+00:00,12.65,12.72,12.49,12.5,151533.82
2025-11-23 15:00:00+00:00,12.51,12.73,12.5,12.68,180060.2
2025-11-23 16:00:00+00:00,12.68,12.75,12.52,12.54,172032.02
2025-11-23 17:00:00+00:00,12.54,12.57,12.45,12.48,156016.06
2025-11-23 18:00:00+00:00,12.48,12.63,12.48,12.55,110209.15
2025-11-23 19:00:00+00:00,12.56,12.71,12.54,12.64,70729.18
2025-11-23 20:00:00+00:00,12.64,12.7,12.62,12.67,73847.37
2025-11-23 21:00:00+00:00,12.66,12.74,12.59,12.73,122799.89
2025-11-23 22:00:00+00:00,12.73,12.75,12.67,12.71,99872.49
2025-11-23 23:00:00+00:00,12.71,12.74,12.49,12.53,153473.95
2025-11-24 00:00:00+00:00,12.52,12.56,12.35,12.47,236032.82
2025-11-24 01:00:00+00:00,12.47,12.56,12.38,12.55,137728.67
2025-11-24 02:00:00+00:00,12.55,12.84,12.53,12.68,261064.44
2025-11-24 03:00:00+00:00,12.69,12.8,12.62,12.69,205506.4
2025-11-24 04:00:00+00:00,12.69,12.76,12.47,12.54,148519.09
2025-11-24 05:00:00+00:00,12.54,12.85,12.52,12.72,207679.26
2025-11-24 06:00:00+00:00,12.73,12.73,12.57,12.65,182485.73
2025-11-24 07:00:00+00:00,12.64,12.66,12.55,12.59,69106.96
2025-11-24 08:00:00+00:00,12.58,12.64,12.54,12.62,80905.21
2025-11-24 09:00:00+00:00,12.61,12.65,12.35,12.4,163274.79
2025-11-24 10:00:00+00:00,12.4,12.5,12.38,12.44,93067.45
2025-11-24 11:00:00+00:00,12.44,12.51,12.37,12.5,70620.75
2025-11-24 12:00:00+00:00,12.49,12.53,12.43,12.48,108216.23
2025-11-24 13:00:00+00:00,12.47,12.6,12.46,12.47,117200.95
2025-11-24 14:00:00+00:00,12.47,12.65,12.3,12.53,338549.03
2025-11-24 15:00:00+00:00,12.53,12.69,12.46,12.62,209520.67
2025-11-24 16:00:00+00:00,12.63,12.77,12.61,12.68,155185.06
2025-11-24 17:00:00+00:00,12.68,13.16,12.68,13.13,370328.65
2025-11-24 18:00:00+00:00,13.13,13.21,13.03,13.05,396456.32
2025-11-24 19:00:00+00:00,13.06,13.17,12.95,13.0,415568.19
2025-11-24 20:00:00+00:00,13.0,13.16,12.97,13.11,182871.53
2025-11-24 21:00:00+00:00,13.11,13.11,12.98,13.02,117779.95
2025-11-24 22:00:00+00:00,13.02,13.13,13.0,13.05,127942.57
2025-11-24 23:00:00+00:00,13.04,13.06,12.95,12.97,101388.55
2025-11-25 00:00:00+00:00,12.97,13.01,12.87,12.99,148139.38
2025-11-25 01:00:00+00:00,12.99,13.03,12.9,12.9,83419.95
2025-11-25 02:00:00+00:00,12.9,13.01,12.87,12.99,186035.18
2025-11-25 03:00:00+00:00,12.99,13.03,12.88,12.91,107618.76
2025-11-25 04:00:00+00:00,12.9,13.05,12.89,13.02,91114.87
2025-11-25 05:00:00+00:00,13.01,13.03,12.93,12.98,86484.55
2025-11-25 06:00:00+00:00,12.98,12.99,12.89,12.96,82378.87
2025-11-25 07:00:00+00:00,12.95,12.97,12.8,12.81,155955.37
2025-11-25 08:00:00+00:00,12.81,12.88,12.7,12.73,126765.46
2025-11-25 09:00:00+00:00,12.73,12.85,12.66,12.85,127539.35
2025-11-25 10:00:00+00:00,12.85,12.85,12.76,12.82,118605.1
2025-11-25 11:00:00+00:00,12.81,12.82,12.74,12.77,138735.62
2025-11-25 12:00:00+00:00,12.78,12.95,12.77,12.89,130518.89
2025-11-25 13:00:00+00:00,12.88,12.93,12.71,12.76,165375.31
2025-11-25 14:00:00+00:00,12.77,12.9,12.55,12.73,289863.35
2025-11-25 15:00:00+00:00,12.72,12.83,12.59,12.74,283487.83
2025-11-25 16:00:00+00:00,12.73,12.97,12.73,12.93,177229.3
2025-11-25 17:00:00+00:00,12.93,13.05,12.88,12.98,267254.32
2025-11-25 18:00:00+00:00,12.97,13.15,12.96,13.0,566767.75
2025-11-25 19:00:00+00:00,12.99,13.03,12.76,12.98,255329.41
2025-11-25 20:00:00+00:00,12.98,13.11,12.97,13.04,167835.15
2025-11-25 21:00:00+00:00,13.04,13.1,12.97,12.98,505393.88
2025-11-25 22:00:00+00:00,12.98,13.15,12.86,13.11,165461.53
2025-11-25 23:00:00+00:00,13.12,13.22,13.06,13.09,127877.32
2025-11-26 00:00:00+00:00,13.08,13.16,13.04,13.05,88247.35
2025-11-26 01:00:00+00:00,13.04,13.17,13.0,13.12,161844.77
2025-11-26 02:00:00+00:00,13.12,13.16,13.06,13.07,117289.18
2025-11-26 03:00:00+00:00,13.06,13.12,12.93,12.96,77453.88
2025-11-26 04:00:00+00:00,12.96,13.01,12.92,12.96,41626.22
2025-11-26 05:00:00+00:00,12.96,13.06,12.96,13.02,35179.96
2025-11-26 06:00:00+00:00,13.01,13.07,12.97,13.04,80125.98
2025-11-26 07:00:00+00:00,13.05,13.08,13.01,13.08,57166.9
2025-11-26 08:00:00+00:00,13.07,13.09,12.95,12.97,79975.42
2025-11-26 09:00:00+00:00,12.96,12.97,12.87,12.91,102270.02
2025-11-26 10:00:00+00:00,12.9,12.95,12.84,12.9,58942.86
2025-11-26 11:00:00+00:00,12.9,12.9,12.79,12.84,456891.2
2025-11-26 12:00:00+00:00,12.84,12.86,12.75,12.79,97822.58
2025-11-26 13:00:00+00:00,12.79,12.93,12.78,12.92,64784.77
2025-11-26 14:00:00+00:00,12.92,13.01,12.82,12.85,117028.83
2025-11-26 15:00:00+00:00,12.85,12.94,12.8,12.87,83598.91
2025-11-26 16:00:00+00:00,12.88,13.08,12.88,13.01,91063.61
2025-11-26 17:00:00+00:00,13.01,13.41,12.98,13.37,373710.89
2025-11-26 18:00:00+00:00,13.37,13.51,13.31,13.49,309467.39
2025-11-26 19:00:00+00:00,13.49,13.49,13.39,13.45,174963.72
2025-11-26 20:00:00+00:00,13.45,13.47,13.36,13.39,115473.0
2025-11-26 21:00:00+00:00,13.4,13.5,13.36,13.44,96394.02
2025-11-26 22:00:00+00:00,13.44,13.5,13.41,13.45,67977.53
2025-11-26 23:00:00+00:00,13.44,13.5,13.4,13.46,79689.42
2025-11-27 00:00:00+00:00,13.45,13.51,13.38,13.45,126815.04
2025-11-27 01:00:00+00:00,13.44,13.54,13.42,13.5,79540.84
2025-11-27 02:00:00+00:00,13.5,13.57,13.42,13.43,137766.3
2025-11-27 03:00:00+00:00,13.43,13.46,13.36,13.37,114383.94
2025-11-27 04:00:00+00:00,13.38,13.46,13.36,13.42,34794.4
2025-11-27 05:00:00+00:00,13.42,13.43,13.28,13.3,78280.31
2025-11-27 06:00:00+00:00,13.3,13.42,13.29,13.39,51817.35
2025-11-27 07:00:00+00:00,13.4,13.4,13.31,13.35,67720.04
2025-11-27 08:00:00+00:00,13.36,13.37,13.27,13.33,54011.14
2025-11-27 09:00:00+00:00,13.32,13.44,13.3,13.36,66575.94
2025-11-27 10:00:00+00:00,13.36,13.4,13.33,13.38,69378.27
2025-11-27 11:00:00+00:00,13.39,13.4,13.32,13.35,56447.54
2025-11-27 12:00:00+00:00,13.34,13.37,13.23,13.24,112894.44
2025-11-27 13:00:00+00:00,13.23,13.36,13.23,13.32,79596.07
2025-11-27 14:00:00+00:00,13.32,13.4,13.3,13.4,57032.47
2025-11-27 15:00:00+00:00,13.39,13.48,13.34,13.46,68490.66
2025-11-27 16:00:00+00:00,13.46,13.54,13.41,13.48,102847.45
2025-11-27 17:00:00+00:00,13.48,13.49,13.4,13.44,57215.19
2025-11-27 18:00:00+00:00,13.44,13.52,13.42,13.51,42905.28
2025-11-27 19:00:00+00:00,13.5,13.51,13.43,13.47,34618.29
2025-11-27 20:00:00+00:00,13.46,13.52,13.46,13.49,59048.31
2025-11-27 21:00:00+00:00,13.49,13.52,13.43,13.44,48752.46
2025-11-27 22:00:00+00:00,13.45,13.47,13.3,13.35,66001.49
2025-11-27 23:00:00+00:00,13.35,13.4,13.31,13.34,34526.6
2025-11-28 00:00:00+00:00,13.33,13.39,13.29,13.32,50604.85
2025-11-28 01:00:00+00:00,13.33,13.33,13.15,13.17,144631.04
2025-11-28 02:00:00+00:00,13.17,13.28,13.14,13.26,73355.46
2025-11-28 03:00:00+00:00,13.26,13.3,13.23,13.29,70961.69
2025-11-28 04:00:00+00:00,13.29,13.32,13.23,13.24,34669.1
2025-11-28 05:00:00+00:00,13.24,13.34,13.22,13.3,53613.95
2025-11-28 06:00:00+00:00,13.31,13.31,13.19,13.22,25798.11
2025-11-28 07:00:00+00:00,13.22,13.32,13.22,13.22,38238.38
2025-11-28 08:00:00+00:00,13.23,13.54,13.22,13.53,193292.87
2025-11-28 09:00:00+00:00,13.53,13.55,13.41,13.42,137299.64
2025-11-28 10:00:00+00:00,13.42,13.49,13.4,13.46,48392.54
2025-11-28 11:00:00+00:00,13.46,13.48,13.24,13.3,87050.18
2025-11-28 12:00:00+00:00,13.3,13.35,13.28,13.3,32129.54
2025-11-28 13:00:00+00:00,13.3,13.51,13.25,13.46,96492.21
2025-11-28 14:00:00+00:00,13.46,13.53,13.34,13.41,155829.26
2025-11-28 15:00:00+00:00,13.41,13.49,13.35,13.42,113893.94
2025-11-28 16:00:00+00:00,13.43,13.43,13.16,13.18,110266.59
2025-11-28 17:00:00+00:00,13.19,13.21,13.04,13.11,194092.94
2025-11-28 18:00:00+00:00,13.12,13.16,13.04,13.13,98926.87
2025-11-28 19:00:00+00:00,13.13,13.23,13.11,13.21,60588.21
2025-11-28 20:00:00+00:00,13.21,13.21,13.12,13.2,62053.7
2025-11-28 21:00:00+00:00,13.2,13.22,13.1,13.11,110249.01
2025-11-28 22:00:00+00:00,13.11,13.21,13.07,13.18,102088.1
2025-11-28 23:00:00+00:00,13.19,13.22,13.12,13.13,28691.59
2025-11-29 00:00:00+00:00,13.12,13.16,13.09,13.13,86903.16
2025-11-29 01:00:00+00:00,13.14,13.21,13.13,13.15,30486.74
2025-11-29 02:00:00+00:00,13.15,13.17,13.09,13.12,33946.09
2025-11-29 03:00:00+00:00,13.11,13.12,13.05,13.08,54303.5
2025-11-29 04:00:00+00:00,13.08,13.16,13.04,13.14,201553.27
2025-11-29 05:00:00+00:00,13.15,13.15,13.08,13.09,26635.93
2025-11-29 06:00:00+00:00,13.08,13.12,12.98,13.07,140222.35
2025-11-29 07:00:00+00:00,13.07,13.16,13.06,13.1,75093.55
2025-11-29 08:00:00+00:00,13.09,13.13,13.04,13.07,68364.19
2025-11-29 09:00:00+00:00,13.06,13.08,13.03,13.08,69212.04
2025-11-29 10:00:00+00:00,13.07,13.15,13.02,13.13,43161.58
2025-11-29 11:00:00+00:00,13.12,13.17,13.09,13.15,27279.07
2025-11-29 12:00:00+00:00,13.16,13.17,13.08,13.09,17188.33
2025-11-29 13:00:00+00:00,13.09,13.15,13.07,13.09,26552.53
2025-11-29 14:00:00+00:00,13.09,13.13,13.04,13.09,62608.66
2025-11-29 15:00:00+00:00,13.1,13.22,13.09,13.17,53254.7
2025-11-29 16:00:00+00:00,13.17,13.18,13.1,13.13,39093.44
2025-11-29 17:00:00+00:00,13.13,13.14,12.98,12.99,80804.54
2025-11-29 18:00:00+00:00,13.0,13.05,12.91,13.04,99331.21
2025-11-29 19:00:00+00:00,13.04,13.05,12.99,13.02,33739.27
2025-11-29 20:00:00+00:00,13.03,13.06,12.97,13.05,24298.0
2025-11-29 21:00:00+00:00,13.05,13.05,12.99,13.03,26905.61
2025-11-29 22:00:00+00:00,13.03,13.03,12.96,12.97,42020.48
2025-11-29 23:00:00+00:00,12.98,13.03,12.95,12.99,53139.75
2025-11-30 00:00:00+00:00,12.99,13.04,12.97,13.01,34322.45
2025-11-30 01:00:00+00:00,13.01,13.1,13.0,13.07,25969.47
2025-11-30 02:00:00+00:00,13.06,13.12,13.01,13.02,25099.07
2025-11-30 03:00:00+00:00,13.02,13.11,12.94,13.11,58577.4
2025-11-30 04:00:00+00:00,13.11,13.11,13.03,13.06,30517.57
2025-11-30 05:00:00+00:00,13.05,13.06,12.98,12.99,27434.29
2025-11-30 06:00:00+00:00,13.0,13.08,12.98,13.01,35434.93
2025-11-30 07:00:00+00:00,13.01,13.07,12.99,13.05,82554.9
2025-11-30 08:00:00+00:00,13.05,13.12,12.99,13.04,64626.23
2025-11-30 09:00:00+00:00,13.03,13.11,13.02,13.09,60368.64
2025-11-30 10:00:00+00:00,13.1,13.1,13.05,13.05,22692.61
2025-11-30 11:00:00+00:00,13.05,13.08,12.99,13.0,59619.08
2025-11-30 12:00:00+00:00,13.01,13.15,12.97,13.11,60437.66
2025-11-30 13:00:00+00:00,13.12,13.33,13.09,13.32,132511.42
2025-11-30 14:00:00+00:00,13.32,13.33,13.22,13.28,158956.55
2025-11-30 15:00:00+00:00,13.28,13.31,13.21,13.24,90162.67
2025-11-30 16:00:00+00:00,13.24,13.42,13.24,13.38,92876.3
2025-11-30 17:00:00+00:00,13.38,13.39,13.27,13.36,49606.53
2025-11-30 18:00:00+00:00,13.36,13.38,13.3,13.34,48948.3
2025-11-30 19:00:00+00:00,13.34,13.38,13.28,13.32,43642.66
2025-11-30 20:00:00+00:00,13.31,13.37,13.27,13.29,32958.03
2025-11-30 21:00:00+00:00,13.29,13.32,13.24,13.29,47879.01
2025-11-30 22:00:00+00:00,13.29,13.34,13.22,13.28,55486.53
2025-11-30 23:00:00+00:00,13.28,13.29,12.93,12.95,159686.06
2025-12-01 00:00:00+00:00,12.95,12.99,12.24,12.26,1215246.19
2025-12-01 01:00:00+00:00,12.26,12.44,12.23,12.28,303706.25
2025-12-01 02:00:00+00:00,12.28,12.4,12.26,12.27,214208.33
2025-12-01 03:00:00+00:00,12.27,12.27,12.1,12.15,233299.33
2025-12-01 04:00:00+00:00,12.15,12.17,12.06,12.11,109193.92
2025-12-01 05:00:00+00:00,12.1,12.14,12.04,12.09,145614.02
2025-12-01 06:00:00+00:00,12.09,12.19,12.08,12.12,102672.01
2025-12-01 07:00:00+00:00,12.13,12.28,12.11,12.2,193305.94
2025-12-01 08:00:00+00:00,12.2,12.22,12.13,12.16,86036.9
2025-12-01 09:00:00+00:00,12.16,12.21,12.11,12.15,81151.83
2025-12-01 10:00:00+00:00,12.14,12.21,12.14,12.21,53982.53
2025-12-01 11:00:00+00:00,12.2,12.21,12.11,12.11,67551.89
2025-12-01 12:00:00+00:00,12.12,12.14,11.93,12.12,276150.52
2025-12-01 13:00:00+00:00,12.11,12.21,12.01,12.06,198354.87
2025-12-01 14:00:00+00:00,12.06,12.22,12.01,12.1,413043.02
2025-12-01 15:00:00+00:00,12.11,12.12,11.81,12.0,430744.61
2025-12-01 16:00:00+00:00,12.0,12.0,11.74,11.77,434435.42
2025-12-01 17:00:00+00:00,11.78,11.89,11.76,11.84,148620.93
2025-12-01 18:00:00+00:00,11.83,11.96,11.82,11.92,143330.13
2025-12-01 19:00:00+00:00,11.92,11.93,11.79,11.84,101811.77
2025-12-01 20:00:00+00:00,11.84,12.0,11.84,11.92,144544.75
2025-12-01 21:00:00+00:00,11.92,12.08,11.92,12.03,141660.91
2025-12-01 22:00:00+00:00,12.04,12.13,12.02,12.07,89388.13
2025-12-01 23:00:00+00:00,12.07,12.17,12.06,12.07,194396.83
2025-12-02 00:00:00+00:00,12.07,12.12,12.04,12.08,80002.27
2025-12-02 01:00:00+00:00,12.08,12.22,12.04,12.04,140547.34
2025-12-02 02:00:00+00:00,12.04,12.11,12.0,12.04,92066.68
2025-12-02 03:00:00+00:00,12.04,12.13,11.98,12.09,91672.68
2025-12-02 04:00:00+00:00,12.1,12.15,12.1,12.1,56957.58
2025-12-02 05:00:00+00:00,12.11,12.14,12.08,12.12,141387.0
2025-12-02 06:00:00+00:00,12.11,12.19,12.07,12.16,83961.63
2025-12-02 07:00:00+00:00,12.17,12.17,12.08,12.13,76755.69
2025-12-02 08:00:00+00:00,12.13,12.14,11.99,12.03,110523.19
2025-12-02 09:00:00+00:00,12.02,12.12,12.02,12.06,83726.22
2025-12-02 10:00:00+00:00,12.05,12.24,12.04,12.18,86669.28
2025-12-02 11:00:00+00:00,12.19,12.28,12.13,12.26,177236.25
2025-12-02 12:00:00+00:00,12.26,12.29,12.19,12.23,121793.18
2025-12-02 13:00:00+00:00,12.23,12.4,12.2,12.35,292284.07
2025-12-02 14:00:00+00:00,12.36,12.73,12.34,12.71,538358.12
2025-12-02 15:00:00+00:00,12.7,13.42,12.7,13.3,792977.53
2025-12-02 16:00:00+00:00,13.29,13.43,13.23,13.23,471865.29
2025-12-02 17:00:00+00:00,13.24,13.5,13.23,13.33,319595.2
2025-12-02 18:00:00+00:00,13.34,13.44,13.28,13.37,187544.72
2025-12-02 19:00:00+00:00,13.37,13.48,13.35,13.41,139976.71
2025-12-02 20:00:00+00:00,13.42,13.43,13.27,13.34,255763.61
2025-12-02 21:00:00+00:00,13.35,13.45,13.31,13.42,152484.34
2025-12-02 22:00:00+00:00,13.43,13.53,13.41,13.5,234713.16
2025-12-02 23:00:00+00:00,13.51,13.59,13.45,13.47,240794.25
2025-12-03 00:00:00+00:00,13.47,13.64,13.43,13.58,292144.76
2025-12-03 01:00:00+00:00,13.58,13.74,13.55,13.71,290931.27
2025-12-03 02:00:00+00:00,13.72,13.95,13.69,13.94,351834.77
2025-12-03 03:00:00+00:00,13.94,14.01,13.83,13.95,273845.07
2025-12-03 04:00:00+00:00,13.95,14.18,13.91,14.17,411155.1
2025-12-03 05:00:00+00:00,14.16,14.29,14.08,14.23,362526.27
2025-12-03 06:00:00+00:00,14.23,14.43,14.2,14.28,505503.54
2025-12-03 07:00:00+00:00,14.29,14.4,14.24,14.38,257975.43
2025-12-03 08:00:00+00:00,14.39,14.5,14.34,14.47,362317.17
2025-12-03 09:00:00+00:00,14.47,14.52,14.3,14.46,308515.27
2025-12-03 10:00:00+00:00,14.47,14.6,14.33,14.34,345555.82
2025-12-03 11:00:00+00:00,14.35,14.45,14.29,14.44,211053.54
2025-12-03 12:00:00+00:00,14.44,14.6,14.41,14.46,461471.63
2025-12-03 13:00:00+00:00,14.46,14.6,14.43,14.59,217778.93
2025-12-03 14:00:00+00:00,14.59,14.7,14.2,14.25,1205604.55
2025-12-03 15:00:00+00:00,14.26,14.47,14.26,14.4,289829.83
2025-12-03 16:00:00+00:00,14.4,14.52,14.28,14.37,241933.88
2025-12-03 17:00:00+00:00,14.37,14.51,14.36,14.49,172099.53
2025-12-03 18:00:00+00:00,14.49,14.57,14.37,14.41,240444.98
2025-12-03 19:00:00+00:00,14.41,14.46,14.34,14.42,84540.76
2025-12-03 20:00:00+00:00,14.42,14.5,14.35,14.43,232295.79
2025-12-03 21:00:00+00:00,14.43,14.52,14.4,14.5,178348.04
2025-12-03 22:00:00+00:00,14.49,14.7,14.42,14.62,358162.6
2025-12-03 23:00:00+00:00,14.62,14.75,14.59,14.64,212658.2
2025-12-04 00:00:00+00:00,14.64,14.89,14.52,14.77,263470.61
2025-12-04 01:00:00+00:00,14.77,14.93,14.73,14.75,249908.22
2025-12-04 02:00:00+00:00,14.75,14.87,14.7,14.78,204721.14
2025-12-04 03:00:00+00:00,14.78,14.78,14.57,14.62,190504.1
2025-12-04 04:00:00+00:00,14.62,14.64,14.43,14.46,191776.12
2025-12-04 05:00:00+00:00,14.46,14.47,14.35,14.39,153133.23
2025-12-04 06:00:00+00:00,14.39,14.54,14.37,14.5,87081.24
2025-12-04 07:00:00+00:00,14.49,14.57,14.4,14.54,124848.27
2025-12-04 08:00:00+00:00,14.54,14.58,14.44,14.53,109554.53
2025-12-04 09:00:00+00:00,14.53,14.79,14.53,14.63,232630.95
2025-12-04 10:00:00+00:00,14.64,14.67,14.48,14.5,137863.68
2025-12-04 11:00:00+00:00,14.51,14.54,14.46,14.49,93700.4
2025-12-04 12:00:00+00:00,14.48,14.52,14.39,14.4,81878.68
2025-12-04 13:00:00+00:00,14.4,14.45,14.33,14.35,154334.04
2025-12-04 14:00:00+00:00,14.35,14.48,14.22,14.23,176626.04
2025-12-04 15:00:00+00:00,14.23,14.59,14.23,14.48,232273.78
2025-12-04 16:00:00+00:00,14.48,14.55,14.36,14.38,240999.54
2025-12-04 17:00:00+00:00,14.38,14.42,14.25,14.4,132280.17
2025-12-04 18:00:00+00:00,14.4,14.41,14.24,14.28,76923.74
2025-12-04 19:00:00+00:00,14.27,14.28,13.97,14.2,351058.62
2025-12-04 20:00:00+00:00,14.2,14.38,14.16,14.37,113114.94
2025-12-04 21:00:00+00:00,14.37,14.37,14.15,14.16,48079.32
2025-12-04 22:00:00+00:00,14.17,14.29,14.16,14.26,47904.09
2025-12-04 23:00:00+00:00,14.26,14.31,14.24,14.25,64104.63
2025-12-05 00:00:00+00:00,14.25,14.32,14.19,14.25,102341.68
2025-12-05 01:00:00+00:00,14.25,14.36,14.23,14.27,69684.61
2025-12-05 02:00:00+00:00,14.27,14.4,14.24,14.33,123502.56
2025-12-05 03:00:00+00:00,14.32,14.38,14.22,14.25,68124.51
2025-12-05 04:00:00+00:00,14.26,14.31,14.17,14.25,62261.26
2025-12-05 05:00:00+00:00,14.24,14.27,14.14,14.15,34032.39
2025-12-05 06:00:00+00:00,14.16,14.26,14.15,14.23,44788.46
2025-12-05 07:00:00+00:00,14.23,14.31,14.21,14.25,56904.73
2025-12-05 08:00:00+00:00,14.25,14.33,14.21,14.32,101147.55
2025-12-05 09:00:00+00:00,14.32,14.32,14.01,14.05,191024.92
2025-12-05 10:00:00+00:00,14.04,14.13,14.02,14.08,97386.49
2025-12-05 11:00:00+00:00,14.09,14.13,13.97,14.06,136371.92
2025-12-05 12:00:00+00:00,14.05,14.09,13.98,13.99,105114.26
2025-12-05 13:00:00+00:00,13.99,14.05,13.82,13.86,235416.57
2025-12-05 14:00:00+00:00,13.85,13.9,13.74,13.84,391882.6
2025-12-05 15:00:00+00:00,13.84,14.17,13.84,13.94,319000.34
2025-12-05 16:00:00+00:00,13.95,13.95,13.4,13.53,543041.35
2025-12-05 17:00:00+00:00,13.53,13.6,13.36,13.55,263675.23
2025-12-05 18:00:00+00:00,13.55,13.68,13.42,13.43,135306.35
2025-12-05 19:00:00+00:00,13.43,13.62,13.36,13.56,104949.51
2025-12-05 20:00:00+00:00,13.56,13.64,13.51,13.57,67953.52
2025-12-05 21:00:00+00:00,13.57,13.63,13.54,13.58,78069.28
2025-12-05 22:00:00+00:00,13.58,13.66,13.5,13.6,74033.45
2025-12-05 23:00:00+00:00,13.6,13.64,13.47,13.59,74573.26
2025-12-06 00:00:00+00:00,13.59,13.62,13.49,13.59,71073.99
2025-12-06 01:00:00+00:00,13.58,13.65,13.56,13.62,35075.3
2025-12-06 02:00:00+00:00,13.63,13.67,13.57,13.66,34140.1
2025-12-06 03:00:00+00:00,13.66,13.78,13.65,13.67,107006.35
2025-12-06 04:00:00+00:00,13.68,13.69,13.59,13.64,53948.8
2025-12-06 05:00:00+00:00,13.64,13.68,13.62,13.63,33942.47
2025-12-06 06:00:00+00:00,13.63,13.64,13.57,13.58,49051.12
2025-12-06 07:00:00+00:00,13.58,13.65,13.52,13.6,73663.17
2025-12-06 08:00:00+00:00,13.6,13.6,13.5,13.52,41674.28
2025-12-06 09:00:00+00:00,13.51,13.77,13.51,13.75,111033.29
2025-12-06 10:00:00+00:00,13.75,13.75,13.63,13.66,42968.7
2025-12-06 11:00:00+00:00,13.66,13.76,13.63,13.75,66673.61
2025-12-06 12:00:00+00:00,13.75,13.8,13.71,13.74,74743.82
2025-12-06 13:00:00+00:00,13.74,13.74,13.64,13.68,68527.73
2025-12-06 14:00:00+00:00,13.68,13.92,13.64,13.85,192005.42
2025-12-06 15:00:00+00:00,13.85,13.94,13.77,13.81,196443.26
2025-12-06 16:00:00+00:00,13.81,14.01,13.8,13.9,126995.63
2025-12-06 17:00:00+00:00,13.9,14.03,13.86,14.03,77169.44
2025-12-06 18:00:00+00:00,14.04,14.08,13.95,13.96,66227.59
2025-12-06 19:00:00+00:00,13.96,13.98,13.81,13.88,102736.08
2025-12-06 20:00:00+00:00,13.88,13.99,13.88,13.97,35333.93
2025-12-06 21:00:00+00:00,13.97,14.02,13.94,13.97,57375.44
2025-12-06 22:00:00+00:00,13.96,14.0,13.9,13.92,43344.19
2025-12-06 23:00:00+00:00,13.92,13.96,13.85,13.92,92335.52
2025-12-07 00:00:00+00:00,13.91,14.01,13.88,13.98,58148.32
2025-12-07 01:00:00+00:00,13.97,13.98,13.89,13.9,32820.88
2025-12-07 02:00:00+00:00,13.89,14.02,13.89,13.99,38052.68
2025-12-07 03:00:00+00:00,13.99,14.01,13.93,14.01,33835.73
2025-12-07 04:00:00+00:00,14.01,14.04,13.9,13.92,39100.83
2025-12-07 05:00:00+00:00,13.91,14.0,13.89,13.96,31274.2
2025-12-07 06:00:00+00:00,13.95,14.01,13.94,14.0,28754.17
2025-12-07 07:00:00+00:00,14.0,14.0,13.86,13.92,49967.7
2025-12-07 08:00:00+00:00,13.93,13.94,13.83,13.85,41515.32
2025-12-07 09:00:00+00:00,13.84,13.87,13.74,13.77,111927.21
2025-12-07 10:00:00+00:00,13.78,13.9,13.76,13.84,45902.43
2025-12-07 11:00:00+00:00,13.85,13.86,13.78,13.78,25583.65
2025-12-07 12:00:00+00:00,13.79,13.95,13.77,13.93,52392.65
2025-12-07 13:00:00+00:00,13.93,13.95,13.74,13.76,150984.41
2025-12-07 14:00:00+00:00,13.76,13.77,13.22,13.24,751933.31
2025-12-07 15:00:00+00:00,13.23,13.67,13.17,13.61,360899.83
2025-12-07 16:00:00+00:00,13.6,13.68,13.47,13.68,161084.73
2025-12-07 17:00:00+00:00,13.67,14.12,13.6,14.05,333355.62
2025-12-07 18:00:00+00:00,14.05,14.18,14.01,14.04,207991.07
2025-12-07 19:00:00+00:00,14.05,14.09,13.98,14.05,64872.48
2025-12-07 20:00:00+00:00,14.06,14.12,14.04,14.11,45217.89
2025-12-07 21:00:00+00:00,14.11,14.12,13.68,13.78,209419.67
2025-12-07 22:00:00+00:00,13.77,13.77,13.42,13.57,297733.07
2025-12-07 23:00:00+00:00,13.57,13.67,13.49,13.65,119407.85
2025-12-08 00:00:00+00:00,13.65,13.71,13.58,13.64,82108.13
2025-12-08 01:00:00+00:00,13.63,14.05,13.62,13.83,273802.63
2025-12-08 02:00:00+00:00,13.83,13.96,13.8,13.93,78776.03
2025-12-08 03:00:00+00:00,13.94,13.99,13.87,13.89,58021.9
2025-12-08 04:00:00+00:00,13.89,14.01,13.87,13.94,69247.27
2025-12-08 05:00:00+00:00,13.94,14.06,13.9,14.02,84591.31
2025-12-08 06:00:00+00:00,14.01,14.07,14.0,14.03,64071.46
2025-12-08 07:00:00+00:00,14.03,14.06,13.96,14.01,46802.88
2025-12-08 08:00:00+00:00,14.01,14.12,13.97,14.12,85445.54
2025-12-08 09:00:00+00:00,14.11,14.29,14.07,14.09,233424.52
2025-12-08 10:00:00+00:00,14.09,14.12,14.04,14.07,62887.76
2025-12-08 11:00:00+00:00,14.08,14.09,13.91,13.94,141502.21
2025-12-08 12:00:00+00:00,13.94,13.97,13.89,13.95,95703.04
2025-12-08 13:00:00+00:00,13.95,14.02,13.89,13.93,100142.67
2025-12-08 14:00:00+00:00,13.93,14.1,13.87,13.88,198817.43
2025-12-08 15:00:00+00:00,13.89,13.93,13.67,13.74,283363.4
2025-12-08 16:00:00+00:00,13.75,13.9,13.66,13.74,150503.01
2025-12-08 17:00:00+00:00,13.74,13.82,13.65,13.77,100931.06
2025-12-08 18:00:00+00:00,13.77,13.84,13.56,13.63,124612.3
2025-12-08 19:00:00+00:00,13.62,13.76,13.61,13.7,73990.04
2025-12-08 20:00:00+00:00,13.71,13.84,13.7,13.8,54314.65
2025-12-08 21:00:00+00:00,13.8,13.92,13.75,13.91,90938.04
2025-12-08 22:00:00+00:00,13.9,13.92,13.77,13.81,45157.64
2025-12-08 23:00:00+00:00,13.82,13.85,13.72,13.76,71677.72
2025-12-09 00:00:00+00:00,13.76,13.86,13.7,13.72,86403.99
2025-12-09 01:00:00+00:00,13.71,13.76,13.6,13.63,73748.54
2025-12-09 02:00:00+00:00,13.63,13.71,13.59,13.61,99789.71
2025-12-09 03:00:00+00:00,13.61,13.73,13.53,13.71,66062.12
2025-12-09 04:00:00+00:00,13.72,13.72,13.57,13.62,79131.26
2025-12-09 05:00:00+00:00,13.62,13.74,13.57,13.66,75002.8
2025-12-09 06:00:00+00:00,13.65,13.73,13.6,13.7,84076.11
2025-12-09 07:00:00+00:00,13.71,13.85,13.68,13.83,76221.57
2025-12-09 08:00:00+00:00,13.84,13.87,13.79,13.84,56711.82
2025-12-09 09:00:00+00:00,13.84,13.85,13.7,13.73,73729.58
2025-12-09 10:00:00+00:00,13.73,13.75,13.61,13.7,121359.98
2025-12-09 11:00:00+00:00,13.71,13.77,13.66,13.73,56383.19
2025-12-09 12:00:00+00:00,13.73,13.84,13.71,13.83,79278.56
2025-12-09 13:00:00+00:00,13.83,13.85,13.66,13.7,75455.32
2025-12-09 14:00:00+00:00,13.7,13.76,13.64,13.73,76314.48
2025-12-09 15:00:00+00:00,13.74,14.44,13.72,14.41,656726.01
2025-12-09 16:00:00+00:00,14.41,14.88,14.41,14.84,730324.24
2025-12-09 17:00:00+00:00,14.85,15.01,14.73,14.84,446054.36
2025-12-09 18:00:00+00:00,14.84,14.88,14.72,14.77,148015.76
2025-12-09 19:00:00+00:00,14.76,14.78,14.62,14.65,106577.6
2025-12-09 20:00:00+00:00,14.65,14.65,14.39,14.48,158818.94
2025-12-09 21:00:00+00:00,14.49,14.52,14.23,14.37,161389.58
2025-12-09 22:00:00+00:00,14.37,14.55,14.34,14.5,90584.42
2025-12-09 23:00:00+00:00,14.49,14.54,14.4,14.41,44164.4
2025-12-10 00:00:00+00:00,14.41,14.46,14.3,14.31,66815.91
2025-12-10 01:00:00+00:00,14.32,14.35,14.22,14.27,72906.95
2025-12-10 02:00:00+00:00,14.27,14.35,14.21,14.26,84339.68
2025-12-10 03:00:00+00:00,14.27,14.29,14.21,14.22,46687.72
2025-12-10 04:00:00+00:00,14.22,14.27,14.18,14.22,73035.74
2025-12-10 05:00:00+00:00,14.21,14.28,14.15,14.18,68078.45
2025-12-10 06:00:00+00:00,14.17,14.23,14.15,14.2,46964.7
2025-12-10 07:00:00+00:00,14.2,14.21,14.11,14.18,84736.43
2025-12-10 08:00:00+00:00,14.18,14.21,14.15,14.17,61230.2
2025-12-10 09:00:00+00:00,14.17,14.34,14.14,14.31,122080.7
2025-12-10 10:00:00+00:00,14.31,14.44,14.13,14.14,212853.01
2025-12-10 11:00:00+00:00,14.14,14.19,14.05,14.18,129412.14
2025-12-10 12:00:00+00:00,14.18,14.19,14.07,14.15,86964.41
2025-12-10 13:00:00+00:00,14.16,14.19,14.1,14.14,91702.09
2025-12-10 14:00:00+00:00,14.14,14.15,14.01,14.06,170139.14
2025-12-10 15:00:00+00:00,14.06,14.14,13.94,14.03,172038.82
2025-12-10 16:00:00+00:00,14.03,14.23,13.98,14.17,341474.23
2025-12-10 17:00:00+00:00,14.17,14.33,14.16,14.29,131412.39
2025-12-10 18:00:00+00:00,14.28,14.55,14.23,14.38,219639.64
2025-12-10 19:00:00+00:00,14.38,14.64,14.21,14.49,670535.73
2025-12-10 20:00:00+00:00,14.5,14.89,14.36,14.44,723878.03
2025-12-10 21:00:00+00:00,14.43,14.48,14.23,14.25,216619.85
2025-12-10 22:00:00+00:00,14.24,14.34,14.06,14.24,256709.19
2025-12-10 23:00:00+00:00,14.24,14.28,14.08,14.1,112895.45
2025-12-11 00:00:00+00:00,14.09,14.14,13.81,13.88,201007.38
2025-12-11 01:00:00+00:00,13.87,13.9,13.72,13.75,138845.47
2025-12-11 02:00:00+00:00,13.74,13.74,13.59,13.61,143671.09
2025-12-11 03:00:00+00:00,13.6,13.61,13.44,13.52,176346.77
2025-12-11 04:00:00+00:00,13.52,13.69,13.46,13.65,141332.28
2025-12-11 05:00:00+00:00,13.65,13.67,13.59,13.67,56312.52
2025-12-11 06:00:00+00:00,13.66,13.67,13.55,13.59,153195.03
2025-12-11 07:00:00+00:00,13.59,13.6,13.51,13.54,88881.79
2025-12-11 08:00:00+00:00,13.53,13.53,13.42,13.48,114028.8
2025-12-11 09:00:00+00:00,13.49,13.62,13.47,13.54,125989.85
2025-12-11 10:00:00+00:00,13.54,13.6,13.52,13.59,35260.86
2025-12-11 11:00:00+00:00,13.59,13.63,13.57,13.6,65411.31
2025-12-11 12:00:00+00:00,13.6,13.66,13.56,13.59,83951.99
2025-12-11 13:00:00+00:00,13.59,13.65,13.55,13.62,68008.69
2025-12-11 14:00:00+00:00,13.62,13.66,13.43,13.48,201265.02
2025-12-11 15:00:00+00:00,13.48,13.72,13.45,13.52,162090.43
2025-12-11 16:00:00+00:00,13.52,13.61,13.4,13.48,134388.28
2025-12-11 17:00:00+00:00,13.48,13.6,13.46,13.55,54914.77
2025-12-11 18:00:00+00:00,13.55,13.81,13.53,13.68,206080.78
2025-12-11 19:00:00+00:00,13.68,13.86,13.64,13.71,190630.88
2025-12-11 20:00:00+00:00,13.7,13.95,13.7,13.94,138142.21
2025-12-11 21:00:00+00:00,13.94,14.21,13.88,14.1,243347.03
2025-12-11 22:00:00+00:00,14.11,14.21,14.02,14.09,260703.13
2025-12-11 23:00:00+00:00,14.1,14.14,13.98,14.07,154856.53
2025-12-12 00:00:00+00:00,14.06,14.18,13.83,13.84,178161.22
2025-12-12 01:00:00+00:00,13.85,14.04,13.84,13.97,113199.47
2025-12-12 02:00:00+00:00,13.97,14.12,13.92,14.06,110241.68
2025-12-12 03:00:00+00:00,14.06,14.1,13.94,14.01,63359.3
2025-12-12 04:00:00+00:00,14.0,14.02,13.96,14.0,39672.69
2025-12-12 05:00:00+00:00,14.0,14.12,13.95,14.12,58398.49
2025-12-12 06:00:00+00:00,14.12,14.21,14.06,14.08,65511.03
2025-12-12 07:00:00+00:00,14.08,14.1,14.03,14.06,35822.79
2025-12-12 08:00:00+00:00,14.06,14.07,13.93,13.99,88320.95
2025-12-12 09:00:00+00:00,13.99,14.09,13.94,14.09,59152.6
2025-12-12 10:00:00+00:00,14.08,14.13,14.06,14.08,72421.92
2025-12-12 11:00:00+00:00,14.08,14.12,14.03,14.12,44943.7
2025-12-12 12:00:00+00:00,14.11,14.2,14.07,14.18,55793.22
2025-12-12 13:00:00+00:00,14.18,14.35,14.16,14.25,141908.11
2025-12-12 14:00:00+00:00,14.26,14.33,14.14,14.18,189329.65
2025-12-12 15:00:00+00:00,14.18,14.19,13.44,13.53,485899.31
2025-12-12 16:00:00+00:00,13.53,13.59,13.27,13.4,446487.53
2025-12-12 17:00:00+00:00,13.4,13.58,13.38,13.49,172832.63
2025-12-12 18:00:00+00:00,13.49,13.67,13.47,13.58,113078.51
2025-12-12 19:00:00+00:00,13.57,13.59,13.5,13.59,45771.3
2025-12-12 20:00:00+00:00,13.58,13.64,13.54,13.59,75889.68
2025-12-12 21:00:00+00:00,13.6,13.67,13.57,13.58,34050.83
2025-12-12 22:00:00+00:00,13.58,13.69,13.57,13.67,57542.84
2025-12-12 23:00:00+00:00,13.67,13.7,13.62,13.63,24663.78
2025-12-13 00:00:00+00:00,13.64,13.69,13.6,13.62,24729.76
2025-12-13 01:00:00+00:00,13.63,13.67,13.6,13.64,22153.5
2025-12-13 02:00:00+00:00,13.63,13.71,13.63,13.68,49999.7
2025-12-13 03:00:00+00:00,13.69,13.74,13.68,13.71,28477.81
2025-12-13 04:00:00+00:00,13.71,13.77,13.69,13.73,42949.03
2025-12-13 05:00:00+00:00,13.73,13.8,13.71,13.79,51315.07
2025-12-13 06:00:00+00:00,13.79,13.79,13.69,13.71,42063.33
2025-12-13 07:00:00+00:00,13.71,13.8,13.7,13.79,45886.4
2025-12-13 08:00:00+00:00,13.79,13.97,13.78,13.92,118515.59
2025-12-13 09:00:00+00:00,13.92,13.96,13.84,13.86,112048.18
2025-12-13 10:00:00+00:00,13.86,13.96,13.86,13.9,46608.68
2025-12-13 11:00:00+00:00,13.9,13.91,13.8,13.81,57006.92
2025-12-13 12:00:00+00:00,13.81,13.85,13.73,13.74,54051.71
2025-12-13 13:00:00+00:00,13.74,13.77,13.68,13.73,58868.59
2025-12-13 14:00:00+00:00,13.73,13.76,13.65,13.72,42486.83
2025-12-13 15:00:00+00:00,13.71,13.85,13.71,13.81,80628.03
2025-12-13 16:00:00+00:00,13.81,13.87,13.74,13.77,50369.79
2025-12-13 17:00:00+00:00,13.78,13.78,13.69,13.7,34743.28
2025-12-13 18:00:00+00:00,13.71,13.77,13.69,13.73,33745.17
2025-12-13 19:00:00+00:00,13.73,13.78,13.72,13.74,12468.78
2025-12-13 20:00:00+00:00,13.75,13.76,13.68,13.69,28648.8
2025-12-13 21:00:00+00:00,13.7,13.73,13.62,13.71,44550.49
2025-12-13 22:00:00+00:00,13.71,13.75,13.65,13.7,32186.63
2025-12-13 23:00:00+00:00,13.71,13.75,13.68,13.74,24441.47
2025-12-14 00:00:00+00:00,13.74,13.8,13.71,13.74,35475.94
2025-12-14 01:00:00+00:00,13.73,13.77,13.7,13.72,23725.81
2025-12-14 02:00:00+00:00,13.72,13.79,13.7,13.78,28059.84
2025-12-14 03:00:00+00:00,13.78,13.79,13.7,13.71,22185.75
2025-12-14 04:00:00+00:00,13.72,13.74,13.64,13.67,35750.21
2025-12-14 05:00:00+00:00,13.66,13.69,13.62,13.68,30217.03
2025-12-14 06:00:00+00:00,13.68,13.72,13.64,13.7,19822.97
2025-12-14 07:00:00+00:00,13.69,13.74,13.68,13.71,26791.6
2025-12-14 08:00:00+00:00,13.72,13.76,13.64,13.65,28121.36
2025-12-14 09:00:00+00:00,13.65,13.69,13.62,13.69,42764.86
2025-12-14 10:00:00+00:00,13.69,13.71,13.55,13.62,82285.36
2025-12-14 11:00:00+00:00,13.62,13.62,13.44,13.56,147510.1
2025-12-14 12:00:00+00:00,13.57,13.67,13.51,13.62,60555.78
2025-12-14 13:00:00+00:00,13.63,13.63,13.54,13.6,51003.81
2025-12-14 14:00:00+00:00,13.6,13.63,13.42,13.49,84559.34
2025-12-14 15:00:00+00:00,13.49,13.51,13.43,13.47,51213.02
2025-12-14 16:00:00+00:00,13.47,13.57,13.44,13.49,63853.78
2025-12-14 17:00:00+00:00,13.5,13.52,13.34,13.38,92580.22
2025-12-14 18:00:00+00:00,13.39,13.47,13.36,13.47,51194.52
2025-12-14 19:00:00+00:00,13.47,13.47,13.35,13.4,39393.23
2025-12-14 20:00:00+00:00,13.39,13.44,13.32,13.33,91783.93
2025-12-14 21:00:00+00:00,13.34,13.4,13.27,13.29,49785.73
2025-12-14 22:00:00+00:00,13.3,13.37,13.23,13.3,90230.08
2025-12-14 23:00:00+00:00,13.3,13.36,13.09,13.28,195766.32
2025-12-15 00:00:00+00:00,13.28,13.4,13.26,13.39,72178.89
2025-12-15 01:00:00+00:00,13.38,13.55,13.34,13.51,98324.96
2025-12-15 02:00:00+00:00,13.51,13.72,13.51,13.57,129041.26
2025-12-15 03:00:00+00:00,13.56,13.63,13.52,13.54,46085.71
2025-12-15 04:00:00+00:00,13.54,13.61,13.47,13.59,70664.63
2025-12-15 05:00:00+00:00,13.59,13.65,13.57,13.62,58962.29
2025-12-15 06:00:00+00:00,13.62,13.69,13.56,13.65,54240.38
2025-12-15 07:00:00+00:00,13.65,13.68,13.55,13.58,49231.69
2025-12-15 08:00:00+00:00,13.57,13.66,13.55,13.59,66152.55
2025-12-15 09:00:00+00:00,13.6,13.68,13.58,13.63,35005.18
2025-12-15 10:00:00+00:00,13.63,13.74,13.61,13.63,72608.65
2025-12-15 11:00:00+00:00,13.63,13.66,13.59,13.62,61865.58
2025-12-15 12:00:00+00:00,13.62,13.7,13.57,13.69,83101.34
2025-12-15 13:00:00+00:00,13.68,13.7,13.5,13.53,85884.87
2025-12-15 14:00:00+00:00,13.53,13.68,13.17,13.27,344443.54
2025-12-15 15:00:00+00:00,13.26,13.27,12.73,12.78,974251.17
2025-12-15 16:00:00+00:00,12.79,12.83,12.64,12.75,335961.71
2025-12-15 17:00:00+00:00,12.74,12.77,12.56,12.59,183417.29
2025-12-15 18:00:00+00:00,12.59,12.73,12.47,12.72,206981.62
2025-12-15 19:00:00+00:00,12.72,12.84,12.71,12.75,171577.58
2025-12-15 20:00:00+00:00,12.75,12.75,12.61,12.63,137763.66
2025-12-15 21:00:00+00:00,12.64,12.76,12.61,12.73,108289.99
2025-12-15 22:00:00+00:00,12.73,12.79,12.67,12.78,108282.54
2025-12-15 23:00:00+00:00,12.78,12.9,12.77,12.85,129413.61
2025-12-16 00:00:00+00:00,12.86,12.89,12.71,12.72,85950.89
2025-12-16 01:00:00+00:00,12.71,12.82,12.7,12.75,98311.11
2025-12-16 02:00:00+00:00,12.75,12.84,12.7,12.79,88862.97
2025-12-16 03:00:00+00:00,12.8,12.82,12.67,12.75,126221.6
2025-12-16 04:00:00+00:00,12.75,12.77,12.55,12.73,154013.09
2025-12-16 05:00:00+00:00,12.73,12.76,12.69,12.73,47237.79
2025-12-16 06:00:00+00:00,12.72,12.89,12.72,12.86,101508.56
2025-12-16 07:00:00+00:00,12.86,12.86,12.66,12.69,112813.19
2025-12-16 08:00:00+00:00,12.7,12.87,12.69,12.79,215831.19
2025-12-16 09:00:00+00:00,12.8,12.84,12.77,12.8,41393.57
2025-12-16 10:00:00+00:00,12.81,12.99,12.79,12.87,261443.9
2025-12-16 11:00:00+00:00,12.87,12.97,12.83,12.96,89931.05
2025-12-16 12:00:00+00:00,12.96,13.0,12.87,12.93,193214.31
2025-12-16 13:00:00+00:00,12.93,13.13,12.79,12.79,340211.33
2025-12-16 14:00:00+00:00,12.78,13.0,12.69,12.92,359144.64
2025-12-16 15:00:00+00:00,12.92,13.1,12.78,13.05,215975.68
2025-12-16 16:00:00+00:00,13.05,13.06,12.87,12.96,134962.27
2025-12-16 17:00:00+00:00,12.95,13.02,12.79,12.8,94961.34
2025-12-16 18:00:00+00:00,12.81,13.02,12.78,12.94,112164.76
2025-12-16 19:00:00+00:00,12.94,13.0,12.83,12.94,61860.03
2025-12-16 20:00:00+00:00,12.94,13.0,12.91,12.95,43574.34
2025-12-16 21:00:00+00:00,12.95,12.98,12.9,12.95,26428.59
2025-12-16 22:00:00+00:00,12.95,12.98,12.91,12.92,34832.44
2025-12-16 23:00:00+00:00,12.93,12.96,12.87,12.93,38373.59
2025-12-17 00:00:00+00:00,12.93,12.93,12.82,12.84,73016.59
2025-12-17 01:00:00+00:00,12.85,13.0,12.81,12.84,87700.95
2025-12-17 02:00:00+00:00,12.84,12.93,12.76,12.88,74403.75
2025-12-17 03:00:00+00:00,12.88,12.93,12.81,12.82,41418.94
2025-12-17 04:00:00+00:00,12.83,12.84,12.72,12.76,51608.64
2025-12-17 05:00:00+00:00,12.75,12.8,12.64,12.76,121567.84
2025-12-17 06:00:00+00:00,12.75,12.82,12.72,12.73,50056.59
2025-12-17 07:00:00+00:00,12.74,12.81,12.7,12.77,36589.24
2025-12-17 08:00:00+00:00,12.78,12.78,12.67,12.67,39384.9
2025-12-17 09:00:00+00:00,12.67,12.7,12.62,12.64,44223.21
2025-12-17 10:00:00+00:00,12.63,12.68,12.58,12.62,69129.4
2025-12-17 11:00:00+00:00,12.63,12.73,12.61,12.7,56532.79
2025-12-17 12:00:00+00:00,12.7,12.73,12.64,12.7,50605.4
2025-12-17 13:00:00+00:00,12.71,12.82,12.65,12.77,96728.37
2025-12-17 14:00:00+00:00,12.77,13.02,12.49,13.02,517571.18
2025-12-17 15:00:00+00:00,13.01,13.18,12.51,12.57,735401.4
2025-12-17 16:00:00+00:00,12.57,12.66,12.25,12.44,1284384.86
2025-12-17 17:00:00+00:00,12.43,12.47,12.28,12.32,383186.17
2025-12-17 18:00:00+00:00,12.33,12.41,12.17,12.21,179237.49
2025-12-17 19:00:00+00:00,12.22,12.3,12.12,12.28,185184.13
2025-12-17 20:00:00+00:00,12.28,12.38,12.22,12.24,109080.18
2025-12-17 21:00:00+00:00,12.25,12.28,12.16,12.2,71708.69
2025-12-17 22:00:00+00:00,12.2,12.3,12.16,12.27,68517.03
2025-12-17 23:00:00+00:00,12.27,12.27,12.18,12.27,55529.12
2025-12-18 00:00:00+00:00,12.26,12.29,12.22,12.27,52973.01
2025-12-18 01:00:00+00:00,12.27,12.28,12.17,12.19,74052.84
2025-12-18 02:00:00+00:00,12.19,12.3,12.15,12.24,115030.89
2025-12-18 03:00:00+00:00,12.25,12.26,12.14,12.2,66524.99
2025-12-18 04:00:00+00:00,12.19,12.25,12.18,12.22,41460.64
2025-12-18 05:00:00+00:00,12.22,12.22,12.07,12.08,119367.03
2025-12-18 06:00:00+00:00,12.08,12.15,12.06,12.13,66448.53
2025-12-18 07:00:00+00:00,12.13,12.19,12.1,12.18,86572.51
2025-12-18 08:00:00+00:00,12.18,12.29,12.16,12.24,106842.89
2025-12-18 09:00:00+00:00,12.23,12.3,12.19,12.27,111952.51
2025-12-18 10:00:00+00:00,12.28,12.3,12.24,12.27,47463.76
2025-12-18 11:00:00+00:00,12.27,12.3,12.21,12.29,124392.33
2025-12-18 12:00:00+00:00,12.29,12.35,12.23,12.32,94797.8
2025-12-18 13:00:00+00:00,12.33,12.76,12.32,12.75,561181.76
2025-12-18 14:00:00+00:00,12.74,12.88,12.48,12.58,453398.73
2025-12-18 15:00:00+00:00,12.58,12.77,12.48,12.63,230608.66
2025-12-18 16:00:00+00:00,12.64,12.66,12.52,12.6,85609.97
2025-12-18 17:00:00+00:00,12.6,12.6,11.91,12.14,695841.14
2025-12-18 18:00:00+00:00,12.13,12.26,11.99,12.01,251287.3
2025-12-18 19:00:00+00:00,12.02,12.05,11.74,11.76,397349.7
2025-12-18 20:00:00+00:00,11.76,11.93,11.74,11.8,209308.69
2025-12-18 21:00:00+00:00,11.8,12.05,11.8,12.04,206858.78
2025-12-18 22:00:00+00:00,12.04,12.07,11.94,12.0,92952.04
2025-12-18 23:00:00+00:00,12.0,12.01,11.92,11.93,65821.62
2025-12-19 00:00:00+00:00,11.93,12.0,11.85,11.95,106067.1
2025-12-19 01:00:00+00:00,11.95,11.96,11.85,11.88,87508.27
2025-12-19 02:00:00+00:00,11.88,11.98,11.84,11.94,147755.24
2025-12-19 03:00:00+00:00,11.95,12.35,11.93,12.22,386998.78
2025-12-19 04:00:00+00:00,12.22,12.31,12.22,12.29,131321.57
2025-12-19 05:00:00+00:00,12.28,12.29,12.19,12.23,161648.7
2025-12-19 06:00:00+00:00,12.23,12.33,12.21,12.32,64464.7
2025-12-19 07:00:00+00:00,12.33,12.51,12.33,12.37,133399.23
2025-12-19 08:00:00+00:00,12.38,12.43,12.34,12.41,78356.66
2025-12-19 09:00:00+00:00,12.4,12.43,12.37,12.4,93631.86
2025-12-19 10:00:00+00:00,12.4,12.45,12.37,12.43,324560.55
2025-12-19 11:00:00+00:00,12.43,12.46,12.39,12.45,71180.52
2025-12-19 12:00:00+00:00,12.45,12.49,12.39,12.44,81708.16
2025-12-19 13:00:00+00:00,12.45,12.5,12.41,12.43,93068.97
2025-12-19 14:00:00+00:00,12.43,12.62,12.38,12.56,279566.68
2025-12-19 15:00:00+00:00,12.56,12.76,12.43,12.47,331678.62
2025-12-19 16:00:00+00:00,12.46,12.7,12.45,12.55,193245.59
2025-12-19 17:00:00+00:00,12.55,12.65,12.37,12.39,167369.89
2025-12-19 18:00:00+00:00,12.39,12.53,12.38,12.49,68565.18
2025-12-19 19:00:00+00:00,12.49,12.69,12.49,12.63,88064.22
2025-12-19 20:00:00+00:00,12.62,12.67,12.57,12.63,68090.56
2025-12-19 21:00:00+00:00,12.63,12.63,12.52,12.54,33087.24
2025-12-19 22:00:00+00:00,12.53,12.64,12.53,12.61,35237.32
2025-12-19 23:00:00+00:00,12.6,12.6,12.53,12.54,20537.9
2025-12-20 00:00:00+00:00,12.54,12.56,12.48,12.55,28134.22
2025-12-20 01:00:00+00:00,12.55,12.57,12.5,12.52,13935.19
2025-12-20 02:00:00+00:00,12.51,12.55,12.48,12.51,24631.46
2025-12-20 03:00:00+00:00,12.5,12.58,12.49,12.55,22987.66
2025-12-20 04:00:00+00:00,12.54,12.57,12.48,12.51,39585.86
2025-12-20 05:00:00+00:00,12.5,12.58,12.5,12.5,32641.64
2025-12-20 06:00:00+00:00,12.5,12.53,12.49,12.53,19918.84
2025-12-20 07:00:00+00:00,12.52,12.63,12.51,12.61,57288.61
2025-12-20 08:00:00+00:00,12.62,12.72,12.61,12.64,95471.59
2025-12-20 09:00:00+00:00,12.64,12.7,12.63,12.67,37001.61
2025-12-20 10:00:00+00:00,12.67,12.69,12.62,12.63,49870.33
2025-12-20 11:00:00+00:00,12.62,12.69,12.59,12.69,30385.96
2025-12-20 12:00:00+00:00,12.68,12.7,12.63,12.64,27153.88
2025-12-20 13:00:00+00:00,12.64,12.67,12.55,12.62,89277.71
2025-12-20 14:00:00+00:00,12.61,12.68,12.56,12.67,43711.07
2025-12-20 15:00:00+00:00,12.67,12.67,12.58,12.61,45807.64
2025-12-20 16:00:00+00:00,12.62,12.64,12.58,12.61,24940.14
2025-12-20 17:00:00+00:00,12.61,12.65,12.58,12.61,24411.08
2025-12-20 18:00:00+00:00,12.6,12.61,12.56,12.6,66727.68
2025-12-20 19:00:00+00:00,12.6,12.62,12.58,12.59,16577.78
2025-12-20 20:00:00+00:00,12.59,12.6,12.56,12.59,15812.17
2025-12-20 21:00:00+00:00,12.6,12.65,12.59,12.6,32251.45
2025-12-20 22:00:00+00:00,12.6,12.6,12.55,12.58,53246.15
2025-12-20 23:00:00+00:00,12.58,12.6,12.54,12.56,40054.56
2025-12-21 00:00:00+00:00,12.55,12.6,12.54,12.56,36239.52
2025-12-21 01:00:00+00:00,12.56,12.56,12.46,12.47,72121.98
2025-12-21 02:00:00+00:00,12.47,12.51,12.38,12.41,71653.46
2025-12-21 03:00:00+00:00,12.42,12.53,12.41,12.49,69599.34
2025-12-21 04:00:00+00:00,12.49,12.53,12.48,12.51,20185.64
2025-12-21 05:00:00+00:00,12.5,12.56,12.49,12.51,24626.41
2025-12-21 06:00:00+00:00,12.5,12.55,12.49,12.53,34757.72
2025-12-21 07:00:00+00:00,12.52,12.54,12.49,12.52,23266.22
2025-12-21 08:00:00+00:00,12.52,12.65,12.48,12.61,81177.19
2025-12-21 09:00:00+00:00,12.6,12.71,12.57,12.66,77006.37
2025-12-21 10:00:00+00:00,12.66,12.7,12.57,12.6,43780.71
2025-12-21 11:00:00+00:00,12.59,12.63,12.56,12.57,33763.63
2025-12-21 12:00:00+00:00,12.57,12.64,12.5,12.53,78443.08
2025-12-21 13:00:00+00:00,12.53,12.54,12.22,12.26,224894.61
2025-12-21 14:00:00+00:00,12.25,12.37,12.24,12.35,97764.91
2025-12-21 15:00:00+00:00,12.35,12.38,12.26,12.34,106768.78
2025-12-21 16:00:00+00:00,12.33,12.39,12.29,12.38,43772.14
2025-12-21 17:00:00+00:00,12.38,12.44,12.34,12.35,49586.94
2025-12-21 18:00:00+00:00,12.35,12.37,12.27,12.35,46284.55
2025-12-21 19:00:00+00:00,12.35,12.43,12.31,12.41,44322.56
2025-12-21 20:00:00+00:00,12.4,12.41,12.32,12.34,23566.97
2025-12-21 21:00:00+00:00,12.33,12.37,12.28,12.3,48419.4
2025-12-21 22:00:00+00:00,12.29,12.39,12.28,12.39,40534.21
2025-12-21 23:00:00+00:00,12.39,12.49,12.38,12.44,72931.19
2025-12-22 00:00:00+00:00,12.44,12.71,12.43,12.51,222113.15
2025-12-22 01:00:00+00:00,12.5,12.65,12.49,12.5,92734.66
2025-12-22 02:00:00+00:00,12.5,12.52,12.33,12.49,114205.8
2025-12-22 03:00:00+00:00,12.49,12.59,12.42,12.55,54613.67
2025-12-22 04:00:00+00:00,12.55,12.65,12.54,12.61,81336.64
2025-12-22 05:00:00+00:00,12.62,12.63,12.54,12.55,50031.77
2025-12-22 06:00:00+00:00,12.55,12.59,12.49,12.51,52384.11
2025-12-22 07:00:00+00:00,12.51,12.6,12.51,12.58,54824.3
2025-12-22 08:00:00+00:00,12.59,12.74,12.56,12.6,140876.19
2025-12-22 09:00:00+00:00,12.6,12.68,12.58,12.67,83008.67
2025-12-22 10:00:00+00:00,12.68,12.7,12.63,12.64,66590.92
2025-12-22 11:00:00+00:00,12.64,12.74,12.6,12.7,88689.21
2025-12-22 12:00:00+00:00,12.7,12.84,12.67,12.73,126221.1
2025-12-22 13:00:00+00:00,12.73,12.75,12.67,12.71,50557.42
2025-12-22 14:00:00+00:00,12.72,12.83,12.63,12.81,140361.69
2025-12-22 15:00:00+00:00,12.81,12.95,12.66,12.8,193659.22
2025-12-22 16:00:00+00:00,12.8,12.86,12.71,12.73,86449.11
2025-12-22 17:00:00+00:00,12.73,12.78,12.65,12.71,57054.91
2025-12-22 18:00:00+00:00,12.72,12.75,12.64,12.67,56728.88
2025-12-22 19:00:00+00:00,12.67,12.68,12.42,12.45,124302.08
2025-12-22 20:00:00+00:00,12.45,12.51,12.36,12.46,156981.94
2025-12-22 21:00:00+00:00,12.45,12.56,12.43,12.48,62072.8
2025-12-22 22:00:00+00:00,12.48,12.67,12.45,12.61,77558.05
2025-12-22 23:00:00+00:00,12.62,12.62,12.56,12.58,60436.84
2025-12-23 00:00:00+00:00,12.58,12.7,12.56,12.65,76330.94
2025-12-23 01:00:00+00:00,12.65,12.68,12.59,12.61,83824.74
2025-12-23 02:00:00+00:00,12.61,12.67,12.52,12.52,92403.56
2025-12-23 03:00:00+00:00,12.52,12.55,12.44,12.49,74042.24
2025-12-23 04:00:00+00:00,12.5,12.53,12.42,12.42,44542.25
2025-12-23 05:00:00+00:00,12.43,12.44,12.32,12.38,186721.0
2025-12-23 06:00:00+00:00,12.38,12.39,12.23,12.32,222043.62
2025-12-23 07:00:00+00:00,12.32,12.37,12.3,12.34,52646.32
2025-12-23 08:00:00+00:00,12.33,12.38,12.27,12.3,45504.04
2025-12-23 09:00:00+00:00,12.3,12.33,12.27,12.29,62373.37
2025-12-23 10:00:00+00:00,12.29,12.36,12.28,12.34,39914.39
2025-12-23 11:00:00+00:00,12.34,12.41,12.32,12.37,155224.52
2025-12-23 12:00:00+00:00,12.36,12.36,12.27,12.29,131245.1
2025-12-23 13:00:00+00:00,12.28,12.33,12.14,12.22,243282.9
2025-12-23 14:00:00+00:00,12.22,12.28,12.07,12.18,202651.93
2025-12-23 15:00:00+00:00,12.18,12.3,12.15,12.29,155319.79
2025-12-23 16:00:00+00:00,12.28,12.44,12.26,12.4,166850.12
2025-12-23 17:00:00+00:00,12.4,12.45,12.24,12.25,392074.38
2025-12-23 18:00:00+00:00,12.24,12.45,12.24,12.41,155009.72
2025-12-23 19:00:00+00:00,12.42,12.44,12.34,12.36,34360.51
2025-12-23 20:00:00+00:00,12.36,12.52,12.32,12.42,64603.85
2025-12-23 21:00:00+00:00,12.43,12.44,12.39,12.42,29279.85
2025-12-23 22:00:00+00:00,12.43,12.44,12.32,12.36,41249.56
2025-12-23 23:00:00+00:00,12.36,12.41,12.33,12.39,45074.87
2025-12-24 00:00:00+00:00,12.39,12.42,12.36,12.4,62319.63
2025-12-24 01:00:00+00:00,12.4,12.44,12.34,12.37,28776.31
2025-12-24 02:00:00+00:00,12.37,12.38,12.18,12.23,107054.02
2025-12-24 03:00:00+00:00,12.22,12.28,12.17,12.26,47710.53
2025-12-24 04:00:00+00:00,12.26,12.32,12.2,12.2,34713.73
2025-12-24 05:00:00+00:00,12.21,12.24,12.13,12.16,78082.24
2025-12-24 06:00:00+00:00,12.16,12.21,12.12,12.19,67612.45
2025-12-24 07:00:00+00:00,12.19,12.25,12.18,12.19,59987.54
2025-12-24 08:00:00+00:00,12.18,12.21,12.12,12.16,54477.95
2025-12-24 09:00:00+00:00,12.17,12.21,12.15,12.16,40620.21
2025-12-24 10:00:00+00:00,12.16,12.22,12.16,12.18,35977.24
2025-12-24 11:00:00+00:00,12.18,12.25,12.18,12.23,49993.73
2025-12-24 12:00:00+00:00,12.23,12.28,12.21,12.26,39325.94
2025-12-24 13:00:00+00:00,12.26,12.26,12.14,12.18,62769.66
2025-12-24 14:00:00+00:00,12.17,12.22,12.01,12.1,194842.68
2025-12-24 15:00:00+00:00,12.1,12.2,12.05,12.18,124241.65
2025-12-24 16:00:00+00:00,12.18,12.28,12.13,12.2,197631.01
2025-12-24 17:00:00+00:00,12.2,12.23,12.13,12.15,59404.78
2025-12-24 18:00:00+00:00,12.14,12.22,12.12,12.2,35170.31
2025-12-24 19:00:00+00:00,12.21,12.26,12.18,12.25,23171.45
2025-12-24 20:00:00+00:00,12.25,12.28,12.22,12.23,31832.87
2025-12-24 21:00:00+00:00,12.23,12.31,12.23,12.29,28356.26
2025-12-24 22:00:00+00:00,12.29,12.37,12.28,12.36,40326.44
2025-12-24 23:00:00+00:00,12.37,12.38,12.26,12.28,111518.85
2025-12-25 00:00:00+00:00,12.27,12.3,12.23,12.24,41938.19
2025-12-25 01:00:00+00:00,12.24,12.31,12.23,12.29,43856.03
2025-12-25 02:00:00+00:00,12.28,12.37,12.25,12.36,39734.26
2025-12-25 03:00:00+00:00,12.35,12.36,12.31,12.34,27326.99
2025-12-25 04:00:00+00:00,12.33,12.36,12.32,12.34,20590.2
2025-12-25 05:00:00+00:00,12.33,12.34,12.28,12.31,30919.97
2025-12-25 06:00:00+00:00,12.3,12.35,12.3,12.33,30943.21
2025-12-25 07:00:00+00:00,12.32,12.33,12.28,12.31,29607.65
2025-12-25 08:00:00+00:00,12.3,12.36,12.23,12.27,58447.03
2025-12-25 09:00:00+00:00,12.27,12.27,12.21,12.22,71920.25
2025-12-25 10:00:00+00:00,12.21,12.23,12.11,12.15,83817.04
2025-12-25 11:00:00+00:00,12.15,12.22,12.15,12.2,38574.15
2025-12-25 12:00:00+00:00,12.19,12.24,12.17,12.24,50918.78
2025-12-25 13:00:00+00:00,12.23,12.29,12.19,12.26,71931.16
2025-12-25 14:00:00+00:00,12.26,12.28,12.2,12.24,24513.77
2025-12-25 15:00:00+00:00,12.24,12.43,12.21,12.37,116275.93
2025-12-25 16:00:00+00:00,12.37,12.43,12.31,12.32,120411.3
2025-12-25 17:00:00+00:00,12.33,12.33,12.27,12.31,36220.94
2025-12-25 18:00:00+00:00,12.32,12.39,12.32,12.37,45701.16
2025-12-25 19:00:00+00:00,12.36,12.39,12.33,12.39,21556.37
2025-12-25 20:00:00+00:00,12.38,12.4,12.32,12.33,18842.8
2025-12-25 21:00:00+00:00,12.34,12.35,12.3,12.31,13711.29
2025-12-25 22:00:00+00:00,12.31,12.32,12.08,12.14,82002.13
2025-12-25 23:00:00+00:00,12.14,12.19,11.99,12.07,213859.55
2025-12-26 00:00:00+00:00,12.06,12.12,12.02,12.11,78144.8
2025-12-26 01:00:00+00:00,12.12,12.19,12.1,12.18,42346.15
2025-12-26 02:00:00+00:00,12.18,12.54,12.17,12.39,319752.64
2025-12-26 03:00:00+00:00,12.39,12.43,12.34,12.39,101974.55
2025-12-26 04:00:00+00:00,12.39,12.45,12.32,12.43,61382.95
2025-12-26 05:00:00+00:00,12.43,12.46,12.38,12.44,37204.14
2025-12-26 06:00:00+00:00,12.44,12.46,12.4,12.43,60485.1
2025-12-26 07:00:00+00:00,12.43,12.48,12.32,12.35,67720.13
2025-12-26 08:00:00+00:00,12.35,12.42,12.35,12.39,40034.41
2025-12-26 09:00:00+00:00,12.39,12.46,12.37,12.43,41945.55
2025-12-26 10:00:00+00:00,12.44,12.46,12.42,12.45,23599.58
2025-12-26 11:00:00+00:00,12.45,12.45,12.4,12.42,21363.13
2025-12-26 12:00:00+00:00,12.41,12.46,12.41,12.44,23284.77
2025-12-26 13:00:00+00:00,12.45,12.49,12.43,12.47,31975.11
2025-12-26 14:00:00+00:00,12.47,12.51,12.11,12.16,384935.66
2025-12-26 15:00:00+00:00,12.15,12.22,12.05,12.17,235411.39
2025-12-26 16:00:00+00:00,12.18,12.23,12.12,12.13,91531.05
2025-12-26 17:00:00+00:00,12.14,12.26,12.14,12.2,58598.44
2025-12-26 18:00:00+00:00,12.2,12.21,12.15,12.18,44942.02
2025-12-26 19:00:00+00:00,12.18,12.24,12.13,12.2,29221.59
2025-12-26 20:00:00+00:00,12.19,12.26,12.16,12.22,24464.55
2025-12-26 21:00:00+00:00,12.22,12.24,12.18,12.19,21506.6
2025-12-26 22:00:00+00:00,12.18,12.21,12.15,12.2,47266.64
2025-12-26 23:00:00+00:00,12.2,12.21,12.16,12.19,35146.73
2025-12-27 00:00:00+00:00,12.18,12.21,12.17,12.2,35182.15
2025-12-27 01:00:00+00:00,12.2,12.23,12.16,12.23,48928.12
2025-12-27 02:00:00+00:00,12.22,12.24,12.2,12.23,24216.46
2025-12-27 03:00:00+00:00,12.23,12.27,12.21,12.24,57622.86
2025-12-27 04:00:00+00:00,12.25,12.25,12.18,12.18,47197.75
2025-12-27 05:00:00+00:00,12.18,12.24,12.18,12.23,21453.5
2025-12-27 06:00:00+00:00,12.22,12.23,12.2,12.23,20406.61
2025-12-27 07:00:00+00:00,12.22,12.28,12.22,12.25,39015.9
2025-12-27 08:00:00+00:00,12.26,12.3,12.24,12.24,31070.39
2025-12-27 09:00:00+00:00,12.24,12.27,12.23,12.25,24343.76
2025-12-27 10:00:00+00:00,12.25,12.27,12.17,12.22,30959.66
2025-12-27 11:00:00+00:00,12.21,12.28,12.21,12.26,30041.16
2025-12-27 12:00:00+00:00,12.26,12.29,12.25,12.26,30372.09
2025-12-27 13:00:00+00:00,12.26,12.29,12.23,12.27,32177.6
2025-12-27 14:00:00+00:00,12.26,12.32,12.25,12.3,44383.22
2025-12-27 15:00:00+00:00,12.29,12.35,12.28,12.32,87551.57
2025-12-27 16:00:00+00:00,12.32,12.34,12.28,12.29,45249.65
2025-12-27 17:00:00+00:00,12.29,12.31,12.26,12.31,32218.98
2025-12-27 18:00:00+00:00,12.31,12.32,12.28,12.31,17352.94
2025-12-27 19:00:00+00:00,12.31,12.35,12.3,12.34,17696.97
2025-12-27 20:00:00+00:00,12.33,12.38,12.31,12.32,32153.74
2025-12-27 21:00:00+00:00,12.32,12.41,12.3,12.4,67963.29
2025-12-27 22:00:00+00:00,12.4,12.49,12.35,12.38,104944.92
2025-12-27 23:00:00+00:00,12.38,12.55,12.38,12.52,147163.68
2025-12-28 00:00:00+00:00,12.52,12.55,12.47,12.5,104139.11
2025-12-28 01:00:00+00:00,12.49,12.52,12.45,12.46,46943.33
2025-12-28 02:00:00+00:00,12.46,12.54,12.45,12.48,56853.39
2025-12-28 03:00:00+00:00,12.48,12.52,12.43,12.5,77529.22
2025-12-28 04:00:00+00:00,12.49,12.52,12.48,12.48,30737.83
2025-12-28 05:00:00+00:00,12.49,12.5,12.43,12.45,50594.95
2025-12-28 06:00:00+00:00,12.44,12.49,12.43,12.46,38407.09
2025-12-28 07:00:00+00:00,12.45,12.48,12.41,12.43,28654.7
2025-12-28 08:00:00+00:00,12.42,12.49,12.42,12.43,30862.38
2025-12-28 09:00:00+00:00,12.43,12.44,12.37,12.4,36340.78
2025-12-28 10:00:00+00:00,12.41,12.49,12.4,12.49,69708.92
2025-12-28 11:00:00+00:00,12.49,12.51,12.42,12.45,41622.76
2025-12-28 12:00:00+00:00,12.44,12.49,12.43,12.46,70338.25
2025-12-28 13:00:00+00:00,12.46,12.51,12.43,12.45,58379.35
2025-12-28 14:00:00+00:00,12.46,12.53,12.45,12.5,40137.84
2025-12-28 15:00:00+00:00,12.5,12.57,12.48,12.53,43677.79
2025-12-28 16:00:00+00:00,12.53,12.6,12.49,12.5,55579.58
2025-12-28 17:00:00+00:00,12.5,12.56,12.48,12.49,49349.08
2025-12-28 18:00:00+00:00,12.49,12.5,12.35,12.36,145551.21
2025-12-28 19:00:00+00:00,12.37,12.4,12.33,12.35,41453.37
2025-12-28 20:00:00+00:00,12.35,12.39,12.32,12.35,38699.27
2025-12-28 21:00:00+00:00,12.35,12.38,12.32,12.37,25756.68
2025-12-28 22:00:00+00:00,12.37,12.48,12.35,12.46,40328.72
2025-12-28 23:00:00+00:00,12.45,12.5,12.39,12.5,55641.78
2025-12-29 00:00:00+00:00,12.5,12.65,12.46,12.57,141567.04
2025-12-29 01:00:00+00:00,12.57,12.67,12.47,12.63,103382.87
2025-12-29 02:00:00+00:00,12.63,12.82,12.62,12.76,249243.36
2025-12-29 03:00:00+00:00,12.77,12.99,12.74,12.94,322929.83
2025-12-29 04:00:00+00:00,12.94,13.03,12.9,12.94,263523.69
2025-12-29 05:00:00+00:00,12.94,12.96,12.89,12.9,98887.29
2025-12-29 06:00:00+00:00,12.9,12.91,12.79,12.82,104830.2
2025-12-29 07:00:00+00:00,12.83,12.85,12.73,12.8,117185.78
2025-12-29 08:00:00+00:00,12.79,12.84,12.72,12.74,47176.57
2025-12-29 09:00:00+00:00,12.74,12.75,12.47,12.54,202280.86
2025-12-29 10:00:00+00:00,12.54,12.62,12.52,12.56,118834.95
2025-12-29 11:00:00+00:00,12.56,12.57,12.51,12.51,52095.55
2025-12-29 12:00:00+00:00,12.51,12.51,12.25,12.38,342855.46
2025-12-29 13:00:00+00:00,12.39,12.39,12.28,12.31,123760.83
2025-12-29 14:00:00+00:00,12.31,12.48,12.27,12.37,196411.9
2025-12-29 15:00:00+00:00,12.37,12.48,12.36,12.4,104941.1
2025-12-29 16:00:00+00:00,12.4,12.45,12.34,12.41,53571.18
2025-12-29 17:00:00+00:00,12.4,12.45,12.35,12.42,54901.62
2025-12-29 18:00:00+00:00,12.43,12.44,12.28,12.29,53245.53
2025-12-29 19:00:00+00:00,12.29,12.38,12.28,12.3,58454.02
2025-12-29 20:00:00+00:00,12.3,12.35,12.26,12.29,47343.84
2025-12-29 21:00:00+00:00,12.28,12.34,12.27,12.33,22799.86
2025-12-29 22:00:00+00:00,12.32,12.37,12.29,12.33,27013.1
2025-12-29 23:00:00+00:00,12.32,12.35,12.28,12.3,47617.66
2025-12-30 00:00:00+00:00,12.31,12.33,12.26,12.32,52166.17
2025-12-30 01:00:00+00:00,12.32,12.38,12.29,12.36,31676.8
2025-12-30 02:00:00+00:00,12.35,12.38,12.27,12.3,44832.24
2025-12-30 03:00:00+00:00,12.29,12.42,12.26,12.39,62447.43
2025-12-30 04:00:00+00:00,12.39,12.42,12.34,12.35,44413.84
2025-12-30 05:00:00+00:00,12.34,12.36,12.3,12.31,53626.31
2025-12-30 06:00:00+00:00,12.31,12.39,12.31,12.36,51116.13
2025-12-30 07:00:00+00:00,12.35,12.39,12.34,12.37,32920.12
2025-12-30 08:00:00+00:00,12.37,12.55,12.37,12.47,205667.6
2025-12-30 09:00:00+00:00,12.48,12.56,12.45,12.54,67596.66
2025-12-30 10:00:00+00:00,12.54,12.56,12.48,12.49,39870.49
2025-12-30 11:00:00+00:00,12.49,12.51,12.46,12.49,45587.06
2025-12-30 12:00:00+00:00,12.49,12.55,12.47,12.47,53641.52
2025-12-30 13:00:00+00:00,12.48,12.52,12.46,12.5,52124.33
2025-12-30 14:00:00+00:00,12.49,12.61,12.38,12.54,233030.15
2025-12-30 15:00:00+00:00,12.54,12.57,12.45,12.53,104118.56
2025-12-30 16:00:00+00:00,12.53,12.59,12.44,12.48,101419.71
2025-12-30 17:00:00+00:00,12.48,12.49,12.4,12.43,91716.75
2025-12-30 18:00:00+00:00,12.43,12.46,12.39,12.43,60821.41
2025-12-30 19:00:00+00:00,12.43,12.44,12.34,12.43,59480.44
2025-12-30 20:00:00+00:00,12.42,12.43,12.35,12.35,22492.14
2025-12-30 21:00:00+00:00,12.35,12.39,12.34,12.38,32649.44
2025-12-30 22:00:00+00:00,12.38,12.43,12.36,12.4,43163.58
2025-12-30 23:00:00+00:00,12.41,12.44,12.38,12.42,59530.2
2025-12-31 00:00:00+00:00,12.42,12.42,12.36,12.36,53541.91
2025-12-31 01:00:00+00:00,12.36,12.47,12.35,12.42,50741.24
2025-12-31 02:00:00+00:00,12.43,12.44,12.39,12.43,33567.17
2025-12-31 03:00:00+00:00,12.42,12.44,12.37,12.39,29300.62
2025-12-31 04:00:00+00:00,12.4,12.43,12.36,12.39,43885.94
2025-12-31 05:00:00+00:00,12.4,12.42,12.38,12.38,20067.37
2025-12-31 06:00:00+00:00,12.38,12.41,12.37,12.37,28415.29
2025-12-31 07:00:00+00:00,12.38,12.44,12.34,12.42,91542.69
2025-12-31 08:00:00+00:00,12.42,12.45,12.37,12.39,35479.18
2025-12-31 09:00:00+00:00,12.39,12.43,12.38,12.42,26312.7
2025-12-31 10:00:00+00:00,12.42,12.43,12.39,12.41,36489.01
2025-12-31 11:00:00+00:00,12.42,12.49,12.4,12.48,98089.33
2025-12-31 12:00:00+00:00,12.47,12.49,12.41,12.44,60978.99
2025-12-31 13:00:00+00:00,12.44,12.49,12.42,12.47,28673.51
2025-12-31 14:00:00+00:00,12.46,12.55,12.41,12.44,76896.17
2025-12-31 15:00:00+00:00,12.44,12.46,12.33,12.39,131825.32
2025-12-31 16:00:00+00:00,12.4,12.42,12.19,12.29,216370.05
2025-12-31 17:00:00+00:00,12.29,12.31,12.25,12.28,187217.49
2025-12-31 18:00:00+00:00,12.29,12.35,12.26,12.26,61558.36
2025-12-31 19:00:00+00:00,12.27,12.3,12.24,12.24,38545.11
2025-12-31 20:00:00+00:00,12.24,12.29,12.2,12.27,106445.38
2025-12-31 21:00:00+00:00,12.27,12.32,12.26,12.3,25370.11
2025-12-31 22:00:00+00:00,12.3,12.3,12.22,12.24,65045.51
2025-12-31 23:00:00+00:00,12.24,12.25,12.2,12.21,76645.9
2026-01-01 00:00:00+00:00,12.2,12.26,12.2,12.24,35908.45
2026-01-01 01:00:00+00:00,12.24,12.28,12.23,12.25,39298.58
2026-01-01 02:00:00+00:00,12.26,12.28,12.23,12.24,23446.28
2026-01-01 03:00:00+00:00,12.24,12.26,12.21,12.23,32189.92
2026-01-01 04:00:00+00:00,12.23,12.23,12.15,12.17,82629.53
2026-01-01 05:00:00+00:00,12.16,12.29,12.16,12.26,38554.99
2026-01-01 06:00:00+00:00,12.27,12.28,12.21,12.21,17034.89
2026-01-01 07:00:00+00:00,12.22,12.23,12.18,12.19,17479.63
2026-01-01 08:00:00+00:00,12.19,12.28,12.18,12.27,20337.17
2026-01-01 09:00:00+00:00,12.27,12.31,12.25,12.26,48567.38
2026-01-01 10:00:00+00:00,12.26,12.28,12.25,12.26,27254.59
2026-01-01 11:00:00+00:00,12.26,12.3,12.25,12.3,29371.93
2026-01-01 12:00:00+00:00,12.29,12.3,12.24,12.25,30222.65
2026-01-01 13:00:00+00:00,12.25,12.3,12.24,12.29,31961.0
2026-01-01 14:00:00+00:00,12.3,12.33,12.24,12.3,45290.87
2026-01-01 15:00:00+00:00,12.31,12.44,12.28,12.39,87525.12
2026-01-01 16:00:00+00:00,12.39,12.41,12.33,12.36,57305.01
2026-01-01 17:00:00+00:00,12.37,12.47,12.36,12.44,84282.19
2026-01-01 18:00:00+00:00,12.45,12.47,12.41,12.46,77865.94
2026-01-01 19:00:00+00:00,12.46,12.53,12.44,12.52,75463.53
2026-01-01 20:00:00+00:00,12.52,12.55,12.47,12.48,124133.38
2026-01-01 21:00:00+00:00,12.48,12.56,12.47,12.55,66372.98
2026-01-01 22:00:00+00:00,12.54,12.64,12.51,12.61,113929.36
2026-01-01 23:00:00+00:00,12.61,12.64,12.56,12.6,91891.98
2026-01-02 00:00:00+00:00,12.61,12.68,12.58,12.67,90875.32
2026-01-02 01:00:00+00:00,12.66,12.68,12.61,12.64,67916.75
2026-01-02 02:00:00+00:00,12.65,12.69,12.58,12.68,164946.44
2026-01-02 03:00:00+00:00,12.67,12.94,12.65,12.92,403109.47
2026-01-02 04:00:00+00:00,12.93,12.99,12.85,12.89,263270.42
2026-01-02 05:00:00+00:00,12.9,12.96,12.87,12.93,131635.67
2026-01-02 06:00:00+00:00,12.93,12.98,12.9,12.92,155314.25
2026-01-02 07:00:00+00:00,12.93,12.97,12.83,12.84,100361.87
2026-01-02 08:00:00+00:00,12.83,12.95,12.83,12.91,84373.4
2026-01-02 09:00:00+00:00,12.91,13.15,12.9,13.06,215711.26
2026-01-02 10:00:00+00:00,13.07,13.12,13.01,13.03,135205.96
2026-01-02 11:00:00+00:00,13.04,13.04,12.91,12.94,86654.64
2026-01-02 12:00:00+00:00,12.94,13.06,12.92,13.03,81835.43
2026-01-02 13:00:00+00:00,13.02,13.07,12.99,13.0,101713.66
2026-01-02 14:00:00+00:00,12.99,13.13,12.82,13.07,343604.04
2026-01-02 15:00:00+00:00,13.07,13.19,12.94,13.08,228789.09
2026-01-02 16:00:00+00:00,13.07,13.35,13.06,13.3,314276.51
2026-01-02 17:00:00+00:00,13.31,13.36,13.21,13.27,251762.55
2026-01-02 18:00:00+00:00,13.28,13.31,13.14,13.2,135438.02
2026-01-02 19:00:00+00:00,13.2,13.31,13.19,13.28,65591.13
2026-01-02 20:00:00+00:00,13.28,13.32,13.21,13.24,62694.32
2026-01-02 21:00:00+00:00,13.23,13.35,13.22,13.33,149877.47
2026-01-02 22:00:00+00:00,13.34,13.43,13.33,13.37,169767.65
2026-01-02 23:00:00+00:00,13.37,13.37,13.25,13.27,107358.8
2026-01-03 00:00:00+00:00,13.27,13.37,13.27,13.31,115833.68
2026-01-03 01:00:00+00:00,13.31,13.33,13.23,13.28,112402.52
2026-01-03 02:00:00+00:00,13.28,13.3,13.22,13.28,71313.56
2026-01-03 03:00:00+00:00,13.28,13.34,13.23,13.32,87752.74
2026-01-03 04:00:00+00:00,13.32,13.33,13.21,13.22,78542.02
2026-01-03 05:00:00+00:00,13.22,13.24,13.14,13.18,85190.56
2026-01-03 06:00:00+00:00,13.18,13.25,13.09,13.1,110485.27
2026-01-03 07:00:00+00:00,13.1,13.12,12.97,13.01,171622.92
2026-01-03 08:00:00+00:00,13.01,13.1,12.99,13.07,86302.25
2026-01-03 09:00:00+00:00,13.06,13.15,13.02,13.11,89187.1
2026-01-03 10:00:00+00:00,13.11,13.13,13.07,13.12,59815.36
2026-01-03 11:00:00+00:00,13.11,13.12,13.05,13.07,83001.46
2026-01-03 12:00:00+00:00,13.07,13.16,13.05,13.16,81822.28
2026-01-03 13:00:00+00:00,13.15,13.18,13.1,13.13,93220.89
2026-01-03 14:00:00+00:00,13.13,13.18,13.07,13.09,124607.7
2026-01-03 15:00:00+00:00,13.08,13.1,13.05,13.07,34507.26
2026-01-03 16:00:00+00:00,13.08,13.21,13.07,13.19,51958.0
2026-01-03 17:00:00+00:00,13.19,13.2,13.13,13.19,46075.38
2026-01-03 18:00:00+00:00,13.19,13.23,13.14,13.21,43547.98
2026-01-03 19:00:00+00:00,13.21,13.21,13.16,13.18,22140.08
2026-01-03 20:00:00+00:00,13.17,13.21,13.11,13.19,35791.29
2026-01-03 21:00:00+00:00,13.19,13.23,13.17,13.2,53714.22
2026-01-03 22:00:00+00:00,13.2,13.25,13.18,13.24,48932.69
2026-01-03 23:00:00+00:00,13.24,13.27,13.22,13.23,27788.12
2026-01-04 00:00:00+00:00,13.24,13.39,13.21,13.37,135885.82
2026-01-04 01:00:00+00:00,13.36,13.37,13.26,13.36,59118.57
2026-01-04 02:00:00+00:00,13.35,13.37,13.29,13.32,29520.52
2026-01-04 03:00:00+00:00,13.31,13.38,13.31,13.36,62442.53
2026-01-04 04:00:00+00:00,13.36,13.42,13.34,13.37,90120.35
2026-01-04 05:00:00+00:00,13.37,13.43,13.35,13.42,47546.23
2026-01-04 06:00:00+00:00,13.42,13.46,13.27,13.28,118525.17
2026-01-04 07:00:00+00:00,13.29,13.37,13.27,13.34,76122.21
2026-01-04 08:00:00+00:00,13.35,13.36,13.27,13.35,87680.02
2026-01-04 09:00:00+00:00,13.36,13.41,13.32,13.37,94191.26
2026-01-04 10:00:00+00:00,13.38,13.42,13.35,13.37,52555.43
2026-01-04 11:00:00+00:00,13.37,13.45,13.34,13.44,110149.55
2026-01-04 12:00:00+00:00,13.43,13.57,13.41,13.46,144463.68
2026-01-04 13:00:00+00:00,13.47,13.5,13.36,13.5,99776.04
2026-01-04 14:00:00+00:00,13.5,13.52,13.37,13.43,109697.62
2026-01-04 15:00:00+00:00,13.42,13.5,13.41,13.5,110263.15
2026-01-04 16:00:00+00:00,13.5,13.56,13.48,13.55,82155.56
2026-01-04 17:00:00+00:00,13.55,13.58,13.51,13.56,61926.33
2026-01-04 18:00:00+00:00,13.56,13.56,13.38,13.44,78601.26
2026-01-04 19:00:00+00:00,13.44,13.44,13.31,13.39,93638.23
2026-01-04 20:00:00+00:00,13.39,13.44,13.36,13.42,26862.47
2026-01-04 21:00:00+00:00,13.41,13.49,13.37,13.42,36180.02
2026-01-04 22:00:00+00:00,13.41,13.49,13.39,13.42,36675.8
2026-01-04 23:00:00+00:00,13.42,13.5,13.36,13.43,52434.8
2026-01-05 00:00:00+00:00,13.42,13.6,13.41,13.57,150024.8
2026-01-05 01:00:00+00:00,13.58,13.88,13.54,13.78,422926.06
2026-01-05 02:00:00+00:00,13.79,13.86,13.66,13.74,136433.88
2026-01-05 03:00:00+00:00,13.75,13.76,13.65,13.67,82320.66
2026-01-05 04:00:00+00:00,13.68,13.7,13.46,13.58,175516.74
2026-01-05 05:00:00+00:00,13.59,13.63,13.5,13.51,73446.13
2026-01-05 06:00:00+00:00,13.5,13.54,13.4,13.5,92645.99
2026-01-05 07:00:00+00:00,13.51,13.59,13.47,13.58,91105.73
2026-01-05 08:00:00+00:00,13.58,13.62,13.51,13.51,65242.53
2026-01-05 09:00:00+00:00,13.51,13.55,13.44,13.49,124665.78
2026-01-05 10:00:00+00:00,13.49,13.61,13.48,13.54,86141.44
2026-01-05 11:00:00+00:00,13.53,13.6,13.49,13.59,65907.35
2026-01-05 12:00:00+00:00,13.59,13.62,13.53,13.57,62472.42
2026-01-05 13:00:00+00:00,13.56,13.57,13.4,13.46,126655.38
2026-01-05 14:00:00+00:00,13.46,13.65,13.42,13.62,262106.59
2026-01-05 15:00:00+00:00,13.62,13.75,13.53,13.72,293098.15
2026-01-05 16:00:00+00:00,13.72,13.76,13.63,13.7,152976.43
2026-01-05 17:00:00+00:00,13.71,13.81,13.54,13.77,194719.55
2026-01-05 18:00:00+00:00,13.76,13.88,13.7,13.86,159744.52
2026-01-05 19:00:00+00:00,13.86,13.87,13.73,13.77,132560.63
2026-01-05 20:00:00+00:00,13.76,14.09,13.75,14.04,534484.15
2026-01-05 21:00:00+00:00,14.04,14.08,13.93,14.02,203964.59
2026-01-05 22:00:00+00:00,14.03,14.13,13.98,14.01,226238.32
2026-01-05 23:00:00+00:00,14.02,14.04,13.9,13.9,194076.9
2026-01-06 00:00:00+00:00,13.91,13.96,13.58,13.83,525215.41
2026-01-06 01:00:00+00:00,13.82,13.96,13.78,13.8,194718.27
2026-01-06 02:00:00+00:00,13.8,13.86,13.74,13.78,146945.61
2026-01-06 03:00:00+00:00,13.79,13.87,13.77,13.79,81424.01
2026-01-06 04:00:00+00:00,13.8,13.88,13.77,13.84,116609.71
2026-01-06 05:00:00+00:00,13.85,13.92,13.81,13.82,133964.08
2026-01-06 06:00:00+00:00,13.83,13.98,13.79,13.89,164153.78
2026-01-06 07:00:00+00:00,13.89,13.91,13.68,13.73,161278.3
2026-01-06 08:00:00+00:00,13.72,13.81,13.7,13.71,93038.2
2026-01-06 09:00:00+00:00,13.72,13.83,13.7,13.81,86991.66
2026-01-06 10:00:00+00:00,13.8,13.87,13.78,13.83,88107.98
2026-01-06 11:00:00+00:00,13.82,13.91,13.81,13.89,81846.28
2026-01-06 12:00:00+00:00,13.9,13.96,13.89,13.9,100690.93
2026-01-06 13:00:00+00:00,13.9,13.91,13.82,13.83,106779.72
2026-01-06 14:00:00+00:00,13.84,14.24,13.84,14.1,586459.03
2026-01-06 15:00:00+00:00,14.1,14.21,13.92,13.99,342228.53
2026-01-06 16:00:00+00:00,13.99,14.02,13.67,13.77,529820.07
2026-01-06 17:00:00+00:00,13.77,13.84,13.48,13.52,406745.54
2026-01-06 18:00:00+00:00,13.52,13.7,13.47,13.65,193342.4
2026-01-06 19:00:00+00:00,13.66,13.72,13.62,13.63,99867.97
2026-01-06 20:00:00+00:00,13.64,13.8,13.63,13.76,93654.35
2026-01-06 21:00:00+00:00,13.77,14.07,13.72,13.97,235654.28
2026-01-06 22:00:00+00:00,13.97,14.03,13.88,13.94,83476.14
2026-01-06 23:00:00+00:00,13.94,14.06,13.92,14.04,112595.14
2026-01-07 00:00:00+00:00,14.03,14.04,13.78,13.79,170061.18
2026-01-07 01:00:00+00:00,13.79,13.86,13.69,13.72,170422.86
2026-01-07 02:00:00+00:00,13.72,13.87,13.68,13.86,82725.16
2026-01-07 03:00:00+00:00,13.86,13.95,13.8,13.81,148317.76
2026-01-07 04:00:00+00:00,13.81,13.85,13.74,13.76,92318.55
2026-01-07 05:00:00+00:00,13.75,13.81,13.72,13.73,115478.62
2026-01-07 06:00:00+00:00,13.73,13.77,13.7,13.73,121015.75
2026-01-07 07:00:00+00:00,13.73,13.89,13.73,13.88,78994.48
2026-01-07 08:00:00+00:00,13.87,13.94,13.82,13.89,147924.06
2026-01-07 09:00:00+00:00,13.9,13.91,13.58,13.62,217562.3
2026-01-07 10:00:00+00:00,13.62,13.72,13.6,13.68,111555.11
2026-01-07 11:00:00+00:00,13.68,13.72,13.65,13.69,93683.6
2026-01-07 12:00:00+00:00,13.69,13.71,13.63,13.65,65236.51
2026-01-07 13:00:00+00:00,13.65,13.73,13.59,13.63,77175.77
2026-01-07 14:00:00+00:00,13.64,13.64,13.42,13.58,325046.99
2026-01-07 15:00:00+00:00,13.59,13.6,13.29,13.37,380511.71
2026-01-07 16:00:00+00:00,13.37,13.46,13.33,13.41,110604.85
2026-01-07 17:00:00+00:00,13.42,13.5,13.37,13.4,114525.03
2026-01-07 18:00:00+00:00,13.4,13.46,13.34,13.39,137074.78
2026-01-07 19:00:00+00:00,13.39,13.43,13.31,13.4,92268.64
2026-01-07 20:00:00+00:00,13.4,13.43,13.31,13.36,61056.3
2026-01-07 21:00:00+00:00,13.36,13.42,13.34,13.36,47763.91
2026-01-07 22:00:00+00:00,13.35,13.45,13.31,13.36,59461.9
2026-01-07 23:00:00+00:00,13.36,13.47,13.3,13.44,117176.8
2026-01-08 00:00:00+00:00,13.45,13.52,13.39,13.51,97194.37
2026-01-08 01:00:00+00:00,13.51,13.56,13.49,13.52,71560.33
2026-01-08 02:00:00+00:00,13.52,13.56,13.39,13.43,74321.52
2026-01-08 03:00:00+00:00,13.43,13.49,13.32,13.34,72970.79
2026-01-08 04:00:00+00:00,13.34,13.47,13.32,13.42,52254.87
2026-01-08 05:00:00+00:00,13.43,13.48,13.35,13.37,40921.99
2026-01-08 06:00:00+00:00,13.38,13.39,13.13,13.13,184690.35
2026-01-08 07:00:00+00:00,13.14,13.33,13.07,13.32,201028.26
2026-01-08 08:00:00+00:00,13.32,13.37,13.22,13.23,119635.64
2026-01-08 09:00:00+00:00,13.24,13.27,13.15,13.16,75092.88
2026-01-08 10:00:00+00:00,13.16,13.32,13.09,13.28,116501.49
2026-01-08 11:00:00+00:00,13.28,13.3,13.17,13.22,111767.27
2026-01-08 12:00:00+00:00,13.23,13.23,13.1,13.15,272787.24
2026-01-08 13:00:00+00:00,13.15,13.2,13.1,13.16,120678.98
2026-01-08 14:00:00+00:00,13.16,13.19,13.03,13.13,311929.2
2026-01-08 15:00:00+00:00,13.12,13.31,13.05,13.3,256219.31
2026-01-08 16:00:00+00:00,13.3,13.32,13.15,13.3,116524.67
2026-01-08 17:00:00+00:00,13.3,13.35,13.22,13.32,88206.06
2026-01-08 18:00:00+00:00,13.32,13.33,13.22,13.23,58664.79
2026-01-08 19:00:00+00:00,13.24,13.29,13.17,13.2,41069.2
2026-01-08 20:00:00+00:00,13.2,13.2,13.1,13.18,66891.52
2026-01-08 21:00:00+00:00,13.18,13.29,13.18,13.28,58542.19
2026-01-08 22:00:00+00:00,13.28,13.34,13.21,13.27,54029.17
2026-01-08 23:00:00+00:00,13.28,13.29,13.21,13.21,39033.58
2026-01-09 00:00:00+00:00,13.22,13.3,13.21,13.26,56874.64
2026-01-09 01:00:00+00:00,13.27,13.38,13.17,13.21,173115.16
2026-01-09 02:00:00+00:00,13.22,13.33,13.21,13.24,61813.79
2026-01-09 03:00:00+00:00,13.24,13.32,13.21,13.32,51880.27
2026-01-09 04:00:00+00:00,13.31,13.33,13.2,13.22,139873.24
2026-01-09 05:00:00+00:00,13.21,13.27,13.19,13.27,35685.59
2026-01-09 06:00:00+00:00,13.27,13.32,13.24,13.32,51174.15
2026-01-09 07:00:00+00:00,13.32,13.32,13.26,13.27,49119.58
2026-01-09 08:00:00+00:00,13.27,13.3,13.06,13.14,139483.67
2026-01-09 09:00:00+00:00,13.15,13.24,13.14,13.17,94057.52
2026-01-09 10:00:00+00:00,13.17,13.2,13.14,13.2,37751.96
2026-01-09 11:00:00+00:00,13.2,13.23,13.16,13.17,51603.6
2026-01-09 12:00:00+00:00,13.17,13.19,13.1,13.13,60400.58
2026-01-09 13:00:00+00:00,13.13,13.3,13.12,13.24,144941.01
2026-01-09 14:00:00+00:00,13.24,13.24,13.03,13.1,159676.2
2026-01-09 15:00:00+00:00,13.11,13.44,13.03,13.29,293889.05
2026-01-09 16:00:00+00:00,13.29,13.45,13.28,13.41,160650.6
2026-01-09 17:00:00+00:00,13.41,13.42,13.23,13.33,128735.81
2026-01-09 18:00:00+00:00,13.32,13.34,13.1,13.21,98600.18
2026-01-09 19:00:00+00:00,13.2,13.21,13.06,13.09,80738.01
2026-01-09 20:00:00+00:00,13.09,13.16,13.08,13.11,75854.02
2026-01-09 21:00:00+00:00,13.11,13.19,13.08,13.15,60756.9
2026-01-09 22:00:00+00:00,13.15,13.19,13.11,13.18,26567.93
2026-01-09 23:00:00+00:00,13.18,13.18,13.12,13.14,26908.95
2026-01-10 00:00:00+00:00,13.14,13.15,13.09,13.11,38593.86
2026-01-10 01:00:00+00:00,13.1,13.17,13.09,13.15,20310.2
2026-01-10 02:00:00+00:00,13.15,13.17,13.09,13.11,22867.64
2026-01-10 03:00:00+00:00,13.11,13.14,13.07,13.13,67488.2
2026-01-10 04:00:00+00:00,13.14,13.14,13.07,13.08,51955.11
2026-01-10 05:00:00+00:00,13.08,13.14,13.07,13.09,13208.84
2026-01-10 06:00:00+00:00,13.1,13.13,13.07,13.11,19379.48
2026-01-10 07:00:00+00:00,13.11,13.18,13.1,13.17,37861.04
2026-01-10 08:00:00+00:00,13.16,13.2,13.1,13.15,41637.54
2026-01-10 09:00:00+00:00,13.15,13.22,13.14,13.2,40892.35
2026-01-10 10:00:00+00:00,13.21,13.23,13.17,13.21,81781.19
2026-01-10 11:00:00+00:00,13.21,13.21,13.15,13.17,24476.67
2026-01-10 12:00:00+00:00,13.18,13.24,13.16,13.24,45695.38
2026-01-10 13:00:00+00:00,13.24,13.26,13.21,13.22,53210.9
2026-01-10 14:00:00+00:00,13.22,13.23,13.13,13.14,46920.16
2026-01-10 15:00:00+00:00,13.15,13.18,13.14,13.17,21835.61
2026-01-10 16:00:00+00:00,13.16,13.18,13.12,13.16,23309.74
2026-01-10 17:00:00+00:00,13.16,13.22,13.15,13.16,22277.65
2026-01-10 18:00:00+00:00,13.16,13.21,13.13,13.2,25327.65
2026-01-10 19:00:00+00:00,13.21,13.22,13.2,13.22,9970.6
2026-01-10 20:00:00+00:00,13.22,13.24,13.2,13.23,36095.48
2026-01-10 21:00:00+00:00,13.23,13.24,13.14,13.14,192802.09
2026-01-10 22:00:00+00:00,13.14,13.16,13.08,13.1,51034.28
2026-01-10 23:00:00+00:00,13.09,13.16,13.09,13.13,42256.5
2026-01-11 00:00:00+00:00,13.14,13.18,13.11,13.17,22897.66
2026-01-11 01:00:00+00:00,13.18,13.2,13.13,13.19,18909.05
2026-01-11 02:00:00+00:00,13.19,13.21,13.17,13.19,14873.56
2026-01-11 03:00:00+00:00,13.2,13.25,13.18,13.24,22658.94
2026-01-11 04:00:00+00:00,13.23,13.26,13.19,13.24,27937.65
2026-01-11 05:00:00+00:00,13.25,13.26,13.19,13.23,34350.69
2026-01-11 06:00:00+00:00,13.23,13.28,13.18,13.22,39249.94
2026-01-11 07:00:00+00:00,13.22,13.24,13.2,13.24,15894.26
2026-01-11 08:00:00+00:00,13.24,13.25,13.19,13.21,45186.35
2026-01-11 09:00:00+00:00,13.21,13.24,13.19,13.21,16757.76
2026-01-11 10:00:00+00:00,13.22,13.24,13.18,13.22,34050.21
2026-01-11 11:00:00+00:00,13.22,13.23,13.19,13.21,12497.83
2026-01-11 12:00:00+00:00,13.21,13.28,13.2,13.27,42730.93
2026-01-11 13:00:00+00:00,13.27,13.28,13.2,13.21,28034.31
2026-01-11 14:00:00+00:00,13.21,13.3,13.2,13.26,83410.19
2026-01-11 15:00:00+00:00,13.27,13.29,13.14,13.21,98935.71
2026-01-11 16:00:00+00:00,13.2,13.37,13.2,13.29,127209.29
2026-01-11 17:00:00+00:00,13.29,13.34,13.26,13.32,45140.93
2026-01-11 18:00:00+00:00,13.32,13.34,13.27,13.32,38515.23
2026-01-11 19:00:00+00:00,13.32,13.36,13.24,13.25,60845.88
2026-01-11 20:00:00+00:00,13.25,13.26,13.11,13.18,140371.4
2026-01-11 21:00:00+00:00,13.17,13.23,13.13,13.21,51156.58
2026-01-11 22:00:00+00:00,13.21,13.21,13.1,13.14,57790.76
2026-01-11 23:00:00+00:00,13.13,13.25,13.05,13.21,97919.03
2026-01-12 00:00:00+00:00,13.21,13.26,13.12,13.25,105925.51
2026-01-12 01:00:00+00:00,13.26,13.35,13.23,13.31,150504.57
2026-01-12 02:00:00+00:00,13.31,13.47,13.29,13.44,156848.32
2026-01-12 03:00:00+00:00,13.44,13.52,13.36,13.36,163802.94
2026-01-12 04:00:00+00:00,13.37,13.44,13.34,13.42,74926.75
2026-01-12 05:00:00+00:00,13.42,13.46,13.37,13.4,45838.81
2026-01-12 06:00:00+00:00,13.39,13.43,13.33,13.37,73183.88
2026-01-12 07:00:00+00:00,13.37,13.42,13.25,13.28,86159.05
2026-01-12 08:00:00+00:00,13.28,13.33,13.1,13.22,158524.54
2026-01-12 09:00:00+00:00,13.22,13.26,13.16,13.17,98135.68
2026-01-12 10:00:00+00:00,13.18,13.2,13.11,13.13,51523.74
2026-01-12 11:00:00+00:00,13.14,13.21,13.12,13.16,40691.28
2026-01-12 12:00:00+00:00,13.17,13.2,13.13,13.15,30695.95
2026-01-12 13:00:00+00:00,13.15,13.18,13.07,13.1,88585.26
2026-01-12 14:00:00+00:00,13.1,13.15,12.93,13.12,210952.94
2026-01-12 15:00:00+00:00,13.13,13.26,13.1,13.25,152333.98
2026-01-12 16:00:00+00:00,13.24,13.33,13.19,13.25,113779.59
2026-01-12 17:00:00+00:00,13.26,13.31,13.09,13.19,127480.7
2026-01-12 18:00:00+00:00,13.18,13.24,13.13,13.18,58871.62
2026-01-12 19:00:00+00:00,13.17,13.21,13.12,13.19,24532.08
2026-01-12 20:00:00+00:00,13.19,13.24,13.09,13.11,40191.03
2026-01-12 21:00:00+00:00,13.11,13.12,13.0,13.05,54314.78
2026-01-12 22:00:00+00:00,13.04,13.1,13.03,13.06,39791.97
2026-01-12 23:00:00+00:00,13.07,13.11,13.04,13.08,30088.76
2026-01-13 00:00:00+00:00,13.08,13.12,13.06,13.12,75928.46
2026-01-13 01:00:00+00:00,13.11,13.17,13.06,13.09,53416.95
2026-01-13 02:00:00+00:00,13.09,13.16,13.07,13.08,45662.49
2026-01-13 03:00:00+00:00,13.09,13.15,13.05,13.12,38439.44
2026-01-13 04:00:00+00:00,13.11,13.19,13.11,13.16,52283.14
2026-01-13 05:00:00+00:00,13.17,13.3,13.16,13.2,74704.75
2026-01-13 06:00:00+00:00,13.21,13.26,13.18,13.23,84857.74
2026-01-13 07:00:00+00:00,13.23,13.24,13.17,13.19,19458.33
2026-01-13 08:00:00+00:00,13.2,13.29,13.18,13.25,36846.63
2026-01-13 09:00:00+00:00,13.26,13.32,13.2,13.26,82437.48
2026-01-13 10:00:00+00:00,13.26,13.3,13.23,13.25,71479.99
2026-01-13 11:00:00+00:00,13.26,13.29,13.21,13.27,42420.82
2026-01-13 12:00:00+00:00,13.26,13.29,13.23,13.29,50413.26
2026-01-13 13:00:00+00:00,13.28,13.4,13.26,13.32,168983.07
2026-01-13 14:00:00+00:00,13.33,13.52,13.28,13.4,296839.96
2026-01-13 15:00:00+00:00,13.4,13.58,13.34,13.58,233281.29
2026-01-13 16:00:00+00:00,13.58,13.67,13.53,13.61,306615.3
2026-01-13 17:00:00+00:00,13.61,13.67,13.53,13.6,132378.62
2026-01-13 18:00:00+00:00,13.59,13.67,13.57,13.63,113236.36
2026-01-13 19:00:00+00:00,13.63,13.71,13.58,13.69,92675.69
2026-01-13 20:00:00+00:00,13.69,13.78,13.68,13.74,143556.09
2026-01-13 21:00:00+00:00,13.75,13.77,13.7,13.73,76158.38
2026-01-13 22:00:00+00:00,13.72,14.18,13.72,14.12,773471.31
2026-01-13 23:00:00+00:00,14.13,14.18,14.01,14.06,226533.35
2026-01-14 00:00:00+00:00,14.06,14.12,14.02,14.09,118742.37
2026-01-14 01:00:00+00:00,14.09,14.17,14.07,14.13,126932.76
2026-01-14 02:00:00+00:00,14.13,14.2,14.03,14.05,111788.19
2026-01-14 03:00:00+00:00,14.04,14.14,14.03,14.13,96394.58
2026-01-14 04:00:00+00:00,14.14,14.17,14.03,14.04,198874.7
2026-01-14 05:00:00+00:00,14.03,14.07,13.99,14.03,138824.0
2026-01-14 06:00:00+00:00,14.03,14.08,13.94,14.07,109858.1
2026-01-14 07:00:00+00:00,14.07,14.12,14.03,14.05,62181.08
2026-01-14 08:00:00+00:00,14.06,14.12,14.05,14.05,81246.75
2026-01-14 09:00:00+00:00,14.06,14.12,14.05,14.1,44875.34
2026-01-14 10:00:00+00:00,14.1,14.11,13.99,14.01,120110.03
2026-01-14 11:00:00+00:00,14.01,14.02,13.85,13.87,119957.25
2026-01-14 12:00:00+00:00,13.88,13.95,13.86,13.94,58016.24
2026-01-14 13:00:00+00:00,13.94,13.97,13.87,13.9,64088.71
2026-01-14 14:00:00+00:00,13.9,14.21,13.89,14.15,230183.4
2026-01-14 15:00:00+00:00,14.15,14.28,14.06,14.24,307227.94
2026-01-14 16:00:00+00:00,14.24,14.4,14.22,14.29,295114.42
2026-01-14 17:00:00+00:00,14.28,14.36,14.16,14.18,207089.01
2026-01-14 18:00:00+00:00,14.18,14.25,14.04,14.16,170050.64
2026-01-14 19:00:00+00:00,14.15,14.4,14.11,14.23,294886.0
2026-01-14 20:00:00+00:00,14.22,14.32,14.17,14.25,160648.55
2026-01-14 21:00:00+00:00,14.24,14.28,14.16,14.23,87336.06
2026-01-14 22:00:00+00:00,14.22,14.22,14.08,14.09,107365.1
2026-01-14 23:00:00+00:00,14.1,14.19,14.08,14.11,81875.9
2026-01-15 00:00:00+00:00,14.11,14.12,14.0,14.04,126158.82
2026-01-15 01:00:00+00:00,14.04,14.1,13.93,13.97,159959.93
2026-01-15 02:00:00+00:00,13.96,14.02,13.89,13.91,62780.45
2026-01-15 03:00:00+00:00,13.91,13.95,13.73,13.76,188290.28
2026-01-15 04:00:00+00:00,13.76,13.88,13.75,13.86,76513.8
2026-01-15 05:00:00+00:00,13.85,13.9,13.84,13.88,56704.14
2026-01-15 06:00:00+00:00,13.87,13.93,13.84,13.85,66888.18
2026-01-15 07:00:00+00:00,13.86,13.97,13.85,13.94,67992.49
2026-01-15 08:00:00+00:00,13.93,13.95,13.86,13.92,60671.63
2026-01-15 09:00:00+00:00,13.93,14.09,13.88,14.06,127733.28
2026-01-15 10:00:00+00:00,14.06,14.07,14.0,14.03,92550.08
2026-01-15 11:00:00+00:00,14.04,14.04,13.94,13.95,66627.38
2026-01-15 12:00:00+00:00,13.96,14.1,13.94,14.09,76952.57
2026-01-15 13:00:00+00:00,14.09,14.17,14.03,14.13,219440.06
2026-01-15 14:00:00+00:00,14.12,14.22,13.94,14.01,295362.76
2026-01-15 15:00:00+00:00,14.0,14.07,13.72,13.96,324269.43
2026-01-15 16:00:00+00:00,13.96,13.99,13.85,13.92,136970.2
2026-01-15 17:00:00+00:00,13.93,14.0,13.82,13.84,143367.63
2026-01-15 18:00:00+00:00,13.85,13.86,13.63,13.66,176638.43
2026-01-15 19:00:00+00:00,13.67,13.71,13.59,13.69,236756.47
2026-01-15 20:00:00+00:00,13.68,13.73,13.56,13.6,114882.97
2026-01-15 21:00:00+00:00,13.61,13.68,13.6,13.65,49530.35
2026-01-15 22:00:00+00:00,13.66,13.78,13.64,13.75,81532.08
2026-01-15 23:00:00+00:00,13.76,13.8,13.71,13.8,65660.11
2026-01-16 00:00:00+00:00,13.8,13.87,13.78,13.83,69286.98
2026-01-16 01:00:00+00:00,13.82,13.83,13.74,13.77,52092.58
2026-01-16 02:00:00+00:00,13.77,13.77,13.67,13.76,51008.7
2026-01-16 03:00:00+00:00,13.77,13.81,13.68,13.68,59939.14
2026-01-16 04:00:00+00:00,13.68,13.73,13.59,13.65,81682.99
2026-01-16 05:00:00+00:00,13.64,13.82,13.64,13.8,82947.62
2026-01-16 06:00:00+00:00,13.8,13.82,13.78,13.82,43282.01
2026-01-16 07:00:00+00:00,13.82,13.82,13.75,13.79,32267.16
2026-01-16 08:00:00+00:00,13.8,13.86,13.79,13.82,90656.68
2026-01-16 09:00:00+00:00,13.82,13.84,13.77,13.79,49851.08
2026-01-16 10:00:00+00:00,13.78,13.81,13.71,13.73,91349.88
2026-01-16 11:00:00+00:00,13.74,13.74,13.69,13.73,37676.43
2026-01-16 12:00:00+00:00,13.73,13.76,13.71,13.74,26822.46
2026-01-16 13:00:00+00:00,13.74,13.75,13.67,13.71,42719.01
2026-01-16 14:00:00+00:00,13.71,13.79,13.68,13.7,105365.64
2026-01-16 15:00:00+00:00,13.7,13.79,13.43,13.49,288787.54
2026-01-16 16:00:00+00:00,13.48,13.62,13.46,13.58,196523.07
2026-01-16 17:00:00+00:00,13.58,13.66,13.5,13.65,96983.05
2026-01-16 18:00:00+00:00,13.65,13.67,13.58,13.6,66478.9
2026-01-16 19:00:00+00:00,13.59,13.61,13.53,13.59,20837.07
2026-01-16 20:00:00+00:00,13.6,13.71,13.52,13.71,80994.33
2026-01-16 21:00:00+00:00,13.71,13.75,13.68,13.71,62823.2
2026-01-16 22:00:00+00:00,13.71,13.73,13.64,13.7,78962.38
2026-01-16 23:00:00+00:00,13.71,13.75,13.69,13.73,34424.96
2026-01-17 00:00:00+00:00,13.73,13.74,13.69,13.72,28577.36
2026-01-17 01:00:00+00:00,13.72,13.75,13.69,13.7,37695.32
2026-01-17 02:00:00+00:00,13.71,13.71,13.64,13.66,41271.76
2026-01-17 03:00:00+00:00,13.67,13.7,13.63,13.68,43738.72
2026-01-17 04:00:00+00:00,13.68,13.72,13.65,13.71,21120.95
2026-01-17 05:00:00+00:00,13.71,13.74,13.71,13.71,17958.53
2026-01-17 06:00:00+00:00,13.71,13.74,13.69,13.73,23281.94
2026-01-17 07:00:00+00:00,13.73,13.73,13.69,13.7,28235.7
2026-01-17 08:00:00+00:00,13.71,13.76,13.7,13.73,63788.74
2026-01-17 09:00:00+00:00,13.74,13.75,13.71,13.74,20349.31
2026-01-17 10:00:00+00:00,13.73,13.79,13.7,13.72,43573.06
2026-01-17 11:00:00+00:00,13.72,13.73,13.68,13.71,33667.78
2026-01-17 12:00:00+00:00,13.7,13.74,13.69,13.71,46917.64
2026-01-17 13:00:00+00:00,13.71,13.79,13.69,13.79,27644.51
2026-01-17 14:00:00+00:00,13.79,13.86,13.76,13.84,90737.84
2026-01-17 15:00:00+00:00,13.84,13.89,13.79,13.89,76350.77
2026-01-17 16:00:00+00:00,13.89,13.9,13.76,13.79,70313.77
2026-01-17 17:00:00+00:00,13.8,13.83,13.77,13.81,23762.64
2026-01-17 18:00:00+00:00,13.81,13.82,13.77,13.8,38483.52
2026-01-17 19:00:00+00:00,13.79,13.81,13.77,13.79,35345.79
2026-01-17 20:00:00+00:00,13.79,13.82,13.76,13.77,20763.61
2026-01-17 21:00:00+00:00,13.77,13.78,13.73,13.74,29507.19
2026-01-17 22:00:00+00:00,13.74,13.74,13.66,13.7,42898.37
2026-01-17 23:00:00+00:00,13.7,13.75,13.69,13.75,25216.31
2026-01-18 00:00:00+00:00,13.74,13.78,13.71,13.71,29954.71
2026-01-18 01:00:00+00:00,13.72,13.73,13.62,13.67,68800.74
2026-01-18 02:00:00+00:00,13.67,13.71,13.63,13.67,25963.16
2026-01-18 03:00:00+00:00,13.67,13.73,13.66,13.71,17791.45
2026-01-18 04:00:00+00:00,13.71,13.72,13.67,13.71,20871.02
2026-01-18 05:00:00+00:00,13.72,13.72,13.67,13.72,24453.24
2026-01-18 06:00:00+00:00,13.71,13.75,13.69,13.73,58720.25
2026-01-18 07:00:00+00:00,13.72,13.77,13.7,13.74,67527.47
2026-01-18 08:00:00+00:00,13.73,13.77,13.71,13.76,44474.51
2026-01-18 09:00:00+00:00,13.76,13.83,13.74,13.8,50098.12
2026-01-18 10:00:00+00:00,13.8,13.82,13.76,13.81,40131.28
2026-01-18 11:00:00+00:00,13.81,13.81,13.72,13.73,42356.41
2026-01-18 12:00:00+00:00,13.74,13.78,13.72,13.73,40765.77
2026-01-18 13:00:00+00:00,13.74,13.79,13.7,13.76,87385.6
2026-01-18 14:00:00+00:00,13.76,13.83,13.72,13.73,70937.72
2026-01-18 15:00:00+00:00,13.73,13.83,13.71,13.78,176739.95
2026-01-18 16:00:00+00:00,13.77,13.83,13.75,13.76,40881.0
2026-01-18 17:00:00+00:00,13.76,13.8,13.74,13.78,31027.27
2026-01-18 18:00:00+00:00,13.78,13.88,13.76,13.85,57746.71
2026-01-18 19:00:00+00:00,13.85,13.86,13.77,13.77,35421.42
2026-01-18 20:00:00+00:00,13.77,13.84,13.76,13.8,19664.9
2026-01-18 21:00:00+00:00,13.81,13.85,13.79,13.83,13847.2
2026-01-18 22:00:00+00:00,13.84,13.87,13.82,13.84,19218.32
2026-01-18 23:00:00+00:00,13.84,13.84,13.3,13.32,656611.61
2026-01-19 00:00:00+00:00,13.31,13.32,12.37,12.85,2504542.98
2026-01-19 01:00:00+00:00,12.85,12.92,12.79,12.85,211260.81
2026-01-19 02:00:00+00:00,12.85,12.9,12.81,12.86,158064.01
2026-01-19 03:00:00+00:00,12.86,12.89,12.79,12.86,101578.01
2026-01-19 04:00:00+00:00,12.86,12.86,12.79,12.79,103412.6
2026-01-19 05:00:00+00:00,12.8,12.84,12.74,12.8,162853.46
2026-01-19 06:00:00+00:00,12.8,12.8,12.72,12.76,115872.0
2026-01-19 07:00:00+00:00,12.76,12.78,12.73,12.77,75303.67
2026-01-19 08:00:00+00:00,12.77,12.87,12.75,12.82,170280.31
2026-01-19 09:00:00+00:00,12.82,12.83,12.74,12.81,87122.63
2026-01-19 10:00:00+00:00,12.8,12.81,12.75,12.77,52347.17
2026-01-19 11:00:00+00:00,12.76,12.82,12.75,12.77,63104.94
2026-01-19 12:00:00+00:00,12.78,12.81,12.73,12.77,70845.7
2026-01-19 13:00:00+00:00,12.77,12.79,12.73,12.78,69473.48
2026-01-19 14:00:00+00:00,12.77,12.87,12.76,12.79,105069.27
2026-01-19 15:00:00+00:00,12.8,12.82,12.75,12.76,87505.93
2026-01-19 16:00:00+00:00,12.77,12.92,12.75,12.9,76057.48
2026-01-19 17:00:00+00:00,12.9,12.91,12.84,12.85,43116.16
2026-01-19 18:00:00+00:00,12.84,12.89,12.83,12.88,44598.98
2026-01-19 19:00:00+00:00,12.89,12.97,12.88,12.94,34025.91
2026-01-19 20:00:00+00:00,12.94,13.01,12.93,12.95,83410.4
2026-01-19 21:00:00+00:00,12.95,12.98,12.89,12.89,36746.08
2026-01-19 22:00:00+00:00,12.89,12.91,12.81,12.81,77940.36
2026-01-19 23:00:00+00:00,12.81,12.92,12.78,12.88,85509.59
2026-01-20 00:00:00+00:00,12.88,12.91,12.84,12.85,37726.86
2026-01-20 01:00:00+00:00,12.84,12.91,12.8,12.85,34996.66
2026-01-20 02:00:00+00:00,12.84,12.9,12.8,12.88,48551.78
2026-01-20 03:00:00+00:00,12.88,12.89,12.81,12.87,24805.61
2026-01-20 04:00:00+00:00,12.86,12.88,12.79,12.8,33493.2
2026-01-20 05:00:00+00:00,12.81,12.85,12.74,12.82,85967.37
2026-01-20 06:00:00+00:00,12.81,12.82,12.61,12.62,158193.31
2026-01-20 07:00:00+00:00,12.62,12.69,12.61,12.61,79629.8
2026-01-20 08:00:00+00:00,12.61,12.63,12.48,12.57,205275.25
2026-01-20 09:00:00+00:00,12.57,12.57,12.48,12.49,59302.93
2026-01-20 10:00:00+00:00,12.5,12.59,12.48,12.55,126108.31
2026-01-20 11:00:00+00:00,12.55,12.58,12.51,12.51,67824.7
2026-01-20 12:00:00+00:00,12.51,12.57,12.5,12.55,35241.89
2026-01-20 13:00:00+00:00,12.55,12.55,12.44,12.47,118115.81
2026-01-20 14:00:00+00:00,12.46,12.61,12.45,12.5,170544.29
2026-01-20 15:00:00+00:00,12.49,12.52,12.34,12.44,353507.81
2026-01-20 16:00:00+00:00,12.44,12.47,12.26,12.32,146676.21
2026-01-20 17:00:00+00:00,12.31,12.4,12.18,12.26,185999.62
2026-01-20 18:00:00+00:00,12.27,12.3,12.19,12.23,102891.6
2026-01-20 19:00:00+00:00,12.23,12.29,12.21,12.28,46151.33
2026-01-20 20:00:00+00:00,12.28,12.35,12.24,12.34,59313.95
2026-01-20 21:00:00+00:00,12.35,12.36,12.21,12.23,40861.1
2026-01-20 22:00:00+00:00,12.22,12.28,12.03,12.15,211168.03
2026-01-20 23:00:00+00:00,12.15,12.18,12.09,12.12,130969.99
2026-01-21 00:00:00+00:00,12.13,12.28,12.1,12.28,124368.34
2026-01-21 01:00:00+00:00,12.28,12.33,12.25,12.31,79974.72
2026-01-21 02:00:00+00:00,12.32,12.36,12.28,12.3,97754.4
2026-01-21 03:00:00+00:00,12.3,12.36,12.29,12.31,44707.1
2026-01-21 04:00:00+00:00,12.32,12.37,12.29,12.35,20578.38
2026-01-21 05:00:00+00:00,12.36,12.47,12.35,12.44,51065.6
2026-01-21 06:00:00+00:00,12.44,12.44,12.35,12.37,43679.84
2026-01-21 07:00:00+00:00,12.36,12.39,12.3,12.32,48187.69
2026-01-21 08:00:00+00:00,12.32,12.34,12.23,12.3,108853.4
2026-01-21 09:00:00+00:00,12.31,12.34,12.28,12.29,75980.53
2026-01-21 10:00:00+00:00,12.29,12.34,12.27,12.28,67317.33
2026-01-21 11:00:00+00:00,12.27,12.32,12.17,12.18,72787.31
2026-01-21 12:00:00+00:00,12.18,12.2,12.06,12.19,166336.9
2026-01-21 13:00:00+00:00,12.19,12.24,12.11,12.15,60656.97
2026-01-21 14:00:00+00:00,12.14,12.43,12.13,12.42,270384.91
2026-01-21 15:00:00+00:00,12.42,12.55,12.35,12.44,208260.86
2026-01-21 16:00:00+00:00,12.44,12.46,11.98,12.0,273998.76
2026-01-21 17:00:00+00:00,12.0,12.12,11.89,12.04,192058.42
2026-01-21 18:00:00+00:00,12.03,12.17,11.98,12.12,137201.36
2026-01-21 19:00:00+00:00,12.12,12.62,12.07,12.6,354917.82
2026-01-21 20:00:00+00:00,12.61,12.63,12.44,12.57,165801.53
2026-01-21 21:00:00+00:00,12.57,12.65,12.54,12.6,67222.33
2026-01-21 22:00:00+00:00,12.61,12.66,12.49,12.5,78232.14
2026-01-21 23:00:00+00:00,12.5,12.54,12.36,12.4,135337.08
2026-01-22 00:00:00+00:00,12.4,12.49,12.4,12.43,157810.75
2026-01-22 01:00:00+00:00,12.43,12.55,12.42,12.54,214781.8
2026-01-22 02:00:00+00:00,12.53,12.58,12.5,12.51,67787.17
2026-01-22 03:00:00+00:00,12.51,12.54,12.41,12.45,121626.91
2026-01-22 04:00:00+00:00,12.44,12.54,12.44,12.52,162327.8
2026-01-22 05:00:00+00:00,12.51,12.53,12.46,12.49,24767.68
2026-01-22 06:00:00+00:00,12.48,12.5,12.43,12.47,23884.02
2026-01-22 07:00:00+00:00,12.48,12.49,12.4,12.43,42803.74
2026-01-22 08:00:00+00:00,12.43,12.47,12.4,12.45,78796.32
2026-01-22 09:00:00+00:00,12.45,12.49,12.42,12.48,41375.11
2026-01-22 10:00:00+00:00,12.47,12.49,12.44,12.45,29091.55
2026-01-22 11:00:00+00:00,12.45,12.46,12.37,12.38,34987.07
2026-01-22 12:00:00+00:00,12.38,12.41,12.37,12.38,38215.37
2026-01-22 13:00:00+00:00,12.38,12.48,12.33,12.35,97078.07
2026-01-22 14:00:00+00:00,12.35,12.39,12.23,12.24,141743.66
2026-01-22 15:00:00+00:00,12.24,12.31,12.12,12.23,151985.41
2026-01-22 16:00:00+00:00,12.23,12.33,12.2,12.29,99270.14
2026-01-22 17:00:00+00:00,12.3,12.33,12.22,12.32,56095.33
2026-01-22 18:00:00+00:00,12.31,12.33,12.21,12.22,50938.13
2026-01-22 19:00:00+00:00,12.22,12.3,12.19,12.28,38824.42
2026-01-22 20:00:00+00:00,12.28,12.31,12.2,12.23,35106.21
2026-01-22 21:00:00+00:00,12.24,12.29,12.22,12.24,20847.46
2026-01-22 22:00:00+00:00,12.24,12.28,12.22,12.25,32360.99
2026-01-22 23:00:00+00:00,12.25,12.27,12.2,12.27,51561.94
2026-01-23 00:00:00+00:00,12.26,12.28,12.22,12.24,27593.66
2026-01-23 01:00:00+00:00,12.24,12.35,12.24,12.34,40393.28
2026-01-23 02:00:00+00:00,12.35,12.35,12.26,12.26,17853.46
2026-01-23 03:00:00+00:00,12.27,12.35,12.26,12.33,36069.34
2026-01-23 04:00:00+00:00,12.34,12.41,12.32,12.38,48801.17
2026-01-23 05:00:00+00:00,12.38,12.39,12.32,12.34,51638.92
2026-01-23 06:00:00+00:00,12.35,12.39,12.27,12.27,42131.02
2026-01-23 07:00:00+00:00,12.28,12.31,12.25,12.28,36079.97
2026-01-23 08:00:00+00:00,12.27,12.3,12.17,12.19,44971.1
2026-01-23 09:00:00+00:00,12.2,12.25,12.17,12.21,31884.62
2026-01-23 10:00:00+00:00,12.21,12.24,12.17,12.23,27093.47
2026-01-23 11:00:00+00:00,12.22,12.27,12.22,12.27,28232.93
2026-01-23 12:00:00+00:00,12.26,12.28,12.23,12.26,22140.52
2026-01-23 13:00:00+00:00,12.26,12.28,12.23,12.24,31594.12
2026-01-23 14:00:00+00:00,12.24,12.26,12.04,12.12,200169.2
2026-01-23 15:00:00+00:00,12.12,12.28,12.06,12.25,113447.18
2026-01-23 16:00:00+00:00,12.26,12.37,12.21,12.29,118678.41
2026-01-23 17:00:00+00:00,12.29,12.5,12.25,12.37,139583.16
2026-01-23 18:00:00+00:00,12.37,12.44,12.34,12.38,59630.87
2026-01-23 19:00:00+00:00,12.38,12.38,12.2,12.25,79831.4
2026-01-23 20:00:00+00:00,12.25,12.28,12.12,12.16,61362.83
2026-01-23 21:00:00+00:00,12.16,12.23,12.14,12.16,27224.48
2026-01-23 22:00:00+00:00,12.17,12.25,12.16,12.24,52085.88
2026-01-23 23:00:00+00:00,12.24,12.24,12.2,12.22,32898.5
2026-01-24 00:00:00+00:00,12.22,12.27,12.21,12.25,163500.96
2026-01-24 01:00:00+00:00,12.24,12.28,12.18,12.23,160531.87
2026-01-24 02:00:00+00:00,12.23,12.24,12.22,12.23,15181.32
2026-01-24 03:00:00+00:00,12.23,12.27,12.21,12.25,17958.37
2026-01-24 04:00:00+00:00,12.26,12.28,12.23,12.24,18999.54
2026-01-24 05:00:00+00:00,12.24,12.25,12.22,12.24,17460.16
2026-01-24 06:00:00+00:00,12.24,12.25,12.22,12.23,9247.67
2026-01-24 07:00:00+00:00,12.24,12.24,12.21,12.21,14651.2
2026-01-24 08:00:00+00:00,12.22,12.25,12.2,12.24,25203.58
2026-01-24 09:00:00+00:00,12.23,12.25,12.21,12.21,23499.67
2026-01-24 10:00:00+00:00,12.22,12.22,12.19,12.21,19444.51
2026-01-24 11:00:00+00:00,12.21,12.23,12.21,12.21,9330.6
2026-01-24 12:00:00+00:00,12.21,12.24,12.19,12.21,30992.74
2026-01-24 13:00:00+00:00,12.21,12.22,12.15,12.16,27387.31
2026-01-24 14:00:00+00:00,12.16,12.2,12.15,12.19,40032.99
2026-01-24 15:00:00+00:00,12.19,12.22,12.15,12.15,54002.68
2026-01-24 16:00:00+00:00,12.15,12.2,12.13,12.18,40278.95
2026-01-24 17:00:00+00:00,12.17,12.21,12.16,12.21,18955.81
2026-01-24 18:00:00+00:00,12.21,12.24,12.19,12.21,34062.83
2026-01-24 19:00:00+00:00,12.2,12.21,12.18,12.19,11164.59
2026-01-24 20:00:00+00:00,12.19,12.22,12.18,12.21,13441.49
2026-01-24 21:00:00+00:00,12.21,12.23,12.18,12.22,18355.11
2026-01-24 22:00:00+00:00,12.22,12.26,12.22,12.26,48959.25
2026-01-24 23:00:00+00:00,12.26,12.26,12.2,12.2,41284.63
2026-01-25 00:00:00+00:00,12.21,12.22,12.16,12.18,33656.81
2026-01-25 01:00:00+00:00,12.19,12.2,12.14,12.14,48927.95
2026-01-25 02:00:00+00:00,12.15,12.18,12.14,12.15,27191.68
2026-01-25 03:00:00+00:00,12.15,12.15,12.06,12.08,55947.32
2026-01-25 04:00:00+00:00,12.09,12.13,12.08,12.1,32430.51
2026-01-25 05:00:00+00:00,12.1,12.13,12.09,12.12,18466.8
2026-01-25 06:00:00+00:00,12.12,12.13,12.05,12.1,52841.03
2026-01-25 07:00:00+00:00,12.09,12.11,12.06,12.08,20942.66
2026-01-25 08:00:00+00:00,12.09,12.1,12.01,12.04,66360.76
2026-01-25 09:00:00+00:00,12.03,12.1,12.01,12.07,68372.36
2026-01-25 10:00:00+00:00,12.06,12.14,12.06,12.11,45712.32
2026-01-25 11:00:00+00:00,12.11,12.13,12.06,12.08,25671.1
2026-01-25 12:00:00+00:00,12.08,12.09,12.03,12.09,30643.48
2026-01-25 13:00:00+00:00,12.09,12.11,12.04,12.1,44135.96
2026-01-25 14:00:00+00:00,12.1,12.1,11.94,12.0,181606.46
2026-01-25 15:00:00+00:00,11.99,12.02,11.94,11.97,142115.54
2026-01-25 16:00:00+00:00,11.97,11.97,11.69,11.81,586864.72
2026-01-25 17:00:00+00:00,11.8,11.84,11.71,11.76,191874.21
2026-01-25 18:00:00+00:00,11.75,11.76,11.55,11.62,317805.77
2026-01-25 19:00:00+00:00,11.62,11.65,11.38,11.44,387845.45
2026-01-25 20:00:00+00:00,11.44,11.53,11.36,11.45,231621.02
2026-01-25 21:00:00+00:00,11.46,11.54,11.45,11.52,98163.25
2026-01-25 22:00:00+00:00,11.52,11.53,11.4,11.45,120455.99
2026-01-25 23:00:00+00:00,11.45,11.54,11.4,11.52,112301.09
2026-01-26 00:00:00+00:00,11.53,11.66,11.51,11.66,131647.13
2026-01-26 01:00:00+00:00,11.66,11.87,11.65,11.83,147906.96
2026-01-26 02:00:00+00:00,11.83,11.83,11.72,11.73,122587.04
2026-01-26 03:00:00+00:00,11.74,11.78,11.66,11.7,65538.87
2026-01-26 04:00:00+00:00,11.71,11.83,11.7,11.76,76959.44
2026-01-26 05:00:00+00:00,11.77,11.8,11.76,11.77,56018.03
2026-01-26 06:00:00+00:00,11.77,11.85,11.74,11.83,44890.11
2026-01-26 07:00:00+00:00,11.84,11.88,11.81,11.86,46751.62
2026-01-26 08:00:00+00:00,11.86,11.96,11.82,11.88,81140.82
2026-01-26 09:00:00+00:00,11.88,11.88,11.76,11.78,63129.68
2026-01-26 10:00:00+00:00,11.77,11.83,11.77,11.81,38285.8
2026-01-26 11:00:00+00:00,11.82,11.86,11.8,11.8,74545.47
2026-01-26 12:00:00+00:00,11.8,11.87,11.8,11.84,37323.51
2026-01-26 13:00:00+00:00,11.84,11.89,11.82,11.88,72624.4
2026-01-26 14:00:00+00:00,11.89,12.03,11.82,12.01,171077.75
2026-01-26 15:00:00+00:00,12.0,12.13,11.87,11.92,204357.06
2026-01-26 16:00:00+00:00,11.91,11.99,11.86,11.95,85727.18
2026-01-26 17:00:00+00:00,11.94,11.97,11.82,11.92,97016.59
2026-01-26 18:00:00+00:00,11.91,12.03,11.9,11.99,115268.35
2026-01-26 19:00:00+00:00,12.0,12.02,11.91,11.94,52710.73
2026-01-26 20:00:00+00:00,11.93,11.96,11.87,11.89,71050.23
2026-01-26 21:00:00+00:00,11.89,12.04,11.87,12.0,79304.31
2026-01-26 22:00:00+00:00,12.0,12.02,11.94,11.98,51577.43
2026-01-26 23:00:00+00:00,11.97,12.01,11.93,11.95,45436.27
2026-01-27 00:00:00+00:00,11.94,11.98,11.93,11.96,27960.48
2026-01-27 01:00:00+00:00,11.95,12.03,11.93,11.99,34541.5
2026-01-27 02:00:00+00:00,12.0,12.06,11.99,12.06,61032.27
2026-01-27 03:00:00+00:00,12.05,12.06,11.98,12.0,30663.85
2026-01-27 04:00:00+00:00,11.99,12.05,11.97,11.99,42941.76
2026-01-27 05:00:00+00:00,11.99,12.0,11.95,11.99,15817.43
2026-01-27 06:00:00+00:00,11.99,12.0,11.94,11.96,21132.18
2026-01-27 07:00:00+00:00,11.96,12.01,11.94,11.99,26893.35
2026-01-27 08:00:00+00:00,11.98,12.01,11.94,11.96,18972.16
2026-01-27 09:00:00+00:00,11.96,11.96,11.88,11.89,36884.73
2026-01-27 10:00:00+00:00,11.88,11.93,11.88,11.89,17928.36
2026-01-27 11:00:00+00:00,11.89,11.93,11.87,11.9,16702.39
2026-01-27 12:00:00+00:00,11.91,11.92,11.87,11.88,32380.99
2026-01-27 13:00:00+00:00,11.88,11.9,11.84,11.85,38572.75
2026-01-27 14:00:00+00:00,11.85,12.0,11.85,11.88,68109.59
2026-01-27 15:00:00+00:00,11.89,12.01,11.86,12.0,75752.5
2026-01-27 16:00:00+00:00,12.0,12.19,12.0,12.14,252377.32
2026-01-27 17:00:00+00:00,12.15,12.15,11.86,11.9,156389.19
2026-01-27 18:00:00+00:00,11.89,12.05,11.87,12.01,163619.67
2026-01-27 19:00:00+00:00,12.01,12.03,11.95,11.97,118427.55
2026-01-27 20:00:00+00:00,11.98,12.16,11.97,12.13,408400.92
2026-01-27 21:00:00+00:00,12.13,12.15,12.01,12.02,163551.67
2026-01-27 22:00:00+00:00,12.03,12.11,12.03,12.06,196150.02
2026-01-27 23:00:00+00:00,12.07,12.1,12.02,12.03,147375.18
2026-01-28 00:00:00+00:00,12.03,12.07,11.97,12.04,65073.84
2026-01-28 01:00:00+00:00,12.04,12.07,11.97,12.0,33754.8
2026-01-28 02:00:00+00:00,11.99,12.03,11.95,12.03,33293.16
2026-01-28 03:00:00+00:00,12.02,12.03,11.96,11.98,32809.96
2026-01-28 04:00:00+00:00,11.98,11.99,11.9,11.92,46647.94
2026-01-28 05:00:00+00:00,11.93,11.96,11.88,11.92,50053.26
2026-01-28 06:00:00+00:00,11.92,12.0,11.92,11.98,61816.06
2026-01-28 07:00:00+00:00,11.98,11.99,11.93,11.94,25053.66
2026-01-28 08:00:00+00:00,11.94,11.96,11.89,11.9,50637.19
2026-01-28 09:00:00+00:00,11.91,11.99,11.86,11.97,54069.68
2026-01-28 10:00:00+00:00,11.98,12.02,11.94,11.97,52499.02
2026-01-28 11:00:00+00:00,11.97,12.06,11.93,12.05,111069.02
2026-01-28 12:00:00+00:00,12.04,12.04,11.91,11.94,83472.18
2026-01-28 13:00:00+00:00,11.95,12.0,11.93,11.95,71528.74
2026-01-28 14:00:00+00:00,11.94,11.94,11.77,11.83,217366.47
2026-01-28 15:00:00+00:00,11.83,11.87,11.71,11.77,112922.17
2026-01-28 16:00:00+00:00,11.77,11.8,11.69,11.73,80444.64
2026-01-28 17:00:00+00:00,11.74,11.9,11.7,11.84,76875.68
2026-01-28 18:00:00+00:00,11.85,11.85,11.77,11.82,67293.5
2026-01-28 19:00:00+00:00,11.81,11.88,11.77,11.85,92450.76
2026-01-28 20:00:00+00:00,11.85,11.95,11.81,11.82,74545.6
2026-01-28 21:00:00+00:00,11.83,11.88,11.75,11.86,69303.38
2026-01-28 22:00:00+00:00,11.87,11.91,11.81,11.9,29700.64
2026-01-28 23:00:00+00:00,11.91,11.93,11.83,11.84,51802.17
2026-01-29 00:00:00+00:00,11.85,11.87,11.76,11.81,43404.72
2026-01-29 01:00:00+00:00,11.8,11.83,11.73,11.75,37513.26
2026-01-29 02:00:00+00:00,11.76,11.81,11.61,11.67,149719.36
2026-01-29 03:00:00+00:00,11.66,11.74,11.63,11.64,53317.83
2026-01-29 04:00:00+00:00,11.64,11.65,11.54,11.63,58602.74
2026-01-29 05:00:00+00:00,11.63,11.66,11.6,11.6,21695.07
2026-01-29 06:00:00+00:00,11.61,11.65,11.59,11.64,38660.89
2026-01-29 07:00:00+00:00,11.64,11.66,11.61,11.63,27385.07
2026-01-29 08:00:00+00:00,11.62,11.67,11.57,11.58,53679.28
2026-01-29 09:00:00+00:00,11.58,11.62,11.57,11.58,35071.57
2026-01-29 10:00:00+00:00,11.57,11.58,11.54,11.57,37315.44
2026-01-29 11:00:00+00:00,11.56,11.58,11.51,11.54,78018.63
2026-01-29 12:00:00+00:00,11.55,11.58,11.5,11.56,48790.71
2026-01-29 13:00:00+00:00,11.56,11.61,11.56,11.59,69464.04
2026-01-29 14:00:00+00:00,11.59,11.61,11.21,11.23,274288.39
2026-01-29 15:00:00+00:00,11.23,11.23,10.86,11.04,903947.91
2026-01-29 16:00:00+00:00,11.03,11.08,10.92,11.08,300936.31
2026-01-29 17:00:00+00:00,11.08,11.2,11.02,11.05,337954.73
2026-01-29 18:00:00+00:00,11.05,11.09,10.83,10.85,412985.6
2026-01-29 19:00:00+00:00,10.85,11.0,10.83,10.94,239367.73
2026-01-29 20:00:00+00:00,10.95,11.07,10.92,11.06,148640.27
2026-01-29 21:00:00+00:00,11.06,11.14,11.05,11.1,113999.54
2026-01-29 22:00:00+00:00,11.1,11.14,11.08,11.11,64220.45
2026-01-29 23:00:00+00:00,11.11,11.13,11.05,11.13,77078.34
2026-01-30 00:00:00+00:00,11.13,11.17,11.09,11.13,81301.29
2026-01-30 01:00:00+00:00,11.12,11.14,10.62,10.9,879720.92
2026-01-30 02:00:00+00:00,10.9,10.91,10.7,10.84,383111.67
2026-01-30 03:00:00+00:00,10.84,10.92,10.82,10.86,86184.36
2026-01-30 04:00:00+00:00,10.86,11.0,10.86,10.91,92647.57
2026-01-30 05:00:00+00:00,10.91,10.95,10.89,10.9,65186.06
2026-01-30 06:00:00+00:00,10.9,10.91,10.65,10.72,169777.14
2026-01-30 07:00:00+00:00,10.72,10.9,10.72,10.84,189936.12
2026-01-30 08:00:00+00:00,10.83,10.86,10.73,10.8,150010.8
2026-01-30 09:00:00+00:00,10.8,10.84,10.73,10.79,126274.05
2026-01-30 10:00:00+00:00,10.79,10.81,10.74,10.78,134970.63
2026-01-30 11:00:00+00:00,10.78,10.91,10.74,10.86,114811.42
2026-01-30 12:00:00+00:00,10.86,10.88,10.7,10.74,110990.11
2026-01-30 13:00:00+00:00,10.73,10.75,10.6,10.67,252849.1
2026-01-30 14:00:00+00:00,10.67,10.82,10.67,10.76,240781.39
2026-01-30 15:00:00+00:00,10.77,10.85,10.65,10.76,207855.3
2026-01-30 16:00:00+00:00,10.76,10.88,10.7,10.78,120433.85
2026-01-30 17:00:00+00:00,10.78,10.87,10.72,10.77,120005.35
2026-01-30 18:00:00+00:00,10.77,10.95,10.51,10.91,389885.94
2026-01-30 19:00:00+00:00,10.92,11.0,10.87,10.91,206618.34
2026-01-30 20:00:00+00:00,10.9,10.9,10.69,10.75,309987.42
2026-01-30 21:00:00+00:00,10.75,10.86,10.73,10.8,204200.36
2026-01-30 22:00:00+00:00,10.8,10.82,10.73,10.79,66249.12
2026-01-30 23:00:00+00:00,10.79,10.81,10.73,10.79,82399.01
2026-01-31 00:00:00+00:00,10.79,10.8,10.75,10.77,58014.78
2026-01-31 01:00:00+00:00,10.76,10.82,10.76,10.81,31184.31
2026-01-31 02:00:00+00:00,10.8,10.84,10.74,10.79,56272.23
2026-01-31 03:00:00+00:00,10.8,10.82,10.73,10.75,41602.89
2026-01-31 04:00:00+00:00,10.75,10.79,10.72,10.73,28113.07
2026-01-31 05:00:00+00:00,10.74,10.77,10.7,10.76,73139.85
2026-01-31 06:00:00+00:00,10.76,10.76,10.63,10.68,65868.69
2026-01-31 07:00:00+00:00,10.68,10.68,10.55,10.61,71298.65
2026-01-31 08:00:00+00:00,10.62,10.64,10.36,10.47,385367.61
2026-01-31 09:00:00+00:00,10.47,10.58,10.46,10.51,74449.94
2026-01-31 10:00:00+00:00,10.52,10.55,10.47,10.52,95820.04
2026-01-31 11:00:00+00:00,10.53,10.53,10.47,10.5,130897.37
2026-01-31 12:00:00+00:00,10.5,10.51,10.42,10.44,137063.4
2026-01-31 13:00:00+00:00,10.44,10.45,10.32,10.36,131205.85
2026-01-31 14:00:00+00:00,10.37,10.4,9.92,10.09,1197908.9
2026-01-31 15:00:00+00:00,10.09,10.17,10.03,10.05,280982.17
2026-01-31 16:00:00+00:00,10.05,10.18,9.9,9.95,621535.68
2026-01-31 17:00:00+00:00,9.96,9.98,9.35,9.6,2383414.4
2026-01-31 18:00:00+00:00,9.6,9.68,8.97,9.57,2232143.25
2026-01-31 19:00:00+00:00,9.57,9.77,9.54,9.66,651213.84
2026-01-31 20:00:00+00:00,9.67,9.73,9.56,9.69,245810.39
2026-01-31 21:00:00+00:00,9.68,9.85,9.63,9.82,314479.45
2026-01-31 22:00:00+00:00,9.83,9.86,9.75,9.82,167002.92
2026-01-31 23:00:00+00:00,9.82,10.04,9.79,9.99,248719.29
2026-02-01 00:00:00+00:00,9.99,10.05,9.97,10.02,206985.22
2026-02-01 01:00:00+00:00,10.02,10.03,9.91,10.01,117986.68
2026-02-01 02:00:00+00:00,10.02,10.08,10.0,10.05,149232.02
2026-02-01 03:00:00+00:00,10.05,10.08,10.01,10.04,91096.11
2026-02-01 04:00:00+00:00,10.05,10.08,10.02,10.02,104971.96
2026-02-01 05:00:00+00:00,10.03,10.05,9.96,9.98,134029.45
2026-02-01 06:00:00+00:00,9.99,10.03,9.92,9.93,138272.6
2026-02-01 07:00:00+00:00,9.94,10.02,9.86,9.94,161270.23
2026-02-01 08:00:00+00:00,9.94,10.03,9.9,9.96,139051.24
2026-02-01 09:00:00+00:00,9.96,9.98,9.88,9.97,197029.38
2026-02-01 10:00:00+00:00,9.97,9.98,9.77,9.78,166840.25
2026-02-01 11:00:00+00:00,9.78,9.91,9.78,9.87,123335.0
2026-02-01 12:00:00+00:00,9.87,9.88,9.77,9.83,227794.7
2026-02-01 13:00:00+00:00,9.83,9.91,9.75,9.78,95182.94
2026-02-01 14:00:00+00:00,9.79,9.82,9.58,9.73,278131.18
2026-02-01 15:00:00+00:00,9.72,9.73,9.41,9.54,469598.45
2026-02-01 16:00:00+00:00,9.53,9.63,9.43,9.49,675362.98
2026-02-01 17:00:00+00:00,9.49,9.52,9.4,9.5,266202.01
2026-02-01 18:00:00+00:00,9.5,9.72,9.5,9.62,309976.38
2026-02-01 19:00:00+00:00,9.62,9.65,9.48,9.53,185312.55
2026-02-01 20:00:00+00:00,9.53,9.66,9.43,9.54,178614.55
2026-02-01 21:00:00+00:00,9.54,9.54,9.42,9.46,168971.04
2026-02-01 22:00:00+00:00,9.47,9.65,9.47,9.56,201868.78
2026-02-01 23:00:00+00:00,9.55,9.56,9.22,9.41,648284.22
2026-02-02 00:00:00+00:00,9.4,9.63,9.31,9.52,386668.59
2026-02-02 01:00:00+00:00,9.53,9.64,9.37,9.55,296374.0
2026-02-02 02:00:00+00:00,9.55,9.6,9.43,9.44,251498.81
2026-02-02 03:00:00+00:00,9.44,9.46,9.02,9.38,870577.16
2026-02-02 04:00:00+00:00,9.38,9.49,9.19,9.34,375079.24
2026-02-02 05:00:00+00:00,9.34,9.35,9.09,9.2,326372.84
2026-02-02 06:00:00+00:00,9.19,9.48,9.07,9.35,838860.69
2026-02-02 07:00:00+00:00,9.35,9.48,9.32,9.4,366929.33
2026-02-02 08:00:00+00:00,9.39,9.5,9.38,9.46,339623.76
2026-02-02 09:00:00+00:00,9.45,9.65,9.4,9.58,330526.71
2026-02-02 10:00:00+00:00,9.58,9.61,9.52,9.55,124252.94
2026-02-02 11:00:00+00:00,9.55,9.6,9.52,9.53,121229.0
2026-02-02 12:00:00+00:00,9.53,9.67,9.53,9.65,165137.78
2026-02-02 13:00:00+00:00,9.64,9.72,9.61,9.69,136662.92
2026-02-02 14:00:00+00:00,9.69,9.89,9.61,9.77,440406.37
2026-02-02 15:00:00+00:00,9.78,10.04,9.74,9.93,661802.67
2026-02-02 16:00:00+00:00,9.93,10.0,9.88,9.92,237357.71
2026-02-02 17:00:00+00:00,9.92,9.98,9.85,9.9,179135.78
2026-02-02 18:00:00+00:00,9.91,9.92,9.79,9.87,135685.89
2026-02-02 19:00:00+00:00,9.86,9.87,9.77,9.79,103714.72
2026-02-02 20:00:00+00:00,9.79,9.83,9.7,9.74,132064.38
2026-02-02 21:00:00+00:00,9.74,9.84,9.74,9.8,98146.76
2026-02-02 22:00:00+00:00,9.81,9.87,9.79,9.84,104755.83
2026-02-02 23:00:00+00:00,9.85,9.85,9.79,9.81,111901.91
2026-02-03 00:00:00+00:00,9.8,9.85,9.74,9.83,112953.53
2026-02-03 01:00:00+00:00,9.84,9.85,9.77,9.81,96189.65
2026-02-03 02:00:00+00:00,9.81,9.82,9.6,9.62,136779.29
2026-02-03 03:00:00+00:00,9.62,9.79,9.58,9.77,138665.81
2026-02-03 04:00:00+00:00,9.78,9.86,9.75,9.81,132590.71
2026-02-03 05:00:00+00:00,9.81,9.82,9.69,9.7,127735.87
2026-02-03 06:00:00+00:00,9.71,9.75,9.65,9.73,149964.03
2026-02-03 07:00:00+00:00,9.72,9.79,9.69,9.73,86452.59
2026-02-03 08:00:00+00:00,9.73,9.76,9.66,9.67,118313.09
2026-02-03 09:00:00+00:00,9.67,9.7,9.52,9.6,308314.94
2026-02-03 10:00:00+00:00,9.6,9.64,9.56,9.59,88130.0
2026-02-03 11:00:00+00:00,9.59,9.62,9.56,9.58,105846.14
2026-02-03 12:00:00+00:00,9.59,9.69,9.56,9.68,141969.56
2026-02-03 13:00:00+00:00,9.67,9.72,9.64,9.7,120929.5
2026-02-03 14:00:00+00:00,9.69,9.73,9.51,9.52,234242.33
2026-02-03 15:00:00+00:00,9.51,9.77,9.49,9.75,379656.21
2026-02-03 16:00:00+00:00,9.75,9.75,9.49,9.5,346095.81
2026-02-03 17:00:00+00:00,9.5,9.53,9.3,9.31,322870.15
2026-02-03 18:00:00+00:00,9.31,9.35,9.08,9.12,684100.15
2026-02-03 19:00:00+00:00,9.11,9.55,9.1,9.48,729493.06
2026-02-03 20:00:00+00:00,9.47,9.88,9.39,9.79,725744.94
2026-02-03 21:00:00+00:00,9.78,9.9,9.67,9.67,242318.47
2026-02-03 22:00:00+00:00,9.68,9.69,9.49,9.52,149494.65
2026-02-03 23:00:00+00:00,9.51,9.52,9.41,9.49,161435.55
2026-02-04 00:00:00+00:00,9.49,9.61,9.45,9.55,78296.04
2026-02-04 01:00:00+00:00,9.55,9.69,9.55,9.63,76400.53
2026-02-04 02:00:00+00:00,9.64,9.67,9.56,9.6,190888.61
2026-02-04 03:00:00+00:00,9.6,9.78,9.58,9.73,126341.26
2026-02-04 04:00:00+00:00,9.73,9.75,9.66,9.68,57494.99
2026-02-04 05:00:00+00:00,9.68,9.69,9.58,9.62,112746.56
2026-02-04 06:00:00+00:00,9.61,9.7,9.6,9.66,164028.47
2026-02-04 07:00:00+00:00,9.66,9.72,9.6,9.67,111957.96
2026-02-04 08:00:00+00:00,9.68,9.74,9.64,9.71,258308.2
2026-02-04 09:00:00+00:00,9.71,9.72,9.6,9.63,102855.19
2026-02-04 10:00:00+00:00,9.63,9.64,9.59,9.61,59156.22
2026-02-04 11:00:00+00:00,9.61,9.64,9.48,9.58,209281.55
2026-02-04 12:00:00+00:00,9.59,9.62,9.52,9.56,66946.32
2026-02-04 13:00:00+00:00,9.56,9.59,9.4,9.41,218015.99
2026-02-04 14:00:00+00:00,9.42,9.47,9.24,9.25,461597.4
2026-02-04 15:00:00+00:00,9.24,9.37,9.13,9.22,481196.6
2026-02-04 16:00:00+00:00,9.22,9.28,9.07,9.17,615069.4
2026-02-04 17:00:00+00:00,9.17,9.26,9.07,9.19,381761.44
2026-02-04 18:00:00+00:00,9.2,9.42,9.02,9.29,619132.33
2026-02-04 19:00:00+00:00,9.3,9.46,9.26,9.44,310114.74
2026-02-04 20:00:00+00:00,9.44,9.47,9.34,9.37,104964.38
2026-02-04 21:00:00+00:00,9.38,9.4,9.14,9.21,129915.4
2026-02-04 22:00:00+00:00,9.22,9.37,9.05,9.18,241924.03
2026-02-04 23:00:00+00:00,9.18,9.33,9.15,9.25,204309.61
2026-02-05 00:00:00+00:00,9.26,9.32,9.21,9.24,92519.41
2026-02-05 01:00:00+00:00,9.24,9.36,9.15,9.24,219541.97
2026-02-05 02:00:00+00:00,9.24,9.31,9.12,9.15,283309.34
2026-02-05 03:00:00+00:00,9.15,9.22,9.07,9.1,273312.58
2026-02-05 04:00:00+00:00,9.1,9.17,9.04,9.09,263459.87
2026-02-05 05:00:00+00:00,9.09,9.23,9.02,9.1,330757.59
2026-02-05 06:00:00+00:00,9.11,9.12,8.97,9.02,321221.34
2026-02-05 07:00:00+00:00,9.02,9.15,9.01,9.05,233596.39
2026-02-05 08:00:00+00:00,9.06,9.19,9.06,9.13,131765.38
2026-02-05 09:00:00+00:00,9.13,9.27,9.13,9.18,184663.42
2026-02-05 10:00:00+00:00,9.19,9.22,8.93,8.96,260541.91
2026-02-05 11:00:00+00:00,8.96,9.02,8.8,8.95,460690.39
2026-02-05 12:00:00+00:00,8.94,9.0,8.83,8.92,731716.49
2026-02-05 13:00:00+00:00,8.92,8.98,8.83,8.86,372676.59
2026-02-05 14:00:00+00:00,8.86,9.07,8.83,8.86,395816.58
2026-02-05 15:00:00+00:00,8.85,8.88,8.3,8.46,1595049.77
2026-02-05 16:00:00+00:00,8.47,8.67,8.39,8.58,824867.29
2026-02-05 17:00:00+00:00,8.58,8.62,8.26,8.35,850901.65
2026-02-05 18:00:00+00:00,8.35,8.41,8.22,8.38,491075.2
2026-02-05 19:00:00+00:00,8.39,8.39,8.22,8.25,302293.49
2026-02-05 20:00:00+00:00,8.25,8.33,7.85,7.99,1919730.38
2026-02-05 21:00:00+00:00,7.98,8.19,7.91,7.97,1070730.04
2026-02-05 22:00:00+00:00,7.98,8.13,7.86,8.04,541731.07
2026-02-05 23:00:00+00:00,8.03,8.21,7.89,7.92,396216.29
2026-02-06 00:00:00+00:00,7.92,8.03,7.15,7.91,3393671.94
2026-02-06 01:00:00+00:00,7.91,8.21,7.88,8.17,729139.49
2026-02-06 02:00:00+00:00,8.17,8.24,7.97,8.04,354040.1
2026-02-06 03:00:00+00:00,8.05,8.11,7.97,8.04,316577.33
2026-02-06 04:00:00+00:00,8.04,8.16,7.99,8.12,177634.77
2026-02-06 05:00:00+00:00,8.11,8.37,8.1,8.33,232915.03
2026-02-06 06:00:00+00:00,8.33,8.36,8.14,8.15,451671.51
2026-02-06 07:00:00+00:00,8.16,8.18,8.06,8.08,337070.06
2026-02-06 08:00:00+00:00,8.09,8.13,7.98,8.04,419679.22
2026-02-06 09:00:00+00:00,8.03,8.25,8.01,8.22,539198.47
2026-02-06 10:00:00+00:00,8.22,8.31,8.19,8.28,292743.56
2026-02-06 11:00:00+00:00,8.28,8.36,8.26,8.33,244824.95
2026-02-06 12:00:00+00:00,8.32,8.33,8.26,8.31,151132.98
2026-02-06 13:00:00+00:00,8.32,8.45,8.3,8.39,355232.81
2026-02-06 14:00:00+00:00,8.39,8.61,8.32,8.55,478421.21
2026-02-06 15:00:00+00:00,8.55,8.64,8.48,8.58,391388.3
2026-02-06 16:00:00+00:00,8.58,8.85,8.55,8.81,520193.36
2026-02-06 17:00:00+00:00,8.81,9.0,8.77,8.89,752980.11
2026-02-06 18:00:00+00:00,8.89,8.9,8.7,8.81,413796.49
2026-02-06 19:00:00+00:00,8.81,8.88,8.76,8.85,235722.66
2026-02-06 20:00:00+00:00,8.84,8.93,8.76,8.86,286305.21
2026-02-06 21:00:00+00:00,8.86,8.9,8.78,8.86,173117.15
2026-02-06 22:00:00+00:00,8.86,9.0,8.84,8.97,224068.93
2026-02-06 23:00:00+00:00,8.97,9.01,8.85,8.88,257432.66
2026-02-07 00:00:00+00:00,8.88,8.89,8.79,8.84,212375.38
2026-02-07 01:00:00+00:00,8.84,8.92,8.78,8.9,169348.42
2026-02-07 02:00:00+00:00,8.89,8.91,8.83,8.89,105046.62
2026-02-07 03:00:00+00:00,8.88,8.96,8.87,8.93,127338.59
2026-02-07 04:00:00+00:00,8.93,9.05,8.86,8.91,344934.82
2026-02-07 05:00:00+00:00,8.91,8.98,8.89,8.95,150563.67
2026-02-07 06:00:00+00:00,8.95,8.99,8.79,8.79,257197.24
2026-02-07 07:00:00+00:00,8.79,8.83,8.59,8.69,389909.75
2026-02-07 08:00:00+00:00,8.69,8.74,8.65,8.7,202854.44
2026-02-07 09:00:00+00:00,8.7,8.74,8.61,8.63,91018.64
2026-02-07 10:00:00+00:00,8.63,8.66,8.58,8.63,82718.26
2026-02-07 11:00:00+00:00,8.62,8.67,8.61,8.66,68072.62
2026-02-07 12:00:00+00:00,8.66,8.94,8.64,8.83,262137.95
2026-02-07 13:00:00+00:00,8.83,8.86,8.73,8.78,117925.99
2026-02-07 14:00:00+00:00,8.78,8.81,8.67,8.69,122096.09
2026-02-07 15:00:00+00:00,8.69,8.85,8.67,8.83,168093.99
2026-02-07 16:00:00+00:00,8.83,9.03,8.78,8.85,3069610.0
2026-02-07 17:00:00+00:00,8.85,8.9,8.78,8.87,107923.61
2026-02-07 18:00:00+00:00,8.87,9.04,8.86,8.99,150309.1
2026-02-07 19:00:00+00:00,8.98,8.99,8.92,8.94,94127.67
2026-02-07 20:00:00+00:00,8.95,9.03,8.94,9.01,94943.3
2026-02-07 21:00:00+00:00,9.0,9.03,8.95,8.96,77834.82
2026-02-07 22:00:00+00:00,8.97,9.0,8.93,8.93,77188.05
2026-02-07 23:00:00+00:00,8.93,8.94,8.85,8.91,95539.48
2026-02-08 00:00:00+00:00,8.91,8.92,8.84,8.89,77560.81
2026-02-08 01:00:00+00:00,8.88,8.95,8.88,8.94,49424.94
2026-02-08 02:00:00+00:00,8.93,8.97,8.85,8.88,62081.46
2026-02-08 03:00:00+00:00,8.88,8.89,8.82,8.83,95366.69
2026-02-08 04:00:00+00:00,8.83,8.85,8.78,8.85,79620.24
2026-02-08 05:00:00+00:00,8.85,8.86,8.81,8.85,41040.23
2026-02-08 06:00:00+00:00,8.84,8.88,8.83,8.85,31642.54
2026-02-08 07:00:00+00:00,8.84,8.86,8.79,8.84,66436.11
2026-02-08 08:00:00+00:00,8.83,8.98,8.8,8.96,167064.59
2026-02-08 09:00:00+00:00,8.97,8.98,8.86,8.89,199483.96
2026-02-08 10:00:00+00:00,8.89,8.95,8.81,8.85,117779.02
2026-02-08 11:00:00+00:00,8.85,9.02,8.84,9.01,143542.15
2026-02-08 12:00:00+00:00,9.01,9.05,8.98,9.03,131229.38
2026-02-08 13:00:00+00:00,9.03,9.04,8.94,8.97,189601.41
2026-02-08 14:00:00+00:00,8.97,8.99,8.91,8.97,68693.09
2026-02-08 15:00:00+00:00,8.97,8.99,8.84,8.88,168975.86
2026-02-08 16:00:00+00:00,8.88,8.91,8.72,8.75,232944.35
2026-02-08 17:00:00+00:00,8.75,8.85,8.74,8.81,66408.59
2026-02-08 18:00:00+00:00,8.81,8.94,8.8,8.89,69159.89
2026-02-08 19:00:00+00:00,8.9,8.98,8.88,8.96,51906.26
2026-02-08 20:00:00+00:00,8.96,8.96,8.82,8.84,46682.86
2026-02-08 21:00:00+00:00,8.84,8.87,8.77,8.8,63303.04
2026-02-08 22:00:00+00:00,8.81,8.86,8.8,8.85,64441.67
2026-02-08 23:00:00+00:00,8.85,9.02,8.75,8.83,252006.08
2026-02-09 00:00:00+00:00,8.83,8.87,8.78,8.82,102683.17
2026-02-09 01:00:00+00:00,8.81,8.89,8.72,8.78,159839.16
2026-02-09 02:00:00+00:00,8.77,8.87,8.74,8.8,157692.99
2026-02-09 03:00:00+00:00,8.81,8.9,8.79,8.89,108943.79
2026-02-09 04:00:00+00:00,8.88,8.88,8.81,8.83,44803.14
2026-02-09 05:00:00+00:00,8.82,8.86,8.8,8.86,38652.18
2026-02-09 06:00:00+00:00,8.86,8.86,8.74,8.79,72195.58
2026-02-09 07:00:00+00:00,8.78,8.81,8.72,8.74,56371.19
2026-02-09 08:00:00+00:00,8.73,8.76,8.6,8.66,143320.0
2026-02-09 09:00:00+00:00,8.67,8.69,8.58,8.6,92560.96
2026-02-09 10:00:00+00:00,8.6,8.63,8.44,8.51,286294.7
2026-02-09 11:00:00+00:00,8.51,8.59,8.51,8.56,95605.42
2026-02-09 12:00:00+00:00,8.56,8.62,8.56,8.61,49746.19
2026-02-09 13:00:00+00:00,8.61,8.66,8.56,8.57,71386.98
2026-02-09 14:00:00+00:00,8.56,8.68,8.52,8.63,205349.26
2026-02-09 15:00:00+00:00,8.63,8.76,8.61,8.76,217487.87
2026-02-09 16:00:00+00:00,8.76,8.9,8.66,8.82,182765.11
2026-02-09 17:00:00+00:00,8.81,8.96,8.76,8.93,226269.63
2026-02-09 18:00:00+00:00,8.93,8.98,8.83,8.92,136430.35
2026-02-09 19:00:00+00:00,8.91,9.0,8.89,8.97,66714.97
2026-02-09 20:00:00+00:00,8.97,9.02,8.87,8.91,101901.0
2026-02-09 21:00:00+00:00,8.92,8.93,8.79,8.89,77176.48
2026-02-09 22:00:00+00:00,8.89,8.91,8.86,8.88,46988.92
2026-02-09 23:00:00+00:00,8.88,8.91,8.83,8.83,69801.38
2026-02-10 00:00:00+00:00,8.84,8.86,8.8,8.82,35464.61
2026-02-10 01:00:00+00:00,8.82,8.89,8.8,8.87,47228.23
2026-02-10 02:00:00+00:00,8.87,8.88,8.79,8.81,76690.42
2026-02-10 03:00:00+00:00,8.81,8.82,8.63,8.69,127169.36
2026-02-10 04:00:00+00:00,8.68,8.73,8.68,8.72,86568.58
2026-02-10 05:00:00+00:00,8.72,8.73,8.62,8.65,96471.01
2026-02-10 06:00:00+00:00,8.64,8.66,8.48,8.51,230949.36
2026-02-10 07:00:00+00:00,8.51,8.57,8.5,8.55,143457.81
2026-02-10 08:00:00+00:00,8.55,8.58,8.52,8.57,82388.03
2026-02-10 09:00:00+00:00,8.56,8.63,8.53,8.57,93254.61
2026-02-10 10:00:00+00:00,8.56,8.59,8.53,8.53,61336.46
2026-02-10 11:00:00+00:00,8.54,8.57,8.49,8.51,81725.64
2026-02-10 12:00:00+00:00,8.51,8.55,8.48,8.5,83135.81
2026-02-10 13:00:00+00:00,8.49,8.59,8.47,8.58,112420.4
2026-02-10 14:00:00+00:00,8.58,8.67,8.48,8.53,259446.67
2026-02-10 15:00:00+00:00,8.53,8.63,8.49,8.57,214037.65
2026-02-10 16:00:00+00:00,8.57,8.64,8.52,8.6,118403.4
2026-02-10 17:00:00+00:00,8.6,8.65,8.55,8.63,96474.63
2026-02-10 18:00:00+00:00,8.63,8.64,8.47,8.51,91100.24
2026-02-10 19:00:00+00:00,8.51,8.59,8.48,8.55,68655.19
2026-02-10 20:00:00+00:00,8.55,8.57,8.5,8.53,49848.69
2026-02-10 21:00:00+00:00,8.53,8.56,8.48,8.52,46104.85
2026-02-10 22:00:00+00:00,8.52,8.59,8.51,8.55,40831.04
2026-02-10 23:00:00+00:00,8.55,8.58,8.53,8.57,79915.75
2026-02-11 00:00:00+00:00,8.57,8.6,8.55,8.57,92559.0
2026-02-11 01:00:00+00:00,8.56,8.59,8.53,8.57,36162.62
2026-02-11 02:00:00+00:00,8.57,8.62,8.54,8.54,67437.28
2026-02-11 03:00:00+00:00,8.54,8.59,8.46,8.53,102085.33
2026-02-11 04:00:00+00:00,8.54,8.55,8.38,8.41,155772.66
2026-02-11 05:00:00+00:00,8.41,8.44,8.36,8.37,83378.42
2026-02-11 06:00:00+00:00,8.37,8.39,8.27,8.3,209073.66
2026-02-11 07:00:00+00:00,8.3,8.37,8.29,8.32,178550.84
2026-02-11 08:00:00+00:00,8.32,8.33,8.27,8.29,116873.66
2026-02-11 09:00:00+00:00,8.29,8.3,8.24,8.26,96409.86
2026-02-11 10:00:00+00:00,8.25,8.26,8.19,8.22,130897.69
2026-02-11 11:00:00+00:00,8.22,8.29,8.2,8.28,132636.0
2026-02-11 12:00:00+00:00,8.28,8.31,8.25,8.28,103915.49
2026-02-11 13:00:00+00:00,8.28,8.36,8.24,8.34,225309.18
2026-02-11 14:00:00+00:00,8.35,8.57,8.23,8.24,728108.74
2026-02-11 15:00:00+00:00,8.24,8.28,8.13,8.24,396818.48
2026-02-11 16:00:00+00:00,8.24,8.36,8.16,8.17,209036.74
2026-02-11 17:00:00+00:00,8.17,8.31,8.14,8.23,111857.17
2026-02-11 18:00:00+00:00,8.23,8.35,8.19,8.32,108180.51
2026-02-11 19:00:00+00:00,8.32,8.37,8.27,8.32,110039.28
2026-02-11 20:00:00+00:00,8.31,8.35,8.25,8.33,53627.13
2026-02-11 21:00:00+00:00,8.33,8.46,8.31,8.39,98558.02
2026-02-11 22:00:00+00:00,8.4,8.41,8.31,8.34,103034.59
2026-02-11 23:00:00+00:00,8.34,8.37,8.26,8.33,363119.95
2026-02-12 00:00:00+00:00,8.32,8.42,8.32,8.39,80739.08
2026-02-12 01:00:00+00:00,8.39,8.46,8.39,8.39,99463.17
2026-02-12 02:00:00+00:00,8.39,8.42,8.35,8.38,63958.78
2026-02-12 03:00:00+00:00,8.37,8.44,8.37,8.43,40269.07
2026-02-12 04:00:00+00:00,8.42,8.45,8.39,8.41,89934.55
2026-02-12 05:00:00+00:00,8.4,8.46,8.35,8.44,47562.29
2026-02-12 06:00:00+00:00,8.45,8.52,8.43,8.47,61554.96
2026-02-12 07:00:00+00:00,8.48,8.49,8.42,8.45,46747.84
2026-02-12 08:00:00+00:00,8.46,8.48,8.4,8.43,92127.38
2026-02-12 09:00:00+00:00,8.42,8.54,8.41,8.51,98903.17
2026-02-12 10:00:00+00:00,8.52,8.59,8.48,8.58,62815.81
2026-02-12 11:00:00+00:00,8.58,8.6,8.53,8.56,81034.91
2026-02-12 12:00:00+00:00,8.56,8.57,8.47,8.49,51373.53
2026-02-12 13:00:00+00:00,8.49,8.58,8.47,8.57,81782.86
2026-02-12 14:00:00+00:00,8.57,8.58,8.48,8.5,122726.77
2026-02-12 15:00:00+00:00,8.5,8.53,8.35,8.36,130521.36
2026-02-12 16:00:00+00:00,8.36,8.38,8.17,8.21,238150.63
2026-02-12 17:00:00+00:00,8.21,8.31,8.18,8.23,134532.86
2026-02-12 18:00:00+00:00,8.23,8.3,8.21,8.28,92002.91
2026-02-12 19:00:00+00:00,8.28,8.42,8.25,8.31,131436.48
2026-02-12 20:00:00+00:00,8.31,8.33,8.22,8.24,89792.27
2026-02-12 21:00:00+00:00,8.25,8.3,8.24,8.29,99228.99
2026-02-12 22:00:00+00:00,8.28,8.39,8.25,8.37,71930.61
2026-02-12 23:00:00+00:00,8.38,8.43,8.36,8.41,204305.59
2026-02-13 00:00:00+00:00,8.41,8.45,8.35,8.39,141326.3
2026-02-13 01:00:00+00:00,8.39,8.45,8.38,8.4,159144.51
2026-02-13 02:00:00+00:00,8.41,8.43,8.37,8.4,63932.02
2026-02-13 03:00:00+00:00,8.4,8.45,8.37,8.43,71478.29
2026-02-13 04:00:00+00:00,8.43,8.43,8.37,8.38,67641.71
2026-02-13 05:00:00+00:00,8.38,8.38,8.33,8.34,61841.46
2026-02-13 06:00:00+00:00,8.34,8.39,8.3,8.39,51093.99
2026-02-13 07:00:00+00:00,8.38,8.43,8.36,8.38,76968.18
2026-02-13 08:00:00+00:00,8.38,8.48,8.36,8.46,51220.39
2026-02-13 09:00:00+00:00,8.46,8.47,8.42,8.46,35978.86
2026-02-13 10:00:00+00:00,8.45,8.48,8.43,8.46,71678.18
2026-02-13 11:00:00+00:00,8.46,8.46,8.38,8.44,43272.59
2026-02-13 12:00:00+00:00,8.43,8.46,8.4,8.45,42601.57
2026-02-13 13:00:00+00:00,8.44,8.53,8.41,8.5,124381.71
2026-02-13 14:00:00+00:00,8.5,8.62,8.43,8.56,244990.52
2026-02-13 15:00:00+00:00,8.58,8.83,8.56,8.71,220442.29
2026-02-13 16:00:00+00:00,8.71,8.91,8.69,8.86,236103.04
2026-02-13 17:00:00+00:00,8.85,8.89,8.79,8.82,140380.83
2026-02-13 18:00:00+00:00,8.83,8.84,8.77,8.79,96929.28
2026-02-13 19:00:00+00:00,8.8,8.84,8.77,8.8,69334.66
2026-02-13 20:00:00+00:00,8.81,8.81,8.76,8.8,58777.33
2026-02-13 21:00:00+00:00,8.8,8.85,8.79,8.83,56311.09
2026-02-13 22:00:00+00:00,8.84,8.87,8.8,8.81,76158.59
2026-02-13 23:00:00+00:00,8.82,8.82,8.76,8.77,50803.98
2026-02-14 00:00:00+00:00,8.76,8.85,8.75,8.82,74703.79
2026-02-14 01:00:00+00:00,8.83,8.91,8.8,8.87,441515.06
2026-02-14 02:00:00+00:00,8.87,8.88,8.79,8.83,351479.36
2026-02-14 03:00:00+00:00,8.83,8.86,8.81,8.84,53718.59
2026-02-14 04:00:00+00:00,8.85,8.87,8.82,8.84,37768.48
2026-02-14 05:00:00+00:00,8.84,8.88,8.82,8.82,51427.66
2026-02-14 06:00:00+00:00,8.82,8.83,8.8,8.83,35191.57
2026-02-14 07:00:00+00:00,8.83,8.9,8.81,8.89,43505.9
2026-02-14 08:00:00+00:00,8.89,8.98,8.88,8.97,203211.32
2026-02-14 09:00:00+00:00,8.97,9.01,8.95,8.97,120298.98
2026-02-14 10:00:00+00:00,8.98,8.98,8.92,8.93,36605.26
2026-02-14 11:00:00+00:00,8.93,9.05,8.93,9.04,172649.71
2026-02-14 12:00:00+00:00,9.05,9.05,8.92,8.93,90619.91
2026-02-14 13:00:00+00:00,8.94,8.97,8.9,8.95,89464.06
2026-02-14 14:00:00+00:00,8.95,9.04,8.94,9.03,77619.02
2026-02-14 15:00:00+00:00,9.03,9.05,8.99,9.03,72238.2
2026-02-14 16:00:00+00:00,9.04,9.08,8.97,9.07,160564.32
2026-02-14 17:00:00+00:00,9.07,9.14,9.03,9.05,129719.46
2026-02-14 18:00:00+00:00,9.04,9.13,9.03,9.13,53285.14
2026-02-14 19:00:00+00:00,9.12,9.19,9.09,9.17,119945.51
2026-02-14 20:00:00+00:00,9.17,9.2,9.08,9.14,133501.47
2026-02-14 21:00:00+00:00,9.14,9.21,9.09,9.14,107621.62
2026-02-14 22:00:00+00:00,9.15,9.19,9.12,9.12,67650.72
2026-02-14 23:00:00+00:00,9.12,9.14,9.07,9.09,107402.77
2026-02-15 00:00:00+00:00,9.1,9.11,9.02,9.06,64704.66
2026-02-15 01:00:00+00:00,9.06,9.12,9.0,9.07,92674.9
2026-02-15 02:00:00+00:00,9.07,9.11,8.99,9.05,98470.33
2026-02-15 03:00:00+00:00,9.05,9.09,8.93,9.07,144469.25
2026-02-15 04:00:00+00:00,9.06,9.18,9.06,9.1,176733.73
2026-02-15 05:00:00+00:00,9.09,9.21,9.08,9.2,225803.4
2026-02-15 06:00:00+00:00,9.19,9.21,9.12,9.14,67640.32
2026-02-15 07:00:00+00:00,9.15,9.25,9.13,9.2,102316.42
2026-02-15 08:00:00+00:00,9.21,9.25,9.05,9.12,176706.58
2026-02-15 09:00:00+00:00,9.12,9.2,9.09,9.12,64346.41
2026-02-15 10:00:00+00:00,9.12,9.13,9.03,9.08,52108.14
2026-02-15 11:00:00+00:00,9.08,9.11,9.04,9.05,57344.28
2026-02-15 12:00:00+00:00,9.05,9.07,8.83,8.84,306209.52
2026-02-15 13:00:00+00:00,8.83,8.93,8.77,8.79,225845.79
2026-02-15 14:00:00+00:00,8.79,8.89,8.79,8.88,64381.37
2026-02-15 15:00:00+00:00,8.88,8.9,8.83,8.87,64993.42
2026-02-15 16:00:00+00:00,8.86,8.88,8.78,8.87,126275.67
2026-02-15 17:00:00+00:00,8.87,8.89,8.66,8.76,186906.66
2026-02-15 18:00:00+00:00,8.75,8.77,8.66,8.69,154438.44
2026-02-15 19:00:00+00:00,8.69,8.71,8.6,8.65,150571.52
2026-02-15 20:00:00+00:00,8.64,8.7,8.61,8.66,82087.09
2026-02-15 21:00:00+00:00,8.67,8.74,8.67,8.72,76731.94
2026-02-15 22:00:00+00:00,8.72,8.79,8.69,8.78,77407.24
2026-02-15 23:00:00+00:00,8.78,8.8,8.68,8.79,233657.42
2026-02-16 00:00:00+00:00,8.79,8.86,8.76,8.79,150633.73
2026-02-16 01:00:00+00:00,8.79,8.83,8.71,8.76,56403.72
2026-02-16 02:00:00+00:00,8.75,8.79,8.7,8.72,50634.24
2026-02-16 03:00:00+00:00,8.72,8.76,8.7,8.76,89494.86
2026-02-16 04:00:00+00:00,8.76,8.82,8.75,8.8,102729.39
2026-02-16 05:00:00+00:00,8.8,8.82,8.66,8.7,80652.12
2026-02-16 06:00:00+00:00,8.69,8.78,8.68,8.77,50574.4
2026-02-16 07:00:00+00:00,8.76,8.8,8.74,8.76,42737.63
2026-02-16 08:00:00+00:00,8.77,8.83,8.76,8.82,39370.75
2026-02-16 09:00:00+00:00,8.82,8.89,8.81,8.88,47143.5
2026-02-16 10:00:00+00:00,8.88,8.89,8.81,8.83,36580.9
2026-02-16 11:00:00+00:00,8.83,8.85,8.69,8.79,61256.14
2026-02-16 12:00:00+00:00,8.79,8.93,8.75,8.92,85327.81
2026-02-16 13:00:00+00:00,8.92,8.99,8.73,8.77,160761.62
2026-02-16 14:00:00+00:00,8.76,8.89,8.73,8.83,107074.71
2026-02-16 15:00:00+00:00,8.84,8.9,8.65,8.71,228691.52
2026-02-16 16:00:00+00:00,8.71,8.81,8.71,8.78,92332.5
2026-02-16 17:00:00+00:00,8.77,8.83,8.73,8.8,48713.89
2026-02-16 18:00:00+00:00,8.79,8.83,8.75,8.76,54185.27
2026-02-16 19:00:00+00:00,8.76,8.82,8.74,8.79,25578.12
2026-02-16 20:00:00+00:00,8.78,8.88,8.76,8.87,60732.66
2026-02-16 21:00:00+00:00,8.87,8.96,8.84,8.95,85158.41
2026-02-16 22:00:00+00:00,8.95,8.97,8.88,8.9,65521.75
2026-02-16 23:00:00+00:00,8.89,8.95,8.88,8.94,75197.36
2026-02-17 00:00:00+00:00,8.93,8.97,8.91,8.93,99742.3
2026-02-17 01:00:00+00:00,8.93,8.97,8.88,8.9,54182.4
2026-02-17 02:00:00+00:00,8.89,9.0,8.86,8.96,63338.75
2026-02-17 03:00:00+00:00,8.97,8.97,8.91,8.93,39071.65
2026-02-17 04:00:00+00:00,8.93,8.96,8.89,8.91,31682.61
2026-02-17 05:00:00+00:00,8.92,8.92,8.79,8.86,90787.72
2026-02-17 06:00:00+00:00,8.86,8.91,8.86,8.89,31784.46
2026-02-17 07:00:00+00:00,8.89,8.9,8.83,8.87,43470.06
2026-02-17 08:00:00+00:00,8.86,8.9,8.81,8.83,47209.39
2026-02-17 09:00:00+00:00,8.83,8.85,8.78,8.82,42603.54
2026-02-17 10:00:00+00:00,8.82,8.83,8.73,8.76,39074.78
2026-02-17 11:00:00+00:00,8.76,8.78,8.73,8.77,48764.11
2026-02-17 12:00:00+00:00,8.77,8.81,8.75,8.76,60124.94
2026-02-17 13:00:00+00:00,8.77,8.88,8.75,8.86,93895.04
2026-02-17 14:00:00+00:00,8.86,8.91,8.69,8.7,209852.7
2026-02-17 15:00:00+00:00,8.71,8.78,8.66,8.78,155761.11
2026-02-17 16:00:00+00:00,8.78,8.95,8.77,8.82,172598.85
2026-02-17 17:00:00+00:00,8.81,8.84,8.69,8.73,126523.72
2026-02-17 18:00:00+00:00,8.73,8.93,8.72,8.89,127340.73
2026-02-17 19:00:00+00:00,8.9,8.95,8.86,8.89,64972.6
2026-02-17 20:00:00+00:00,8.89,8.9,8.82,8.86,53193.85
2026-02-17 21:00:00+00:00,8.86,8.9,8.84,8.88,30124.81
2026-02-17 22:00:00+00:00,8.88,8.9,8.84,8.86,44915.46
2026-02-17 23:00:00+00:00,8.85,8.86,8.82,8.82,51030.28
2026-02-18 00:00:00+00:00,8.83,8.85,8.79,8.79,57325.15
2026-02-18 01:00:00+00:00,8.8,8.81,8.74,8.8,48024.83
2026-02-18 02:00:00+00:00,8.79,8.88,8.79,8.86,52801.28
2026-02-18 03:00:00+00:00,8.85,8.91,8.84,8.88,51336.13
2026-02-18 04:00:00+00:00,8.89,8.89,8.83,8.85,49137.42
2026-02-18 05:00:00+00:00,8.84,8.88,8.83,8.85,28586.17
2026-02-18 06:00:00+00:00,8.85,8.9,8.85,8.86,15561.24
2026-02-18 07:00:00+00:00,8.86,8.94,8.84,8.92,33857.78
2026-02-18 08:00:00+00:00,8.92,9.0,8.89,8.9,72017.1
2026-02-18 09:00:00+00:00,8.91,8.91,8.88,8.89,67021.13
2026-02-18 10:00:00+00:00,8.89,8.94,8.83,8.85,71129.61
2026-02-18 11:00:00+00:00,8.85,8.85,8.76,8.77,74454.18
2026-02-18 12:00:00+00:00,8.76,8.8,8.72,8.77,78770.59
2026-02-18 13:00:00+00:00,8.78,8.8,8.67,8.7,142833.25
2026-02-18 14:00:00+00:00,8.71,8.76,8.66,8.74,115949.95
2026-02-18 15:00:00+00:00,8.74,8.9,8.73,8.81,132033.82
2026-02-18 16:00:00+00:00,8.81,8.81,8.68,8.72,192763.97
2026-02-18 17:00:00+00:00,8.71,8.8,8.7,8.7,53793.98
2026-02-18 18:00:00+00:00,8.71,8.72,8.6,8.63,101182.87
2026-02-18 19:00:00+00:00,8.62,8.67,8.52,8.57,111632.37
2026-02-18 20:00:00+00:00,8.57,8.62,8.54,8.56,68392.1
2026-02-18 21:00:00+00:00,8.57,8.61,8.54,8.57,65876.24
2026-02-18 22:00:00+00:00,8.57,8.6,8.52,8.57,54010.13
2026-02-18 23:00:00+00:00,8.58,8.61,8.56,8.6,62207.79
2026-02-19 00:00:00+00:00,8.6,8.63,8.57,8.61,48725.99
2026-02-19 01:00:00+00:00,8.61,8.68,8.61,8.68,74949.57
2026-02-19 02:00:00+00:00,8.68,8.69,8.63,8.65,46749.91
2026-02-19 03:00:00+00:00,8.66,8.68,8.62,8.67,22415.14
2026-02-19 04:00:00+00:00,8.67,8.72,8.67,8.68,29290.68
2026-02-19 05:00:00+00:00,8.67,8.7,8.62,8.66,28490.15
2026-02-19 06:00:00+00:00,8.66,8.76,8.65,8.72,37126.83
2026-02-19 07:00:00+00:00,8.72,8.74,8.69,8.7,36402.18
2026-02-19 08:00:00+00:00,8.7,8.7,8.61,8.63,66497.9
2026-02-19 09:00:00+00:00,8.64,8.69,8.6,8.6,61226.28
2026-02-19 10:00:00+00:00,8.6,8.62,8.56,8.59,69973.77
2026-02-19 11:00:00+00:00,8.58,8.62,8.56,8.57,43436.31
2026-02-19 12:00:00+00:00,8.57,8.61,8.55,8.56,54369.62
2026-02-19 13:00:00+00:00,8.56,8.56,8.37,8.41,283473.77
2026-02-19 14:00:00+00:00,8.4,8.53,8.39,8.48,194958.84
2026-02-19 15:00:00+00:00,8.48,8.53,8.38,8.44,126209.75
2026-02-19 16:00:00+00:00,8.44,8.48,8.35,8.44,71576.01
2026-02-19 17:00:00+00:00,8.43,8.55,8.4,8.42,107269.3
2026-02-19 18:00:00+00:00,8.43,8.54,8.41,8.53,66971.47
2026-02-19 19:00:00+00:00,8.53,8.54,8.46,8.51,48633.7
2026-02-19 20:00:00+00:00,8.51,8.55,8.47,8.52,63643.28
2026-02-19 21:00:00+00:00,8.53,8.56,8.51,8.52,28344.24
2026-02-19 22:00:00+00:00,8.52,8.54,8.48,8.53,41407.94
2026-02-19 23:00:00+00:00,8.53,8.58,8.52,8.58,58593.17
2026-02-20 00:00:00+00:00,8.58,8.66,8.57,8.62,84362.76
2026-02-20 01:00:00+00:00,8.62,8.65,8.59,8.62,43261.76
2026-02-20 02:00:00+00:00,8.61,8.64,8.59,8.59,42245.4
2026-02-20 03:00:00+00:00,8.59,8.65,8.58,8.61,36886.86
2026-02-20 04:00:00+00:00,8.6,8.61,8.52,8.57,51102.41
2026-02-20 05:00:00+00:00,8.57,8.68,8.55,8.64,66109.74
2026-02-20 06:00:00+00:00,8.64,8.65,8.59,8.64,30499.82
2026-02-20 07:00:00+00:00,8.64,8.68,8.63,8.66,28691.29
2026-02-20 08:00:00+00:00,8.65,8.7,8.65,8.68,81100.28
2026-02-20 09:00:00+00:00,8.68,8.73,8.67,8.69,74212.35
2026-02-20 10:00:00+00:00,8.7,8.73,8.66,8.68,59306.33
2026-02-20 11:00:00+00:00,8.67,8.68,8.6,8.63,75561.93
2026-02-20 12:00:00+00:00,8.62,8.65,8.6,8.63,73841.66
2026-02-20 13:00:00+00:00,8.62,8.63,8.45,8.51,215019.08
2026-02-20 14:00:00+00:00,8.51,8.66,8.5,8.61,311666.13
2026-02-20 15:00:00+00:00,8.61,8.84,8.6,8.83,559426.07
2026-02-20 16:00:00+00:00,8.83,8.97,8.81,8.92,396547.26
2026-02-20 17:00:00+00:00,8.92,8.92,8.69,8.85,306511.24
2026-02-20 18:00:00+00:00,8.85,8.93,8.81,8.9,166591.13
2026-02-20 19:00:00+00:00,8.89,8.92,8.86,8.91,70579.11
2026-02-20 20:00:00+00:00,8.91,8.96,8.88,8.91,71441.59
2026-02-20 21:00:00+00:00,8.9,8.99,8.89,8.98,79422.68
2026-02-20 22:00:00+00:00,8.97,9.02,8.94,8.97,136384.38
2026-02-20 23:00:00+00:00,8.97,8.99,8.93,8.95,63672.77
2026-02-21 00:00:00+00:00,8.95,8.96,8.89,8.91,50245.06
2026-02-21 01:00:00+00:00,8.91,8.96,8.9,8.95,28663.83
2026-02-21 02:00:00+00:00,8.96,8.99,8.93,8.93,36581.63
2026-02-21 03:00:00+00:00,8.93,8.94,8.85,8.89,292643.6
2026-02-21 04:00:00+00:00,8.89,8.89,8.85,8.89,40877.64
2026-02-21 05:00:00+00:00,8.88,8.92,8.88,8.88,36338.76
2026-02-21 06:00:00+00:00,8.89,8.92,8.86,8.87,35865.89
2026-02-21 07:00:00+00:00,8.87,8.89,8.86,8.87,26723.49
2026-02-21 08:00:00+00:00,8.86,8.92,8.86,8.9,151643.22
2026-02-21 09:00:00+00:00,8.9,8.97,8.89,8.92,205223.42
2026-02-21 10:00:00+00:00,8.92,8.94,8.91,8.92,40215.5
2026-02-21 11:00:00+00:00,8.92,8.98,8.91,8.95,88946.07
2026-02-21 12:00:00+00:00,8.95,8.96,8.89,8.93,56228.9
2026-02-21 13:00:00+00:00,8.93,8.99,8.9,8.98,53891.62
2026-02-21 14:00:00+00:00,8.98,9.05,8.95,8.96,189872.37
2026-02-21 15:00:00+00:00,8.97,8.98,8.92,8.94,60031.31
2026-02-21 16:00:00+00:00,8.94,8.95,8.85,8.89,188212.37
2026-02-21 17:00:00+00:00,8.9,8.97,8.89,8.95,55622.51
2026-02-21 18:00:00+00:00,8.95,9.0,8.95,8.98,47444.03
2026-02-21 19:00:00+00:00,8.98,8.98,8.92,8.94,30188.96
2026-02-21 20:00:00+00:00,8.93,8.96,8.87,8.88,62357.58
2026-02-21 21:00:00+00:00,8.88,8.92,8.86,8.91,37728.35
2026-02-21 22:00:00+00:00,8.92,8.93,8.87,8.88,40032.21
2026-02-21 23:00:00+00:00,8.88,8.9,8.87,8.87,48986.76
2026-02-22 00:00:00+00:00,8.87,8.88,8.81,8.85,112200.1
2026-02-22 01:00:00+00:00,8.85,8.9,8.84,8.89,34150.46
2026-02-22 02:00:00+00:00,8.88,8.9,8.82,8.83,40843.67
2026-02-22 03:00:00+00:00,8.84,8.86,8.79,8.85,57592.52
2026-02-22 04:00:00+00:00,8.84,8.87,8.83,8.84,30589.35
2026-02-22 05:00:00+00:00,8.85,8.85,8.81,8.84,23041.99
2026-02-22 06:00:00+00:00,8.84,8.87,8.8,8.86,58065.83
2026-02-22 07:00:00+00:00,8.86,8.88,8.84,8.85,46880.06
2026-02-22 08:00:00+00:00,8.86,8.87,8.8,8.8,24729.58
2026-02-22 09:00:00+00:00,8.81,8.82,8.79,8.81,32819.6
2026-02-22 10:00:00+00:00,8.81,8.85,8.8,8.83,45053.48
2026-02-22 11:00:00+00:00,8.82,8.85,8.81,8.84,36283.49
2026-02-22 12:00:00+00:00,8.84,8.84,8.73,8.76,146825.36
2026-02-22 13:00:00+00:00,8.76,8.77,8.7,8.73,89260.06
2026-02-22 14:00:00+00:00,8.73,8.76,8.69,8.72,57191.96
2026-02-22 15:00:00+00:00,8.72,8.78,8.68,8.72,126579.69
2026-02-22 16:00:00+00:00,8.72,8.72,8.67,8.7,45639.07
2026-02-22 17:00:00+00:00,8.7,8.7,8.61,8.64,61847.88
2026-02-22 18:00:00+00:00,8.64,8.65,8.61,8.63,32383.13
2026-02-22 19:00:00+00:00,8.63,8.65,8.6,8.65,38941.13
2026-02-22 20:00:00+00:00,8.64,8.65,8.6,8.61,34197.47
2026-02-22 21:00:00+00:00,8.62,8.67,8.61,8.67,29363.24
2026-02-22 22:00:00+00:00,8.67,8.71,8.65,8.7,34098.6
2026-02-22 23:00:00+00:00,8.7,8.71,8.64,8.69,71721.61
2026-02-23 00:00:00+00:00,8.69,8.7,8.55,8.56,122589.89
2026-02-23 01:00:00+00:00,8.55,8.56,8.17,8.21,1379354.81
2026-02-23 02:00:00+00:00,8.2,8.27,8.18,8.23,291898.38
2026-02-23 03:00:00+00:00,8.23,8.29,8.19,8.25,158214.25
2026-02-23 04:00:00+00:00,8.25,8.26,8.18,8.22,84584.13
2026-02-23 05:00:00+00:00,8.22,8.28,8.2,8.23,76867.33
2026-02-23 06:00:00+00:00,8.24,8.36,8.23,8.35,103911.41
2026-02-23 07:00:00+00:00,8.35,8.38,8.32,8.35,102498.28
2026-02-23 08:00:00+00:00,8.35,8.36,8.31,8.34,58620.81
2026-02-23 09:00:00+00:00,8.34,8.53,8.34,8.52,143180.78
2026-02-23 10:00:00+00:00,8.52,8.56,8.49,8.5,96362.43
2026-02-23 11:00:00+00:00,8.51,8.52,8.45,8.47,82861.41
2026-02-23 12:00:00+00:00,8.47,8.58,8.44,8.53,105445.48
2026-02-23 13:00:00+00:00,8.54,8.55,8.49,8.49,112672.87
2026-02-23 14:00:00+00:00,8.5,8.52,8.41,8.46,156355.09
2026-02-23 15:00:00+00:00,8.46,8.49,8.4,8.41,129530.09
2026-02-23 16:00:00+00:00,8.42,8.46,8.35,8.36,227152.84
2026-02-23 17:00:00+00:00,8.37,8.4,8.18,8.3,339083.8
2026-02-23 18:00:00+00:00,8.29,8.36,8.25,8.27,103916.52
2026-02-23 19:00:00+00:00,8.27,8.28,8.2,8.23,96524.29
2026-02-23 20:00:00+00:00,8.23,8.32,8.2,8.29,102791.05
2026-02-23 21:00:00+00:00,8.28,8.34,8.28,8.3,55229.6
2026-02-23 22:00:00+00:00,8.3,8.35,8.3,8.3,111386.09
2026-02-23 23:00:00+00:00,8.3,8.34,8.25,8.26,66571.22
2026-02-24 00:00:00+00:00,8.27,8.34,8.27,8.33,126001.8
2026-02-24 01:00:00+00:00,8.33,8.33,8.11,8.24,259164.53
2026-02-24 02:00:00+00:00,8.23,8.32,8.22,8.27,124922.85
2026-02-24 03:00:00+00:00,8.27,8.27,8.17,8.21,166649.91
2026-02-24 04:00:00+00:00,8.21,8.24,8.14,8.18,180686.3
2026-02-24 05:00:00+00:00,8.17,8.22,8.12,8.18,132734.6
2026-02-24 06:00:00+00:00,8.18,8.2,8.13,8.15,67569.42
2026-02-24 07:00:00+00:00,8.15,8.18,8.12,8.16,95402.12
2026-02-24 08:00:00+00:00,8.16,8.2,8.12,8.17,104046.95
2026-02-24 09:00:00+00:00,8.18,8.19,8.1,8.17,56563.59
2026-02-24 10:00:00+00:00,8.17,8.21,8.16,8.19,61566.5
2026-02-24 11:00:00+00:00,8.19,8.19,8.15,8.18,36575.06
2026-02-24 12:00:00+00:00,8.17,8.2,8.14,8.14,70012.16
2026-02-24 13:00:00+00:00,8.14,8.16,8.06,8.1,152475.99
2026-02-24 14:00:00+00:00,8.09,8.23,8.05,8.17,114349.67
2026-02-24 15:00:00+00:00,8.18,8.23,8.15,8.22,106734.68
2026-02-24 16:00:00+00:00,8.22,8.28,8.18,8.24,166877.81
2026-02-24 17:00:00+00:00,8.25,8.27,8.22,8.23,98111.89
2026-02-24 18:00:00+00:00,8.23,8.27,8.18,8.25,54335.17
2026-02-24 19:00:00+00:00,8.25,8.26,8.2,8.23,42370.88
2026-02-24 20:00:00+00:00,8.24,8.26,8.21,8.23,23591.54
2026-02-24 21:00:00+00:00,8.23,8.24,8.16,8.2,81957.76
2026-02-24 22:00:00+00:00,8.2,8.25,8.19,8.22,79596.78
2026-02-24 23:00:00+00:00,8.22,8.25,8.17,8.19,187719.47
2026-02-25 00:00:00+00:00,8.2,8.25,8.18,8.23,42730.37
2026-02-25 01:00:00+00:00,8.23,8.61,8.23,8.56,465455.31
2026-02-25 02:00:00+00:00,8.56,8.63,8.55,8.59,214297.05
2026-02-25 03:00:00+00:00,8.6,8.63,8.49,8.5,165321.68
2026-02-25 04:00:00+00:00,8.5,8.56,8.45,8.48,150800.35
2026-02-25 05:00:00+00:00,8.49,8.51,8.35,8.41,157718.05
2026-02-25 06:00:00+00:00,8.4,8.45,8.39,8.4,37091.56
2026-02-25 07:00:00+00:00,8.41,8.49,8.4,8.47,63746.01
2026-02-25 08:00:00+00:00,8.48,8.54,8.43,8.52,152584.27
2026-02-25 09:00:00+00:00,8.53,8.59,8.51,8.58,87501.87
2026-02-25 10:00:00+00:00,8.58,8.63,8.57,8.59,110423.92
2026-02-25 11:00:00+00:00,8.6,8.67,8.56,8.66,120896.26
2026-02-25 12:00:00+00:00,8.66,8.83,8.64,8.81,328473.99
2026-02-25 13:00:00+00:00,8.82,8.98,8.81,8.89,455027.41
2026-02-25 14:00:00+00:00,8.89,9.13,8.88,9.12,460166.81
2026-02-25 15:00:00+00:00,9.12,9.33,9.1,9.27,645338.34
2026-02-25 16:00:00+00:00,9.28,9.46,9.28,9.45,552878.48
2026-02-25 17:00:00+00:00,9.45,9.51,9.42,9.48,306400.64
2026-02-25 18:00:00+00:00,9.47,9.51,9.38,9.43,192570.79
2026-02-25 19:00:00+00:00,9.44,9.5,9.34,9.47,207517.85
2026-02-25 20:00:00+00:00,9.47,9.5,9.39,9.42,129523.98
2026-02-25 21:00:00+00:00,9.42,9.59,9.37,9.48,264322.25
2026-02-25 22:00:00+00:00,9.48,9.55,9.38,9.42,147904.19
2026-02-25 23:00:00+00:00,9.42,9.44,9.18,9.27,223974.68
2026-02-26 00:00:00+00:00,9.27,9.34,9.19,9.24,179051.06
2026-02-26 01:00:00+00:00,9.24,9.28,9.17,9.2,116211.4
2026-02-26 02:00:00+00:00,9.21,9.26,9.15,9.24,140664.57
2026-02-26 03:00:00+00:00,9.25,9.26,9.2,9.22,63305.58
2026-02-26 04:00:00+00:00,9.22,9.34,9.21,9.3,152732.45
2026-02-26 05:00:00+00:00,9.3,9.32,9.21,9.3,132385.63
2026-02-26 06:00:00+00:00,9.3,9.34,9.25,9.27,135650.63
2026-02-26 07:00:00+00:00,9.28,9.28,9.19,9.2,115138.37
2026-02-26 08:00:00+00:00,9.21,9.26,9.17,9.19,153246.36
2026-02-26 09:00:00+00:00,9.18,9.32,9.18,9.3,176865.53
2026-02-26 10:00:00+00:00,9.3,9.33,9.22,9.24,98669.19
2026-02-26 11:00:00+00:00,9.23,9.25,9.19,9.22,53803.1
2026-02-26 12:00:00+00:00,9.21,9.31,9.2,9.3,107616.51
2026-02-26 13:00:00+00:00,9.3,9.3,9.21,9.24,97646.11
2026-02-26 14:00:00+00:00,9.24,9.28,9.09,9.16,236876.45
2026-02-26 15:00:00+00:00,9.16,9.17,9.02,9.12,332880.65
2026-02-26 16:00:00+00:00,9.12,9.14,8.86,8.89,413117.46
2026-02-26 17:00:00+00:00,8.88,8.97,8.86,8.88,145490.69
2026-02-26 18:00:00+00:00,8.89,9.0,8.86,8.98,105885.21
2026-02-26 19:00:00+00:00,8.99,9.12,8.98,9.1,195927.2
2026-02-26 20:00:00+00:00,9.1,9.15,9.04,9.07,71857.0
2026-02-26 21:00:00+00:00,9.07,9.1,9.04,9.08,32604.24
2026-02-26 22:00:00+00:00,9.09,9.15,9.08,9.13,35499.98
2026-02-26 23:00:00+00:00,9.13,9.13,9.09,9.09,75561.65
2026-02-27 00:00:00+00:00,9.1,9.11,9.0,9.04,48405.09
2026-02-27 01:00:00+00:00,9.05,9.08,9.01,9.08,77596.55
2026-02-27 02:00:00+00:00,9.07,9.14,9.06,9.11,65832.15
2026-02-27 03:00:00+00:00,9.12,9.2,9.09,9.19,81595.19
2026-02-27 04:00:00+00:00,9.19,9.3,9.17,9.18,108434.32
2026-02-27 05:00:00+00:00,9.18,9.23,9.17,9.18,61152.92
2026-02-27 06:00:00+00:00,9.19,9.21,9.13,9.19,64401.0
2026-02-27 07:00:00+00:00,9.19,9.2,9.12,9.17,51844.55
2026-02-27 08:00:00+00:00,9.17,9.24,9.14,9.18,62783.37
2026-02-27 09:00:00+00:00,9.18,9.2,9.07,9.09,85118.83
2026-02-27 10:00:00+00:00,9.08,9.1,8.92,8.93,170868.16
2026-02-27 11:00:00+00:00,8.93,8.96,8.81,8.85,137095.06
2026-02-27 12:00:00+00:00,8.84,8.87,8.77,8.82,152857.82
2026-02-27 13:00:00+00:00,8.82,8.87,8.73,8.84,178702.14
2026-02-27 14:00:00+00:00,8.84,8.85,8.76,8.76,101455.58
2026-02-27 15:00:00+00:00,8.77,8.84,8.75,8.82,87435.6
2026-02-27 16:00:00+00:00,8.81,8.82,8.71,8.72,70197.76
2026-02-27 17:00:00+00:00,8.73,8.76,8.66,8.75,127129.16
2026-02-27 18:00:00+00:00,8.75,8.76,8.66,8.68,95431.09
2026-02-27 19:00:00+00:00,8.68,8.7,8.64,8.68,54020.58
2026-02-27 20:00:00+00:00,8.68,8.71,8.67,8.7,56950.78
2026-02-27 21:00:00+00:00,8.7,8.74,8.64,8.68,46717.05
2026-02-27 22:00:00+00:00,8.67,8.69,8.55,8.67,123745.94
2026-02-27 23:00:00+00:00,8.68,8.72,8.66,8.71,76962.12
2026-02-28 00:00:00+00:00,8.71,8.75,8.67,8.74,79127.26
2026-02-28 01:00:00+00:00,8.74,8.76,8.69,8.69,56768.67
2026-02-28 02:00:00+00:00,8.69,8.74,8.69,8.73,28604.09
2026-02-28 03:00:00+00:00,8.74,8.75,8.66,8.68,34844.06
2026-02-28 04:00:00+00:00,8.69,8.7,8.63,8.67,36500.72
2026-02-28 05:00:00+00:00,8.68,8.69,8.62,8.65,34465.39
2026-02-28 06:00:00+00:00,8.65,8.65,8.25,8.28,666769.76
2026-02-28 07:00:00+00:00,8.29,8.44,8.22,8.34,333981.42
2026-02-28 08:00:00+00:00,8.35,8.35,8.25,8.27,172449.59
2026-02-28 09:00:00+00:00,8.27,8.31,8.22,8.27,173229.93
2026-02-28 10:00:00+00:00,8.26,8.33,8.21,8.32,253170.33
2026-02-28 11:00:00+00:00,8.32,8.35,8.26,8.27,139400.47
2026-02-28 12:00:00+00:00,8.28,8.33,8.27,8.32,169975.61
2026-02-28 13:00:00+00:00,8.32,8.5,8.29,8.49,300433.45
2026-02-28 14:00:00+00:00,8.5,8.54,8.38,8.4,310492.2
2026-02-28 15:00:00+00:00,8.4,8.47,8.35,8.44,175456.53
2026-02-28 16:00:00+00:00,8.43,8.51,8.4,8.5,121217.62
2026-02-28 17:00:00+00:00,8.49,8.51,8.4,8.5,143840.52
2026-02-28 18:00:00+00:00,8.49,8.66,8.46,8.62,151841.33
2026-02-28 19:00:00+00:00,8.62,8.74,8.56,8.69,203970.78
2026-02-28 20:00:00+00:00,8.69,8.86,8.66,8.84,284143.78
2026-02-28 21:00:00+00:00,8.84,8.85,8.74,8.8,265113.8
2026-02-28 22:00:00+00:00,8.8,8.95,8.79,8.86,315824.78
2026-02-28 23:00:00+00:00,8.86,8.87,8.81,8.85,121253.36
2026-03-01 00:00:00+00:00,8.85,8.88,8.8,8.82,117204.04
2026-03-01 01:00:00+00:00,8.82,9.06,8.74,9.0,333493.19
2026-03-01 02:00:00+00:00,9.0,9.21,9.0,9.11,348514.08
2026-03-01 03:00:00+00:00,9.1,9.14,9.03,9.06,119275.52
2026-03-01 04:00:00+00:00,9.05,9.09,8.96,9.06,139386.18
2026-03-01 05:00:00+00:00,9.06,9.1,9.04,9.04,67573.54
2026-03-01 06:00:00+00:00,9.05,9.06,8.92,8.96,183403.75
2026-03-01 07:00:00+00:00,8.96,9.01,8.94,8.97,52015.82
2026-03-01 08:00:00+00:00,8.98,9.0,8.86,8.88,114534.16
2026-03-01 09:00:00+00:00,8.88,8.97,8.85,8.89,74436.97
2026-03-01 10:00:00+00:00,8.89,8.93,8.84,8.88,122619.8
2026-03-01 11:00:00+00:00,8.88,8.91,8.86,8.88,50660.88
2026-03-01 12:00:00+00:00,8.87,8.91,8.82,8.83,58022.08
2026-03-01 13:00:00+00:00,8.83,9.01,8.78,8.96,220325.13
2026-03-01 14:00:00+00:00,8.97,9.06,8.92,8.95,175199.61
2026-03-01 15:00:00+00:00,8.94,9.0,8.91,8.91,108363.47
2026-03-01 16:00:00+00:00,8.92,8.98,8.75,8.83,236110.69
2026-03-01 17:00:00+00:00,8.82,8.84,8.71,8.78,165003.27
2026-03-01 18:00:00+00:00,8.78,8.92,8.78,8.81,172358.92
2026-03-01 19:00:00+00:00,8.81,8.81,8.68,8.7,150647.02
2026-03-01 20:00:00+00:00,8.69,8.7,8.54,8.56,194451.64
2026-03-01 21:00:00+00:00,8.56,8.64,8.55,8.62,80449.38
2026-03-01 22:00:00+00:00,8.63,8.79,8.59,8.6,171548.27
2026-03-01 23:00:00+00:00,8.6,8.73,8.58,8.67,101850.83
2026-03-02 00:00:00+00:00,8.67,8.81,8.66,8.77,91911.94
2026-03-02 01:00:00+00:00,8.77,8.89,8.76,8.78,74172.33
2026-03-02 02:00:00+00:00,8.78,8.81,8.68,8.76,86987.5
2026-03-02 03:00:00+00:00,8.76,8.86,8.73,8.83,114928.34
2026-03-02 04:00:00+00:00,8.83,8.84,8.78,8.81,103199.53
2026-03-02 05:00:00+00:00,8.81,8.86,8.75,8.8,97735.5
2026-03-02 06:00:00+00:00,8.8,8.8,8.66,8.69,82474.34
2026-03-02 07:00:00+00:00,8.69,8.7,8.61,8.67,85860.14
2026-03-02 08:00:00+00:00,8.68,8.72,8.59,8.69,141408.21
2026-03-02 09:00:00+00:00,8.69,8.78,8.68,8.68,85555.37
2026-03-02 10:00:00+00:00,8.67,8.71,8.66,8.69,101960.31
2026-03-02 11:00:00+00:00,8.7,8.74,8.65,8.7,97657.86
2026-03-02 12:00:00+00:00,8.69,8.71,8.62,8.67,86461.22
2026-03-02 13:00:00+00:00,8.66,8.7,8.59,8.6,116146.43
2026-03-02 14:00:00+00:00,8.6,8.88,8.59,8.86,274607.46
2026-03-02 15:00:00+00:00,8.86,9.18,8.83,9.11,641062.63
2026-03-02 16:00:00+00:00,9.11,9.27,9.07,9.14,391915.41
2026-03-02 17:00:00+00:00,9.15,9.17,8.97,9.07,190745.37
2026-03-02 18:00:00+00:00,9.06,9.08,8.99,9.02,142898.35
2026-03-02 19:00:00+00:00,9.01,9.06,8.95,9.04,159567.22
2026-03-02 20:00:00+00:00,9.03,9.1,8.97,8.99,104698.71
2026-03-02 21:00:00+00:00,9.0,9.05,8.96,9.03,77284.34
2026-03-02 22:00:00+00:00,9.03,9.12,9.02,9.06,101912.88
2026-03-02 23:00:00+00:00,9.06,9.07,8.92,8.96,164095.07
2026-03-03 00:00:00+00:00,8.95,9.02,8.92,8.97,132049.7
2026-03-03 01:00:00+00:00,8.98,9.01,8.92,8.92,99418.85
2026-03-03 02:00:00+00:00,8.92,8.95,8.84,8.92,133046.09
2026-03-03 03:00:00+00:00,8.92,8.93,8.86,8.88,68299.56
2026-03-03 04:00:00+00:00,8.89,8.9,8.83,8.85,55237.43
2026-03-03 05:00:00+00:00,8.85,8.94,8.77,8.8,111922.36
2026-03-03 06:00:00+00:00,8.81,8.83,8.77,8.81,89153.35
2026-03-03 07:00:00+00:00,8.81,8.84,8.78,8.8,71508.81
2026-03-03 08:00:00+00:00,8.79,8.81,8.63,8.65,143797.46
2026-03-03 09:00:00+00:00,8.65,8.7,8.6,8.64,101288.28
2026-03-03 10:00:00+00:00,8.65,8.68,8.61,8.65,81635.14
2026-03-03 11:00:00+00:00,8.65,8.69,8.61,8.68,73265.12
2026-03-03 12:00:00+00:00,8.68,8.79,8.66,8.7,100607.66
2026-03-03 13:00:00+00:00,8.71,8.71,8.6,8.63,76693.35
2026-03-03 14:00:00+00:00,8.64,8.75,8.56,8.62,192152.14
2026-03-03 15:00:00+00:00,8.63,8.76,8.58,8.75,168817.71
2026-03-03 16:00:00+00:00,8.75,8.93,8.7,8.82,204666.75
2026-03-03 17:00:00+00:00,8.82,8.84,8.72,8.83,83282.95
2026-03-03 18:00:00+00:00,8.83,8.91,8.77,8.84,100804.28
2026-03-03 19:00:00+00:00,8.85,8.85,8.77,8.8,86832.82
2026-03-03 20:00:00+00:00,8.81,8.82,8.74,8.75,53864.79
2026-03-03 21:00:00+00:00,8.76,8.76,8.68,8.73,81182.88
2026-03-03 22:00:00+00:00,8.73,8.83,8.72,8.8,64868.16
2026-03-03 23:00:00+00:00,8.8,8.89,8.8,8.8,70134.59
2026-03-04 00:00:00+00:00,8.81,8.82,8.73,8.8,79641.91
2026-03-04 01:00:00+00:00,8.81,8.9,8.78,8.82,155623.53
2026-03-04 02:00:00+00:00,8.83,8.84,8.77,8.83,122845.04
2026-03-04 03:00:00+00:00,8.83,8.84,8.68,8.76,170106.16
2026-03-04 04:00:00+00:00,8.75,8.77,8.69,8.75,73978.25
2026-03-04 05:00:00+00:00,8.75,8.8,8.69,8.76,123736.55
2026-03-04 06:00:00+00:00,8.76,8.81,8.71,8.8,90950.1
2026-03-04 07:00:00+00:00,8.79,8.93,8.76,8.91,126630.75
2026-03-04 08:00:00+00:00,8.91,9.21,8.89,9.18,334785.83
2026-03-04 09:00:00+00:00,9.19,9.3,9.15,9.22,410580.9
2026-03-04 10:00:00+00:00,9.22,9.26,9.15,9.19,182529.7
2026-03-04 11:00:00+00:00,9.19,9.24,9.09,9.13,140366.9
2026-03-04 12:00:00+00:00,9.13,9.14,9.02,9.11,126436.14
2026-03-04 13:00:00+00:00,9.1,9.18,9.1,9.17,163490.62
2026-03-04 14:00:00+00:00,9.17,9.35,9.15,9.2,344948.03
2026-03-04 15:00:00+00:00,9.21,9.51,9.21,9.5,351928.77
2026-03-04 16:00:00+00:00,9.5,9.58,9.36,9.48,267090.1
2026-03-04 17:00:00+00:00,9.47,9.54,9.39,9.44,137110.84
2026-03-04 18:00:00+00:00,9.45,9.51,9.39,9.48,90629.44
2026-03-04 19:00:00+00:00,9.48,9.64,9.47,9.53,289506.79
2026-03-04 20:00:00+00:00,9.53,9.57,9.48,9.48,132062.63
2026-03-04 21:00:00+00:00,9.48,9.49,9.41,9.45,100173.36
2026-03-04 22:00:00+00:00,9.44,9.51,9.34,9.36,105516.45
2026-03-04 23:00:00+00:00,9.36,9.39,9.3,9.35,113557.21
2026-03-05 00:00:00+00:00,9.35,9.39,9.33,9.34,142174.45
2026-03-05 01:00:00+00:00,9.33,9.4,9.24,9.26,112719.7
2026-03-05 02:00:00+00:00,9.26,9.34,9.23,9.28,187636.73
2026-03-05 03:00:00+00:00,9.28,9.31,9.23,9.27,85154.85
2026-03-05 04:00:00+00:00,9.26,9.36,9.26,9.34,141825.47
2026-03-05 05:00:00+00:00,9.35,9.36,9.24,9.26,120792.86
2026-03-05 06:00:00+00:00,9.26,9.3,9.21,9.29,171690.51
2026-03-05 07:00:00+00:00,9.29,9.31,9.18,9.22,94745.77
2026-03-05 08:00:00+00:00,9.22,9.26,9.19,9.26,79378.07
2026-03-05 09:00:00+00:00,9.26,9.34,9.24,9.31,85875.05
2026-03-05 10:00:00+00:00,9.31,9.47,9.24,9.44,213240.28
2026-03-05 11:00:00+00:00,9.44,9.45,9.37,9.4,127394.08
2026-03-05 12:00:00+00:00,9.4,9.49,9.37,9.48,98289.37
2026-03-05 13:00:00+00:00,9.48,9.49,9.31,9.37,204084.15
2026-03-05 14:00:00+00:00,9.38,9.43,9.31,9.39,301704.3
2026-03-05 15:00:00+00:00,9.39,9.41,9.17,9.24,311419.45
2026-03-05 16:00:00+00:00,9.23,9.24,9.08,9.19,221608.14
2026-03-05 17:00:00+00:00,9.18,9.24,9.07,9.08,158804.25
2026-03-05 18:00:00+00:00,9.08,9.18,9.07,9.17,89833.7
2026-03-05 19:00:00+00:00,9.17,9.28,9.17,9.18,85760.27
2026-03-05 20:00:00+00:00,9.18,9.29,9.17,9.28,108336.44
2026-03-05 21:00:00+00:00,9.28,9.33,9.2,9.22,163349.5
2026-03-05 22:00:00+00:00,9.23,9.26,9.18,9.22,40695.36
2026-03-05 23:00:00+00:00,9.22,9.25,9.18,9.21,64578.21
2026-03-06 00:00:00+00:00,9.2,9.24,9.18,9.2,48678.38
2026-03-06 01:00:00+00:00,9.21,9.3,9.17,9.28,92171.49
2026-03-06 02:00:00+00:00,9.28,9.29,9.24,9.26,61061.46
2026-03-06 03:00:00+00:00,9.26,9.29,9.22,9.26,62192.23
2026-03-06 04:00:00+00:00,9.27,9.27,9.15,9.2,72605.88
2026-03-06 05:00:00+00:00,9.2,9.24,9.17,9.21,77431.33
2026-03-06 06:00:00+00:00,9.21,9.24,9.18,9.2,32139.37
2026-03-06 07:00:00+00:00,9.21,9.3,9.18,9.28,62743.5
2026-03-06 08:00:00+00:00,9.28,9.28,9.19,9.21,59672.88
2026-03-06 09:00:00+00:00,9.22,9.22,9.07,9.12,72150.14
2026-03-06 10:00:00+00:00,9.11,9.19,9.11,9.15,44926.95
2026-03-06 11:00:00+00:00,9.15,9.17,9.06,9.08,72115.45
2026-03-06 12:00:00+00:00,9.08,9.1,9.01,9.07,101851.31
2026-03-06 13:00:00+00:00,9.06,9.14,8.95,8.95,224587.8
2026-03-06 14:00:00+00:00,8.95,8.98,8.76,8.81,269424.17
2026-03-06 15:00:00+00:00,8.81,8.88,8.74,8.79,151719.81
2026-03-06 16:00:00+00:00,8.79,8.81,8.72,8.74,124222.38
2026-03-06 17:00:00+00:00,8.74,8.79,8.67,8.73,113015.59
2026-03-06 18:00:00+00:00,8.72,8.81,8.71,8.78,90446.64
2026-03-06 19:00:00+00:00,8.78,8.83,8.77,8.79,130590.27
2026-03-06 20:00:00+00:00,8.79,8.81,8.73,8.78,93364.46
2026-03-06 21:00:00+00:00,8.78,8.79,8.74,8.79,54450.08
2026-03-06 22:00:00+00:00,8.79,8.83,8.77,8.81,59639.16
2026-03-06 23:00:00+00:00,8.81,8.82,8.78,8.8,49101.21
2026-03-07 00:00:00+00:00,8.8,8.84,8.79,8.81,60837.25
2026-03-07 01:00:00+00:00,8.81,8.82,8.77,8.77,35330.86
2026-03-07 02:00:00+00:00,8.78,8.8,8.75,8.8,23400.88
2026-03-07 03:00:00+00:00,8.8,8.86,8.78,8.79,66243.43
2026-03-07 04:00:00+00:00,8.79,8.82,8.74,8.79,27760.16
2026-03-07 05:00:00+00:00,8.8,8.82,8.78,8.81,22460.72
2026-03-07 06:00:00+00:00,8.8,8.81,8.76,8.76,47331.44
2026-03-07 07:00:00+00:00,8.76,8.81,8.73,8.81,34191.35
2026-03-07 08:00:00+00:00,8.8,8.83,8.75,8.77,173298.23
2026-03-07 09:00:00+00:00,8.76,8.82,8.74,8.81,41255.4
2026-03-07 10:00:00+00:00,8.81,8.82,8.76,8.77,64402.5
2026-03-07 11:00:00+00:00,8.78,8.83,8.75,8.8,34422.92
2026-03-07 12:00:00+00:00,8.79,8.82,8.77,8.79,20289.86
2026-03-07 13:00:00+00:00,8.79,8.82,8.78,8.8,33311.89
2026-03-07 14:00:00+00:00,8.8,8.81,8.73,8.8,53379.55
2026-03-07 15:00:00+00:00,8.79,8.81,8.73,8.76,35607.73
2026-03-07 16:00:00+00:00,8.76,8.77,8.74,8.77,19909.45
2026-03-07 17:00:00+00:00,8.77,8.81,8.76,8.77,28325.04
2026-03-07 18:00:00+00:00,8.77,8.77,8.68,8.71,129131.75
2026-03-07 19:00:00+00:00,8.71,8.72,8.65,8.67,79149.57
2026-03-07 20:00:00+00:00,8.66,8.72,8.66,8.71,31577.92
2026-03-07 21:00:00+00:00,8.7,8.72,8.67,8.7,22697.35
2026-03-07 22:00:00+00:00,8.7,8.71,8.64,8.67,59462.33
2026-03-07 23:00:00+00:00,8.67,8.71,8.67,8.7,39537.59
2026-03-08 00:00:00+00:00,8.7,8.72,8.65,8.66,55957.35
2026-03-08 01:00:00+00:00,8.66,8.72,8.65,8.7,47832.99
2026-03-08 02:00:00+00:00,8.7,8.7,8.58,8.61,140409.96
2026-03-08 03:00:00+00:00,8.61,8.63,8.58,8.6,83440.59
2026-03-08 04:00:00+00:00,8.61,8.63,8.53,8.55,80159.4
2026-03-08 05:00:00+00:00,8.55,8.64,8.55,8.61,80063.67
2026-03-08 06:00:00+00:00,8.61,8.62,8.57,8.6,31350.27
2026-03-08 07:00:00+00:00,8.61,8.67,8.6,8.64,42990.16
2026-03-08 08:00:00+00:00,8.63,8.65,8.58,8.64,63020.05
2026-03-08 09:00:00+00:00,8.63,8.71,8.62,8.69,88903.42
2026-03-08 10:00:00+00:00,8.69,8.78,8.69,8.74,51271.55
2026-03-08 11:00:00+00:00,8.73,8.74,8.63,8.66,57305.66
2026-03-08 12:00:00+00:00,8.66,8.68,8.55,8.66,111382.6
2026-03-08 13:00:00+00:00,8.65,8.67,8.55,8.59,150220.48
2026-03-08 14:00:00+00:00,8.6,8.63,8.55,8.59,56744.66
2026-03-08 15:00:00+00:00,8.59,8.6,8.54,8.56,165664.83
2026-03-08 16:00:00+00:00,8.56,8.58,8.5,8.52,62560.61
2026-03-08 17:00:00+00:00,8.52,8.58,8.52,8.56,65385.72
2026-03-08 18:00:00+00:00,8.57,8.57,8.51,8.54,48382.48
2026-03-08 19:00:00+00:00,8.55,8.67,8.52,8.65,70418.43
2026-03-08 20:00:00+00:00,8.65,8.7,8.61,8.64,86376.35
2026-03-08 21:00:00+00:00,8.64,8.65,8.56,8.6,73850.26
2026-03-08 22:00:00+00:00,8.6,8.6,8.4,8.56,396760.81
2026-03-08 23:00:00+00:00,8.56,8.59,8.5,8.52,120210.66
2026-03-09 00:00:00+00:00,8.51,8.66,8.51,8.57,262534.33
2026-03-09 01:00:00+00:00,8.57,8.62,8.53,8.54,106750.75
2026-03-09 02:00:00+00:00,8.53,8.64,8.51,8.62,98877.18
2026-03-09 03:00:00+00:00,8.61,8.8,8.61,8.68,183917.56
2026-03-09 04:00:00+00:00,8.68,8.77,8.68,8.69,74411.58
2026-03-09 05:00:00+00:00,8.7,8.87,8.68,8.84,169199.95
2026-03-09 06:00:00+00:00,8.84,8.85,8.73,8.73,69581.33
2026-03-09 07:00:00+00:00,8.73,8.75,8.65,8.74,135225.97
2026-03-09 08:00:00+00:00,8.75,8.8,8.72,8.75,89668.68
2026-03-09 09:00:00+00:00,8.75,8.86,8.71,8.78,135964.77
2026-03-09 10:00:00+00:00,8.77,8.8,8.75,8.77,102557.19
2026-03-09 11:00:00+00:00,8.76,8.8,8.71,8.78,50755.1
2026-03-09 12:00:00+00:00,8.78,8.85,8.77,8.82,93685.2
2026-03-09 13:00:00+00:00,8.82,8.96,8.81,8.93,367482.1
2026-03-09 14:00:00+00:00,8.92,8.97,8.83,8.92,293420.76
2026-03-09 15:00:00+00:00,8.93,8.97,8.88,8.93,106708.0
2026-03-09 16:00:00+00:00,8.93,8.98,8.9,8.94,134639.35
2026-03-09 17:00:00+00:00,8.94,8.99,8.88,8.91,94701.93
2026-03-09 18:00:00+00:00,8.91,8.96,8.86,8.9,97370.94
2026-03-09 19:00:00+00:00,8.91,9.1,8.86,9.01,214537.75
2026-03-09 20:00:00+00:00,9.01,9.04,8.94,8.98,113368.36
2026-03-09 21:00:00+00:00,8.97,9.02,8.97,8.99,63051.93
2026-03-09 22:00:00+00:00,8.99,9.0,8.88,8.92,104873.3
2026-03-09 23:00:00+00:00,8.91,8.92,8.85,8.87,64695.59
2026-03-10 00:00:00+00:00,8.87,8.97,8.85,8.92,152952.0
2026-03-10 01:00:00+00:00,8.91,8.96,8.87,8.93,70001.46
2026-03-10 02:00:00+00:00,8.93,9.08,8.9,9.04,204167.08
2026-03-10 03:00:00+00:00,9.03,9.05,8.92,8.93,109698.31
2026-03-10 04:00:00+00:00,8.94,9.04,8.93,9.02,75518.05
2026-03-10 05:00:00+00:00,9.01,9.05,8.99,9.01,49122.56
2026-03-10 06:00:00+00:00,9.01,9.03,8.97,9.01,42313.07
2026-03-10 07:00:00+00:00,9.01,9.09,8.98,9.08,96170.88
2026-03-10 08:00:00+00:00,9.08,9.17,9.07,9.08,294403.35
2026-03-10 09:00:00+00:00,9.07,9.16,9.07,9.13,123478.71
2026-03-10 10:00:00+00:00,9.12,9.13,9.06,9.11,103525.25
2026-03-10 11:00:00+00:00,9.11,9.11,9.06,9.06,81106.74
2026-03-10 12:00:00+00:00,9.07,9.08,9.02,9.04,61833.1
2026-03-10 13:00:00+00:00,9.05,9.1,8.94,8.97,160680.68
2026-03-10 14:00:00+00:00,8.96,9.15,8.85,9.15,280090.3
2026-03-10 15:00:00+00:00,9.15,9.19,9.06,9.14,214506.02
2026-03-10 16:00:00+00:00,9.13,9.18,9.08,9.15,173554.64
2026-03-10 17:00:00+00:00,9.15,9.18,9.07,9.11,170560.81
2026-03-10 18:00:00+00:00,9.1,9.11,8.95,8.97,210429.32
2026-03-10 19:00:00+00:00,8.96,8.99,8.92,8.97,115125.86
2026-03-10 20:00:00+00:00,8.97,9.01,8.97,8.99,47877.37
2026-03-10 21:00:00+00:00,8.99,9.01,8.91,8.94,138630.14
2026-03-10 22:00:00+00:00,8.94,8.98,8.9,8.96,131333.99
2026-03-10 23:00:00+00:00,8.96,9.0,8.96,8.99,51558.44
2026-03-11 00:00:00+00:00,8.98,9.0,8.92,8.98,126270.05
2026-03-11 01:00:00+00:00,8.99,9.01,8.96,9.0,57897.96
2026-03-11 02:00:00+00:00,8.99,9.0,8.91,8.97,121326.53
2026-03-11 03:00:00+00:00,8.96,8.99,8.92,8.93,147452.86
2026-03-11 04:00:00+00:00,8.92,9.03,8.91,9.02,129873.12
2026-03-11 05:00:00+00:00,9.02,9.04,8.86,8.88,84804.69
2026-03-11 06:00:00+00:00,8.88,8.97,8.87,8.95,69147.68
2026-03-11 07:00:00+00:00,8.94,8.96,8.87,8.88,48473.86
2026-03-11 08:00:00+00:00,8.89,8.94,8.87,8.92,121369.16
2026-03-11 09:00:00+00:00,8.91,8.94,8.88,8.89,71475.63
2026-03-11 10:00:00+00:00,8.89,8.97,8.88,8.95,63644.95
2026-03-11 11:00:00+00:00,8.94,8.97,8.9,8.92,63009.23
2026-03-11 12:00:00+00:00,8.92,9.04,8.88,8.97,117848.49
2026-03-11 13:00:00+00:00,8.97,9.18,8.95,9.05,301090.8
2026-03-11 14:00:00+00:00,9.05,9.14,9.03,9.06,201026.91
2026-03-11 15:00:00+00:00,9.06,9.07,8.9,9.0,213498.81
2026-03-11 16:00:00+00:00,9.0,9.09,8.97,9.06,187854.2
2026-03-11 17:00:00+00:00,9.06,9.16,9.03,9.09,201871.32
2026-03-11 18:00:00+00:00,9.08,9.12,9.06,9.09,153171.35
2026-03-11 19:00:00+00:00,9.09,9.11,9.05,9.09,75513.77
2026-03-11 20:00:00+00:00,9.09,9.09,9.03,9.06,57804.06
2026-03-11 21:00:00+00:00,9.07,9.09,9.04,9.07,102836.65
2026-03-11 22:00:00+00:00,9.07,9.11,9.01,9.04,76046.41
2026-03-11 23:00:00+00:00,9.05,9.07,8.98,8.99,77674.49
2026-03-12 00:00:00+00:00,8.99,9.02,8.98,9.01,61785.31
2026-03-12 01:00:00+00:00,9.01,9.01,8.93,8.96,79137.44
2026-03-12 02:00:00+00:00,8.95,8.97,8.86,8.87,124877.93
2026-03-12 03:00:00+00:00,8.87,8.91,8.83,8.86,87223.42
2026-03-12 04:00:00+00:00,8.86,8.9,8.85,8.86,52116.75
2026-03-12 05:00:00+00:00,8.87,8.9,8.84,8.9,79294.55
2026-03-12 06:00:00+00:00,8.89,8.92,8.87,8.92,72061.14
2026-03-12 07:00:00+00:00,8.92,8.97,8.89,8.95,90456.31
2026-03-12 08:00:00+00:00,8.95,9.01,8.94,8.97,45731.31
2026-03-12 09:00:00+00:00,8.97,9.04,8.92,9.0,98915.11
2026-03-12 10:00:00+00:00,8.99,9.11,8.98,9.08,265660.91
2026-03-12 11:00:00+00:00,9.07,9.08,9.01,9.03,98199.06
2026-03-12 12:00:00+00:00,9.03,9.07,9.0,9.03,99260.91
2026-03-12 13:00:00+00:00,9.04,9.07,8.96,9.02,196673.28
2026-03-12 14:00:00+00:00,9.02,9.1,8.89,8.95,222126.84
2026-03-12 15:00:00+00:00,8.95,9.09,8.91,9.04,182731.7
2026-03-12 16:00:00+00:00,9.03,9.09,8.96,9.05,121011.95
2026-03-12 17:00:00+00:00,9.05,9.07,8.99,9.01,57887.95
2026-03-12 18:00:00+00:00,9.01,9.03,8.97,8.98,101455.29
2026-03-12 19:00:00+00:00,8.98,9.06,8.97,9.04,88231.61
2026-03-12 20:00:00+00:00,9.03,9.04,8.97,8.97,126294.88
2026-03-12 21:00:00+00:00,8.97,9.04,8.97,9.02,42074.03
2026-03-12 22:00:00+00:00,9.02,9.03,8.97,9.01,71430.57
2026-03-12 23:00:00+00:00,9.01,9.09,9.01,9.05,153866.45
2026-03-13 00:00:00+00:00,9.06,9.4,9.03,9.25,546003.54
2026-03-13 01:00:00+00:00,9.25,9.34,9.24,9.31,208673.54
2026-03-13 02:00:00+00:00,9.32,9.33,9.2,9.22,209038.69
2026-03-13 03:00:00+00:00,9.22,9.31,9.2,9.29,162797.64
2026-03-13 04:00:00+00:00,9.28,9.3,9.23,9.25,81078.76
2026-03-13 05:00:00+00:00,9.25,9.29,9.22,9.26,113062.25
2026-03-13 06:00:00+00:00,9.27,9.28,9.17,9.19,147450.8
2026-03-13 07:00:00+00:00,9.18,9.22,9.17,9.19,113411.29
2026-03-13 08:00:00+00:00,9.19,9.3,9.16,9.22,126810.17
2026-03-13 09:00:00+00:00,9.22,9.3,9.2,9.27,105675.67
2026-03-13 10:00:00+00:00,9.28,9.33,9.27,9.3,137145.17
2026-03-13 11:00:00+00:00,9.29,9.31,9.25,9.28,94604.1
2026-03-13 12:00:00+00:00,9.27,9.44,9.27,9.39,179197.69
2026-03-13 13:00:00+00:00,9.39,9.58,9.37,9.52,471213.0
2026-03-13 14:00:00+00:00,9.52,9.6,9.33,9.37,486257.17
2026-03-13 15:00:00+00:00,9.37,9.43,9.23,9.26,350138.13
2026-03-13 16:00:00+00:00,9.26,9.33,9.2,9.28,266488.46
2026-03-13 17:00:00+00:00,9.29,9.31,9.08,9.14,280748.91
2026-03-13 18:00:00+00:00,9.14,9.19,9.11,9.12,129522.46
2026-03-13 19:00:00+00:00,9.12,9.17,9.1,9.15,85230.06
2026-03-13 20:00:00+00:00,9.15,9.18,9.13,9.18,46754.93
2026-03-13 21:00:00+00:00,9.18,9.21,9.12,9.13,81170.74
2026-03-13 22:00:00+00:00,9.13,9.14,9.02,9.07,174482.12
2026-03-13 23:00:00+00:00,9.06,9.11,9.05,9.08,63287.59
2026-03-14 00:00:00+00:00,9.08,9.12,9.05,9.06,73648.67
2026-03-14 01:00:00+00:00,9.05,9.09,9.02,9.08,63777.87
2026-03-14 02:00:00+00:00,9.09,9.1,9.06,9.08,79068.08
2026-03-14 03:00:00+00:00,9.09,9.13,9.07,9.11,104839.05
2026-03-14 04:00:00+00:00,9.12,9.14,9.08,9.08,82478.64
2026-03-14 05:00:00+00:00,9.08,9.1,9.03,9.06,122775.95
2026-03-14 06:00:00+00:00,9.06,9.06,8.96,9.0,160293.86
2026-03-14 07:00:00+00:00,9.0,9.01,8.96,8.98,115260.33
2026-03-14 08:00:00+00:00,8.97,8.99,8.96,8.98,99980.24
2026-03-14 09:00:00+00:00,8.97,9.01,8.92,8.94,162312.36
2026-03-14 10:00:00+00:00,8.94,8.95,8.92,8.95,60193.67
2026-03-14 11:00:00+00:00,8.95,9.0,8.94,9.0,43494.75
2026-03-14 12:00:00+00:00,8.99,9.01,8.97,8.99,46104.37
2026-03-14 13:00:00+00:00,8.98,9.02,8.98,9.01,28333.56
2026-03-14 14:00:00+00:00,9.01,9.02,8.96,8.97,74147.92
2026-03-14 15:00:00+00:00,8.98,9.01,8.96,9.01,86687.74
2026-03-14 16:00:00+00:00,9.01,9.05,8.98,9.04,48000.84
2026-03-14 17:00:00+00:00,9.03,9.06,9.0,9.01,64086.99
2026-03-14 18:00:00+00:00,9.0,9.03,8.98,9.02,37352.8
2026-03-14 19:00:00+00:00,9.02,9.04,9.0,9.03,14884.25
2026-03-14 20:00:00+00:00,9.02,9.05,9.01,9.04,41585.51
2026-03-14 21:00:00+00:00,9.04,9.1,9.02,9.08,49425.2
2026-03-14 22:00:00+00:00,9.09,9.11,9.07,9.07,51631.71
2026-03-14 23:00:00+00:00,9.08,9.18,9.07,9.17,166417.96
2026-03-15 00:00:00+00:00,9.17,9.19,9.14,9.15,178357.07
2026-03-15 01:00:00+00:00,9.15,9.15,9.11,9.14,76782.51
2026-03-15 02:00:00+00:00,9.14,9.26,9.13,9.23,157416.26
2026-03-15 03:00:00+00:00,9.23,9.25,9.18,9.21,84482.28
2026-03-15 04:00:00+00:00,9.21,9.25,9.18,9.22,65080.88
2026-03-15 05:00:00+00:00,9.21,9.27,9.19,9.22,93556.58
2026-03-15 06:00:00+00:00,9.21,9.24,9.19,9.21,85238.16
2026-03-15 07:00:00+00:00,9.22,9.24,9.19,9.22,76757.6
2026-03-15 08:00:00+00:00,9.22,9.27,9.21,9.27,105719.65
2026-03-15 09:00:00+00:00,9.27,9.32,9.25,9.26,134625.45
2026-03-15 10:00:00+00:00,9.27,9.3,9.25,9.28,57498.02
2026-03-15 11:00:00+00:00,9.28,9.3,9.26,9.28,49590.64
2026-03-15 12:00:00+00:00,9.27,9.28,9.24,9.25,84975.15
2026-03-15 13:00:00+00:00,9.26,9.28,9.14,9.19,157415.19
2026-03-15 14:00:00+00:00,9.19,9.21,9.13,9.19,98817.95
2026-03-15 15:00:00+00:00,9.18,9.18,9.14,9.15,34103.85
2026-03-15 16:00:00+00:00,9.15,9.19,9.12,9.13,83887.64
2026-03-15 17:00:00+00:00,9.14,9.24,9.13,9.21,61910.98
2026-03-15 18:00:00+00:00,9.21,9.22,9.13,9.15,80478.26
2026-03-15 19:00:00+00:00,9.16,9.21,9.14,9.19,64161.65
2026-03-15 20:00:00+00:00,9.19,9.3,9.17,9.25,209964.11
2026-03-15 21:00:00+00:00,9.25,9.34,9.23,9.31,156783.68
2026-03-15 22:00:00+00:00,9.31,9.53,9.24,9.48,428638.54
2026-03-15 23:00:00+00:00,9.49,9.56,9.4,9.5,402467.82
2026-03-16 00:00:00+00:00,9.5,9.55,9.43,9.46,230095.44
2026-03-16 01:00:00+00:00,9.46,9.54,9.41,9.51,207707.26
2026-03-16 02:00:00+00:00,9.52,9.53,9.41,9.49,151629.88
2026-03-16 03:00:00+00:00,9.48,9.81,9.46,9.7,761438.41
2026-03-16 04:00:00+00:00,9.7,9.83,9.7,9.75,596833.25
2026-03-16 05:00:00+00:00,9.76,9.79,9.67,9.76,683867.27
2026-03-16 06:00:00+00:00,9.76,9.77,9.67,9.71,205816.44
2026-03-16 07:00:00+00:00,9.71,9.76,9.67,9.69,217732.61
2026-03-16 08:00:00+00:00,9.69,9.74,9.56,9.58,275077.51
2026-03-16 09:00:00+00:00,9.59,9.66,9.58,9.64,148601.41
2026-03-16 10:00:00+00:00,9.64,9.73,9.63,9.72,179589.42
2026-03-16 11:00:00+00:00,9.73,9.74,9.64,9.66,131351.47
2026-03-16 12:00:00+00:00,9.67,9.77,9.66,9.7,293341.03
2026-03-16 13:00:00+00:00,9.71,9.83,9.67,9.75,308213.6
2026-03-16 14:00:00+00:00,9.75,9.8,9.59,9.7,351880.2
2026-03-16 15:00:00+00:00,9.71,9.78,9.68,9.72,202151.14
2026-03-16 16:00:00+00:00,9.72,9.82,9.71,9.79,171454.98
2026-03-16 17:00:00+00:00,9.79,9.86,9.77,9.82,217664.34
2026-03-16 18:00:00+00:00,9.83,9.93,9.82,9.86,261095.14
2026-03-16 19:00:00+00:00,9.87,9.98,9.83,9.93,285943.22
2026-03-16 20:00:00+00:00,9.93,9.97,9.91,9.94,123353.66
2026-03-16 21:00:00+00:00,9.94,10.05,9.92,9.99,250713.6
2026-03-16 22:00:00+00:00,9.98,10.08,9.95,9.98,216547.21
2026-03-16 23:00:00+00:00,9.97,9.98,9.86,9.92,201947.98
2026-03-17 00:00:00+00:00,9.92,10.02,9.88,9.96,335880.88
2026-03-17 01:00:00+00:00,9.96,10.03,9.91,9.96,290487.39
2026-03-17 02:00:00+00:00,9.96,9.97,9.88,9.91,201291.05
2026-03-17 03:00:00+00:00,9.91,9.92,9.78,9.83,218832.36
2026-03-17 04:00:00+00:00,9.83,9.86,9.71,9.77,184990.07
2026-03-17 05:00:00+00:00,9.77,9.79,9.68,9.73,109497.34
2026-03-17 06:00:00+00:00,9.73,9.79,9.69,9.75,120564.38
2026-03-17 07:00:00+00:00,9.75,9.85,9.75,9.79,68523.7
2026-03-17 08:00:00+00:00,9.79,9.83,9.76,9.77,112917.7
2026-03-17 09:00:00+00:00,9.78,9.81,9.74,9.76,133891.39
2026-03-17 10:00:00+00:00,9.77,9.79,9.73,9.75,153637.63
2026-03-17 11:00:00+00:00,9.75,9.81,9.74,9.77,115788.47
2026-03-17 12:00:00+00:00,9.76,9.8,9.71,9.72,158056.18
2026-03-17 13:00:00+00:00,9.73,9.83,9.72,9.79,251888.25
2026-03-17 14:00:00+00:00,9.79,9.88,9.75,9.86,226777.99
2026-03-17 15:00:00+00:00,9.87,9.95,9.74,9.81,221755.75
2026-03-17 16:00:00+00:00,9.81,9.87,9.79,9.84,166284.04
2026-03-17 17:00:00+00:00,9.84,9.89,9.82,9.89,88121.97
2026-03-17 18:00:00+00:00,9.89,9.92,9.86,9.88,84492.1
2026-03-17 19:00:00+00:00,9.89,9.9,9.79,9.8,132886.49
2026-03-17 20:00:00+00:00,9.8,9.85,9.76,9.84,135393.72
2026-03-17 21:00:00+00:00,9.85,9.91,9.83,9.89,122370.58
2026-03-17 22:00:00+00:00,9.89,9.92,9.8,9.85,73493.03
2026-03-17 23:00:00+00:00,9.86,9.87,9.77,9.79,113875.28
2026-03-18 00:00:00+00:00,9.79,9.82,9.75,9.81,84709.54
2026-03-18 01:00:00+00:00,9.82,9.86,9.8,9.8,74562.15
2026-03-18 02:00:00+00:00,9.8,9.88,9.8,9.84,64364.37
2026-03-18 03:00:00+00:00,9.85,9.93,9.84,9.89,75354.75
2026-03-18 04:00:00+00:00,9.89,9.9,9.82,9.84,45857.36
2026-03-18 05:00:00+00:00,9.84,9.88,9.78,9.79,98125.91
2026-03-18 06:00:00+00:00,9.8,9.87,9.8,9.81,58759.81
2026-03-18 07:00:00+00:00,9.82,9.82,9.77,9.82,83496.98
2026-03-18 08:00:00+00:00,9.82,9.86,9.81,9.84,75296.37
2026-03-18 09:00:00+00:00,9.85,9.9,9.81,9.83,165427.83
2026-03-18 10:00:00+00:00,9.83,9.84,9.73,9.76,94597.98
2026-03-18 11:00:00+00:00,9.75,9.79,9.52,9.56,325357.8
2026-03-18 12:00:00+00:00,9.55,9.56,9.36,9.39,337354.11
2026-03-18 13:00:00+00:00,9.38,9.42,9.34,9.39,223922.1
2026-03-18 14:00:00+00:00,9.39,9.41,9.18,9.2,252556.55
2026-03-18 15:00:00+00:00,9.21,9.24,9.12,9.21,308500.68
2026-03-18 16:00:00+00:00,9.2,9.2,9.09,9.14,200925.03
2026-03-18 17:00:00+00:00,9.15,9.27,9.13,9.23,136388.61
2026-03-18 18:00:00+00:00,9.23,9.31,9.15,9.18,236437.03
2026-03-18 19:00:00+00:00,9.18,9.25,9.16,9.17,92056.67
2026-03-18 20:00:00+00:00,9.17,9.23,9.08,9.22,196706.47
2026-03-18 21:00:00+00:00,9.21,9.27,9.21,9.24,89474.59
2026-03-18 22:00:00+00:00,9.25,9.25,9.19,9.22,75829.69
2026-03-18 23:00:00+00:00,9.22,9.24,9.18,9.22,105405.78
2026-03-19 00:00:00+00:00,9.23,9.25,9.2,9.21,104786.77
2026-03-19 01:00:00+00:00,9.21,9.23,9.18,9.2,83277.17
2026-03-19 02:00:00+00:00,9.19,9.23,9.16,9.19,75445.87
2026-03-19 03:00:00+00:00,9.19,9.34,9.19,9.26,189687.57
2026-03-19 04:00:00+00:00,9.25,9.26,9.18,9.18,162957.4
2026-03-19 05:00:00+00:00,9.18,9.21,9.15,9.17,94119.41
2026-03-19 06:00:00+00:00,9.17,9.2,9.14,9.16,134683.04
2026-03-19 07:00:00+00:00,9.16,9.17,9.03,9.1,209693.7
2026-03-19 08:00:00+00:00,9.1,9.12,9.06,9.09,152708.99
2026-03-19 09:00:00+00:00,9.09,9.17,9.08,9.17,141637.54
2026-03-19 10:00:00+00:00,9.17,9.17,9.12,9.13,96065.49
2026-03-19 11:00:00+00:00,9.13,9.15,9.09,9.09,56757.01
2026-03-19 12:00:00+00:00,9.09,9.1,8.95,8.96,241579.75
2026-03-19 13:00:00+00:00,8.96,9.01,8.9,8.99,412748.04
2026-03-19 14:00:00+00:00,9.0,9.03,8.89,8.95,191633.77
2026-03-19 15:00:00+00:00,8.95,9.0,8.89,8.97,254418.4
2026-03-19 16:00:00+00:00,8.97,8.97,8.91,8.94,146056.71
2026-03-19 17:00:00+00:00,8.93,9.02,8.89,9.0,150126.2
2026-03-19 18:00:00+00:00,8.99,9.0,8.96,9.0,89183.68
2026-03-19 19:00:00+00:00,9.0,9.1,9.0,9.03,262938.47
2026-03-19 20:00:00+00:00,9.03,9.08,9.02,9.05,62677.55
2026-03-19 21:00:00+00:00,9.06,9.1,9.05,9.08,177918.0
2026-03-19 22:00:00+00:00,9.08,9.09,9.01,9.05,158987.16
2026-03-19 23:00:00+00:00,9.05,9.08,9.01,9.04,112482.1
2026-03-20 00:00:00+00:00,9.05,9.1,9.04,9.08,131774.3
2026-03-20 01:00:00+00:00,9.08,9.16,9.08,9.12,145328.78
2026-03-20 02:00:00+00:00,9.13,9.13,9.04,9.09,117319.09
2026-03-20 03:00:00+00:00,9.09,9.14,9.08,9.12,76900.22
2026-03-20 04:00:00+00:00,9.12,9.15,9.07,9.13,91169.8
2026-03-20 05:00:00+00:00,9.12,9.16,9.09,9.12,101147.88
2026-03-20 06:00:00+00:00,9.11,9.12,9.07,9.07,102523.27
2026-03-20 07:00:00+00:00,9.08,9.14,9.02,9.12,117393.59
2026-03-20 08:00:00+00:00,9.12,9.21,9.1,9.15,129120.41
2026-03-20 09:00:00+00:00,9.15,9.15,9.06,9.1,95997.99
2026-03-20 10:00:00+00:00,9.1,9.13,9.06,9.11,85731.27
2026-03-20 11:00:00+00:00,9.1,9.16,9.05,9.08,68353.01
2026-03-20 12:00:00+00:00,9.08,9.13,9.05,9.08,94126.65
2026-03-20 13:00:00+00:00,9.08,9.12,9.0,9.01,242798.99
2026-03-20 14:00:00+00:00,9.01,9.09,8.99,9.0,265135.66
2026-03-20 15:00:00+00:00,9.0,9.04,8.97,9.03,147739.83
2026-03-20 16:00:00+00:00,9.03,9.07,9.0,9.03,209046.79
2026-03-20 17:00:00+00:00,9.03,9.05,8.96,9.04,71267.25
2026-03-20 18:00:00+00:00,9.04,9.05,8.96,9.0,81096.94
2026-03-20 19:00:00+00:00,9.0,9.06,8.96,9.04,130070.46
2026-03-20 20:00:00+00:00,9.04,9.05,8.98,9.03,80561.81
2026-03-20 21:00:00+00:00,9.03,9.12,9.01,9.1,98639.32
2026-03-20 22:00:00+00:00,9.11,9.17,9.11,9.13,110530.09
2026-03-20 23:00:00+00:00,9.13,9.14,9.09,9.12,31926.48
2026-03-21 00:00:00+00:00,9.11,9.16,9.11,9.13,92601.2
2026-03-21 01:00:00+00:00,9.14,9.17,9.12,9.12,70581.13
2026-03-21 02:00:00+00:00,9.13,9.17,9.1,9.16,48387.74
2026-03-21 03:00:00+00:00,9.16,9.17,9.12,9.13,73822.32
2026-03-21 04:00:00+00:00,9.13,9.15,9.1,9.1,50140.36
2026-03-21 05:00:00+00:00,9.1,9.15,9.1,9.12,37413.17
2026-03-21 06:00:00+00:00,9.11,9.14,9.11,9.13,36809.2
2026-03-21 07:00:00+00:00,9.13,9.16,9.12,9.13,113862.76
2026-03-21 08:00:00+00:00,9.12,9.14,9.1,9.14,50348.42
2026-03-21 09:00:00+00:00,9.14,9.17,9.13,9.15,35915.77
2026-03-21 10:00:00+00:00,9.14,9.15,9.09,9.1,33138.7
2026-03-21 11:00:00+00:00,9.1,9.11,9.09,9.11,10856.85
2026-03-21 12:00:00+00:00,9.11,9.12,9.09,9.11,20148.96
2026-03-21 13:00:00+00:00,9.11,9.11,9.08,9.09,23853.47
2026-03-21 14:00:00+00:00,9.09,9.15,9.06,9.07,54557.04
2026-03-21 15:00:00+00:00,9.07,9.11,9.05,9.11,35450.48
2026-03-21 16:00:00+00:00,9.11,9.11,9.06,9.07,47508.52
2026-03-21 17:00:00+00:00,9.07,9.09,9.05,9.08,34614.64
2026-03-21 18:00:00+00:00,9.07,9.09,9.05,9.06,23290.98
2026-03-21 19:00:00+00:00,9.06,9.08,9.04,9.08,85461.37
2026-03-21 20:00:00+00:00,9.07,9.11,9.06,9.11,34890.02
2026-03-21 21:00:00+00:00,9.11,9.11,9.08,9.09,26943.39
2026-03-21 22:00:00+00:00,9.08,9.09,9.06,9.08,36561.32
2026-03-21 23:00:00+00:00,9.07,9.08,8.76,8.82,463863.17
2026-03-22 00:00:00+00:00,8.82,8.9,8.67,8.86,456863.58
2026-03-22 01:00:00+00:00,8.86,8.89,8.8,8.85,148518.1
2026-03-22 02:00:00+00:00,8.84,8.93,8.83,8.89,138032.94
2026-03-22 03:00:00+00:00,8.9,8.97,8.86,8.91,116729.49
2026-03-22 04:00:00+00:00,8.9,8.95,8.88,8.93,153505.0
2026-03-22 05:00:00+00:00,8.93,8.94,8.89,8.89,89442.36
2026-03-22 06:00:00+00:00,8.89,8.91,8.87,8.89,73078.27
2026-03-22 07:00:00+00:00,8.88,8.91,8.84,8.84,79734.56
2026-03-22 08:00:00+00:00,8.84,8.85,8.77,8.83,215916.53
2026-03-22 09:00:00+00:00,8.83,8.86,8.8,8.83,83286.85
2026-03-22 10:00:00+00:00,8.82,8.83,8.76,8.77,73523.97
2026-03-22 11:00:00+00:00,8.77,8.79,8.74,8.76,111917.59
2026-03-22 12:00:00+00:00,8.75,8.83,8.75,8.8,105535.74
2026-03-22 13:00:00+00:00,8.8,8.84,8.77,8.8,93065.68
2026-03-22 14:00:00+00:00,8.79,8.83,8.76,8.78,94447.62
2026-03-22 15:00:00+00:00,8.78,8.81,8.76,8.79,78418.91
2026-03-22 16:00:00+00:00,8.79,8.81,8.77,8.79,55674.18
2026-03-22 17:00:00+00:00,8.78,8.79,8.76,8.76,51934.52
2026-03-22 18:00:00+00:00,8.77,8.79,8.71,8.77,66597.76
2026-03-22 19:00:00+00:00,8.77,8.77,8.69,8.7,129339.32
2026-03-22 20:00:00+00:00,8.71,8.75,8.67,8.7,94759.17
2026-03-22 21:00:00+00:00,8.7,8.71,8.57,8.66,334753.36
2026-03-22 22:00:00+00:00,8.66,8.73,8.6,8.73,174767.35
2026-03-22 23:00:00+00:00,8.73,8.77,8.68,8.68,92568.6
2026-03-23 00:00:00+00:00,8.69,8.73,8.63,8.67,183328.12
2026-03-23 01:00:00+00:00,8.68,8.74,8.65,8.69,127475.33
2026-03-23 02:00:00+00:00,8.69,8.78,8.68,8.74,109474.82
2026-03-23 03:00:00+00:00,8.74,8.78,8.7,8.7,95759.65
2026-03-23 04:00:00+00:00,8.71,8.76,8.7,8.76,98608.53
2026-03-23 05:00:00+00:00,8.76,8.79,8.73,8.77,105331.08
2026-03-23 06:00:00+00:00,8.76,8.76,8.59,8.64,160199.08
2026-03-23 07:00:00+00:00,8.63,8.68,8.58,8.65,185734.57
2026-03-23 08:00:00+00:00,8.65,8.7,8.62,8.64,80760.31
2026-03-23 09:00:00+00:00,8.64,8.65,8.58,8.65,103183.18
2026-03-23 10:00:00+00:00,8.65,8.7,8.62,8.65,89057.71
2026-03-23 11:00:00+00:00,8.65,9.25,8.65,8.97,1863862.99
2026-03-23 12:00:00+00:00,8.98,9.07,8.91,9.04,400084.4
2026-03-23 13:00:00+00:00,9.04,9.18,9.01,9.17,270632.91
2026-03-23 14:00:00+00:00,9.17,9.25,9.15,9.23,327301.6
2026-03-23 15:00:00+00:00,9.23,9.29,9.03,9.05,467046.64
2026-03-23 16:00:00+00:00,9.05,9.12,8.99,9.05,322946.12
2026-03-23 17:00:00+00:00,9.06,9.14,9.01,9.13,199290.28
2026-03-23 18:00:00+00:00,9.13,9.19,9.09,9.18,221488.88
2026-03-23 19:00:00+00:00,9.18,9.22,9.12,9.13,192509.99
2026-03-23 20:00:00+00:00,9.13,9.18,9.11,9.17,93623.56
2026-03-23 21:00:00+00:00,9.17,9.18,9.13,9.14,135894.42
2026-03-23 22:00:00+00:00,9.14,9.15,9.09,9.12,160234.33
2026-03-23 23:00:00+00:00,9.11,9.12,9.06,9.11,141867.7
2026-03-24 00:00:00+00:00,9.1,9.15,9.04,9.07,253732.26
2026-03-24 01:00:00+00:00,9.06,9.09,9.01,9.05,155672.09
2026-03-24 02:00:00+00:00,9.06,9.1,9.04,9.05,149887.62
2026-03-24 03:00:00+00:00,9.05,9.11,9.05,9.09,88045.12
2026-03-24 04:00:00+00:00,9.09,9.13,9.04,9.07,144843.73
2026-03-24 05:00:00+00:00,9.07,9.11,9.01,9.08,155528.03
2026-03-24 06:00:00+00:00,9.09,9.14,9.07,9.13,107826.82
2026-03-24 07:00:00+00:00,9.14,9.26,9.13,9.24,248865.63
2026-03-24 08:00:00+00:00,9.24,9.26,9.19,9.21,135250.27
2026-03-24 09:00:00+00:00,9.21,9.26,9.16,9.25,116756.89
2026-03-24 10:00:00+00:00,9.26,9.26,9.21,9.23,92314.0
2026-03-24 11:00:00+00:00,9.24,9.26,9.17,9.25,106927.77
2026-03-24 12:00:00+00:00,9.25,9.26,9.21,9.22,115105.7
2026-03-24 13:00:00+00:00,9.22,9.24,9.09,9.12,210282.17
2026-03-24 14:00:00+00:00,9.12,9.15,9.04,9.12,266700.88
2026-03-24 15:00:00+00:00,9.13,9.18,9.11,9.11,199936.18
2026-03-24 16:00:00+00:00,9.12,9.16,9.07,9.09,114784.39
2026-03-24 17:00:00+00:00,9.1,9.11,9.01,9.05,231678.87
2026-03-24 18:00:00+00:00,9.06,9.13,9.04,9.06,145924.08
2026-03-24 19:00:00+00:00,9.07,9.11,9.05,9.05,39397.86
2026-03-24 20:00:00+00:00,9.05,9.24,9.05,9.21,191760.4
2026-03-24 21:00:00+00:00,9.2,9.23,9.16,9.21,103077.11
2026-03-24 22:00:00+00:00,9.22,9.25,9.17,9.2,98130.58
2026-03-24 23:00:00+00:00,9.2,9.27,9.19,9.25,86380.02
2026-03-25 00:00:00+00:00,9.25,9.32,9.21,9.27,93622.07
2026-03-25 01:00:00+00:00,9.27,9.29,9.23,9.25,103953.28
2026-03-25 02:00:00+00:00,9.25,9.25,9.2,9.21,100622.24
2026-03-25 03:00:00+00:00,9.21,9.26,9.17,9.24,79986.15
2026-03-25 04:00:00+00:00,9.25,9.28,9.23,9.27,64653.59
2026-03-25 05:00:00+00:00,9.26,9.34,9.25,9.3,160173.02
2026-03-25 06:00:00+00:00,9.3,9.36,9.29,9.31,209704.6
2026-03-25 07:00:00+00:00,9.32,9.36,9.28,9.28,117273.76
2026-03-25 08:00:00+00:00,9.29,9.42,9.29,9.37,163113.03
2026-03-25 09:00:00+00:00,9.37,9.4,9.34,9.39,83179.14
2026-03-25 10:00:00+00:00,9.39,9.4,9.37,9.38,79132.89
2026-03-25 11:00:00+00:00,9.37,9.46,9.36,9.41,201233.25
2026-03-25 12:00:00+00:00,9.42,9.47,9.34,9.44,207244.03
2026-03-25 13:00:00+00:00,9.44,9.5,9.42,9.44,161657.68
2026-03-25 14:00:00+00:00,9.45,9.46,9.39,9.4,156458.35
2026-03-25 15:00:00+00:00,9.39,9.42,9.29,9.37,140611.72
2026-03-25 16:00:00+00:00,9.36,9.47,9.34,9.42,130199.84
2026-03-25 17:00:00+00:00,9.43,9.45,9.32,9.34,157771.1
2026-03-25 18:00:00+00:00,9.35,9.38,9.3,9.32,121447.53
2026-03-25 19:00:00+00:00,9.33,9.37,9.31,9.35,87408.72
2026-03-25 20:00:00+00:00,9.35,9.35,9.27,9.31,79787.72
2026-03-25 21:00:00+00:00,9.31,9.35,9.3,9.33,52513.38
2026-03-25 22:00:00+00:00,9.33,9.4,9.32,9.39,131846.86
2026-03-25 23:00:00+00:00,9.38,9.4,9.35,9.37,62124.79
2026-03-26 00:00:00+00:00,9.37,9.39,9.35,9.38,68646.98
2026-03-26 01:00:00+00:00,9.38,9.39,9.34,9.35,44501.71
2026-03-26 02:00:00+00:00,9.35,9.36,9.23,9.26,94181.34
2026-03-26 03:00:00+00:00,9.26,9.28,9.22,9.26,64698.43
2026-03-26 04:00:00+00:00,9.26,9.26,9.22,9.22,70538.33
2026-03-26 05:00:00+00:00,9.22,9.23,9.09,9.1,174069.2
2026-03-26 06:00:00+00:00,9.09,9.12,9.07,9.1,173125.24
2026-03-26 07:00:00+00:00,9.1,9.12,9.06,9.1,64163.84
2026-03-26 08:00:00+00:00,9.11,9.11,9.05,9.09,67034.73
2026-03-26 09:00:00+00:00,9.09,9.11,8.94,8.97,282493.78
2026-03-26 10:00:00+00:00,8.97,8.98,8.93,8.98,98813.41
2026-03-26 11:00:00+00:00,8.98,9.0,8.92,8.95,136351.03
2026-03-26 12:00:00+00:00,8.95,8.97,8.92,8.95,49508.78
2026-03-26 13:00:00+00:00,8.95,9.03,8.93,8.99,190440.23
2026-03-26 14:00:00+00:00,8.99,9.02,8.92,8.95,149272.66
2026-03-26 15:00:00+00:00,8.95,8.96,8.85,8.94,178748.35
2026-03-26 16:00:00+00:00,8.94,8.94,8.9,8.9,96864.59
2026-03-26 17:00:00+00:00,8.9,8.96,8.85,8.86,127676.41
2026-03-26 18:00:00+00:00,8.87,8.89,8.81,8.85,148185.87
2026-03-26 19:00:00+00:00,8.86,8.86,8.81,8.83,61775.56
2026-03-26 20:00:00+00:00,8.84,8.98,8.82,8.91,283427.9
2026-03-26 21:00:00+00:00,8.91,8.98,8.89,8.94,132221.35
2026-03-26 22:00:00+00:00,8.95,8.96,8.89,8.93,183104.25
2026-03-26 23:00:00+00:00,8.93,8.96,8.9,8.91,110296.24
2026-03-27 00:00:00+00:00,8.92,8.93,8.88,8.93,141534.2
2026-03-27 01:00:00+00:00,8.93,8.97,8.91,8.97,75273.55
2026-03-27 02:00:00+00:00,8.97,8.98,8.94,8.94,45440.49
2026-03-27 03:00:00+00:00,8.95,8.96,8.9,8.91,143102.79
2026-03-27 04:00:00+00:00,8.91,8.91,8.84,8.89,83100.83
2026-03-27 05:00:00+00:00,8.89,8.95,8.87,8.89,133290.17
2026-03-27 06:00:00+00:00,8.9,8.92,8.88,8.9,85328.82
2026-03-27 07:00:00+00:00,8.9,8.93,8.87,8.9,72374.87
2026-03-27 08:00:00+00:00,8.9,8.93,8.77,8.83,137655.64
2026-03-27 09:00:00+00:00,8.83,8.83,8.75,8.78,94154.13
2026-03-27 10:00:00+00:00,8.78,8.79,8.56,8.6,397891.23
2026-03-27 11:00:00+00:00,8.6,8.62,8.55,8.6,145374.1
2026-03-27 12:00:00+00:00,8.59,8.6,8.54,8.58,141689.08
2026-03-27 13:00:00+00:00,8.58,8.63,8.52,8.56,169054.07
2026-03-27 14:00:00+00:00,8.56,8.6,8.52,8.59,155079.92
2026-03-27 15:00:00+00:00,8.59,8.69,8.57,8.61,185064.46
2026-03-27 16:00:00+00:00,8.61,8.62,8.56,8.58,114052.54
2026-03-27 17:00:00+00:00,8.58,8.64,8.53,8.55,150037.18
2026-03-27 18:00:00+00:00,8.54,8.56,8.5,8.53,155413.94
2026-03-27 19:00:00+00:00,8.54,8.57,8.48,8.54,170820.69
2026-03-27 20:00:00+00:00,8.54,8.56,8.49,8.54,89469.76
2026-03-27 21:00:00+00:00,8.54,8.56,8.52,8.54,46953.49
2026-03-27 22:00:00+00:00,8.53,8.55,8.51,8.53,88774.49
2026-03-27 23:00:00+00:00,8.53,8.58,8.51,8.57,44273.2
2026-03-28 00:00:00+00:00,8.57,8.57,8.54,8.56,35529.19
2026-03-28 01:00:00+00:00,8.56,8.56,8.5,8.54,78788.6
2026-03-28 02:00:00+00:00,8.54,8.56,8.5,8.52,64314.5
2026-03-28 03:00:00+00:00,8.52,8.54,8.51,8.52,28207.91
2026-03-28 04:00:00+00:00,8.52,8.54,8.5,8.53,33342.65
2026-03-28 05:00:00+00:00,8.53,8.55,8.51,8.54,54040.87
2026-03-28 06:00:00+00:00,8.54,8.58,8.52,8.56,60445.78
2026-03-28 07:00:00+00:00,8.56,8.61,8.55,8.6,72848.75
2026-03-28 08:00:00+00:00,8.61,8.62,8.55,8.55,68042.32
2026-03-28 09:00:00+00:00,8.56,8.56,8.52,8.53,46300.03
2026-03-28 10:00:00+00:00,8.54,8.58,8.48,8.53,112043.54
2026-03-28 11:00:00+00:00,8.53,8.55,8.51,8.55,19288.09
2026-03-28 12:00:00+00:00,8.55,8.57,8.51,8.51,65587.44
2026-03-28 13:00:00+00:00,8.51,8.68,8.51,8.63,197521.08
2026-03-28 14:00:00+00:00,8.63,8.66,8.58,8.61,136965.42
2026-03-28 15:00:00+00:00,8.61,8.7,8.6,8.64,114690.61
2026-03-28 16:00:00+00:00,8.64,8.65,8.62,8.64,97020.32
2026-03-28 17:00:00+00:00,8.63,8.66,8.59,8.6,59397.77
2026-03-28 18:00:00+00:00,8.6,8.62,8.59,8.61,42252.58
2026-03-28 19:00:00+00:00,8.6,8.61,8.58,8.61,24604.64
2026-03-28 20:00:00+00:00,8.61,8.63,8.6,8.61,26542.12
2026-03-28 21:00:00+00:00,8.6,8.61,8.54,8.56,49497.7
2026-03-28 22:00:00+00:00,8.55,8.58,8.55,8.57,51107.58
2026-03-28 23:00:00+00:00,8.58,8.58,8.37,8.44,562323.27
2026-03-29 00:00:00+00:00,8.43,8.46,8.41,8.46,71243.76
2026-03-29 01:00:00+00:00,8.47,8.5,8.45,8.49,103667.14
2026-03-29 02:00:00+00:00,8.49,8.51,8.47,8.51,35685.25
2026-03-29 03:00:00+00:00,8.51,8.59,8.49,8.54,76523.33
2026-03-29 04:00:00+00:00,8.55,8.55,8.51,8.52,26642.15
2026-03-29 05:00:00+00:00,8.53,8.54,8.5,8.53,42548.39
2026-03-29 06:00:00+00:00,8.53,8.54,8.51,8.52,34830.34
2026-03-29 07:00:00+00:00,8.52,8.53,8.49,8.52,34774.87
2026-03-29 08:00:00+00:00,8.52,8.54,8.51,8.52,28949.82
2026-03-29 09:00:00+00:00,8.53,8.54,8.5,8.51,73365.95
2026-03-29 10:00:00+00:00,8.5,8.5,8.46,8.48,32365.67
2026-03-29 11:00:00+00:00,8.47,8.53,8.47,8.51,58359.58
2026-03-29 12:00:00+00:00,8.5,8.52,8.47,8.5,24422.88
2026-03-29 13:00:00+00:00,8.5,8.5,8.41,8.43,64336.46
2026-03-29 14:00:00+00:00,8.44,8.49,8.42,8.43,58978.46
2026-03-29 15:00:00+00:00,8.44,8.46,8.39,8.43,76877.98
2026-03-29 16:00:00+00:00,8.43,8.47,8.41,8.44,28050.12
2026-03-29 17:00:00+00:00,8.44,8.45,8.39,8.44,33643.56
2026-03-29 18:00:00+00:00,8.44,8.46,8.41,8.44,41995.46
2026-03-29 19:00:00+00:00,8.44,8.45,8.41,8.42,37512.34
2026-03-29 20:00:00+00:00,8.41,8.49,8.41,8.45,40990.13
2026-03-29 21:00:00+00:00,8.45,8.49,8.45,8.48,23543.81
2026-03-29 22:00:00+00:00,8.48,8.48,8.2,8.38,327196.35
2026-03-29 23:00:00+00:00,8.37,8.45,8.37,8.42,128543.14
2026-03-30 00:00:00+00:00,8.42,8.57,8.4,8.48,189928.84
2026-03-30 01:00:00+00:00,8.48,8.57,8.48,8.55,103104.67
2026-03-30 02:00:00+00:00,8.55,8.67,8.53,8.62,154250.46
2026-03-30 03:00:00+00:00,8.62,8.66,8.58,8.63,71745.86
2026-03-30 04:00:00+00:00,8.63,8.7,8.63,8.68,113207.44
2026-03-30 05:00:00+00:00,8.68,8.73,8.66,8.67,140544.98
2026-03-30 06:00:00+00:00,8.67,8.7,8.65,8.66,74244.32
2026-03-30 07:00:00+00:00,8.66,8.76,8.66,8.75,106183.29
2026-03-30 08:00:00+00:00,8.75,8.82,8.73,8.79,119355.37
2026-03-30 09:00:00+00:00,8.8,8.8,8.75,8.75,96916.62
2026-03-30 10:00:00+00:00,8.75,8.79,8.72,8.77,51216.91
2026-03-30 11:00:00+00:00,8.77,8.9,8.76,8.86,244134.62
2026-03-30 12:00:00+00:00,8.86,8.92,8.86,8.88,191472.3
2026-03-30 13:00:00+00:00,8.89,8.93,8.83,8.84,231888.08
2026-03-30 14:00:00+00:00,8.85,8.89,8.77,8.88,144124.31
2026-03-30 15:00:00+00:00,8.87,8.89,8.79,8.83,82913.82
2026-03-30 16:00:00+00:00,8.83,8.85,8.78,8.81,265935.48
2026-03-30 17:00:00+00:00,8.82,8.84,8.68,8.71,130259.39
2026-03-30 18:00:00+00:00,8.72,8.73,8.62,8.66,67637.31
2026-03-30 19:00:00+00:00,8.65,8.66,8.57,8.63,93459.9
2026-03-30 20:00:00+00:00,8.62,8.66,8.61,8.63,38939.67
2026-03-30 21:00:00+00:00,8.63,8.73,8.62,8.69,74518.99
2026-03-30 22:00:00+00:00,8.68,8.7,8.63,8.65,92216.36
2026-03-30 23:00:00+00:00,8.65,8.65,8.58,8.62,101110.12
2026-03-31 00:00:00+00:00,8.63,8.68,8.59,8.66,119302.55
2026-03-31 01:00:00+00:00,8.65,8.86,8.64,8.8,128989.87
2026-03-31 02:00:00+00:00,8.79,8.83,8.77,8.79,43839.64
2026-03-31 03:00:00+00:00,8.78,8.8,8.74,8.74,69253.93
2026-03-31 04:00:00+00:00,8.74,8.78,8.72,8.73,64627.98
2026-03-31 05:00:00+00:00,8.73,8.78,8.69,8.76,58923.08
2026-03-31 06:00:00+00:00,8.76,8.77,8.71,8.74,48564.01
2026-03-31 07:00:00+00:00,8.74,8.74,8.67,8.71,62877.74
2026-03-31 08:00:00+00:00,8.71,8.72,8.63,8.64,94486.87
2026-03-31 09:00:00+00:00,8.63,8.66,8.5,8.52,168518.8
2026-03-31 10:00:00+00:00,8.53,8.58,8.52,8.57,79730.44
2026-03-31 11:00:00+00:00,8.56,8.64,8.55,8.62,126432.7
2026-03-31 12:00:00+00:00,8.62,8.68,8.6,8.63,69356.91
2026-03-31 13:00:00+00:00,8.63,8.78,8.63,8.74,171996.05
2026-03-31 14:00:00+00:00,8.75,8.81,8.59,8.63,218085.21
2026-03-31 15:00:00+00:00,8.63,8.74,8.62,8.63,82922.59
2026-03-31 16:00:00+00:00,8.63,8.85,8.63,8.78,242058.12
2026-03-31 17:00:00+00:00,8.79,8.89,8.75,8.76,264371.59
2026-03-31 18:00:00+00:00,8.77,8.84,8.77,8.8,61963.99
2026-03-31 19:00:00+00:00,8.8,8.81,8.75,8.77,83094.95
2026-03-31 20:00:00+00:00,8.78,8.82,8.77,8.8,53518.63
2026-03-31 21:00:00+00:00,8.81,8.81,8.74,8.77,48721.17
2026-03-31 22:00:00+00:00,8.77,8.78,8.71,8.75,81323.11
2026-03-31 23:00:00+00:00,8.75,8.8,8.73,8.78,76141.57
2026-04-01 00:00:00+00:00,8.78,8.83,8.75,8.83,69079.04
2026-04-01 01:00:00+00:00,8.83,8.84,8.75,8.76,83392.97
2026-04-01 02:00:00+00:00,8.76,8.79,8.74,8.76,45116.42
2026-04-01 03:00:00+00:00,8.76,8.83,8.76,8.82,47095.36
2026-04-01 04:00:00+00:00,8.83,8.86,8.79,8.85,48123.94
2026-04-01 05:00:00+00:00,8.85,8.95,8.82,8.91,121816.09
2026-04-01 06:00:00+00:00,8.92,9.11,8.91,9.1,240130.13
2026-04-01 07:00:00+00:00,9.1,9.2,9.04,9.06,360061.27
2026-04-01 08:00:00+00:00,9.06,9.11,9.04,9.05,214470.26
2026-04-01 09:00:00+00:00,9.06,9.06,8.98,9.04,104318.64
2026-04-01 10:00:00+00:00,9.05,9.06,9.0,9.03,69213.92
2026-04-01 11:00:00+00:00,9.02,9.04,9.0,9.02,51091.37
2026-04-01 12:00:00+00:00,9.03,9.1,8.98,8.99,263183.48
2026-04-01 13:00:00+00:00,8.99,9.03,8.92,8.95,168769.42
2026-04-01 14:00:00+00:00,8.95,9.01,8.93,9.0,181778.73
2026-04-01 15:00:00+00:00,9.01,9.02,8.94,9.01,101106.56
2026-04-01 16:00:00+00:00,9.0,9.07,8.95,9.04,130290.11
2026-04-01 17:00:00+00:00,9.05,9.14,8.98,9.01,119907.75
2026-04-01 18:00:00+00:00,9.01,9.02,8.95,8.96,101682.67
2026-04-01 19:00:00+00:00,8.96,9.03,8.96,9.02,68419.15
2026-04-01 20:00:00+00:00,9.02,9.03,8.93,8.97,207369.72
2026-04-01 21:00:00+00:00,8.97,9.04,8.97,9.01,137065.04
2026-04-01 22:00:00+00:00,9.0,9.02,8.94,8.94,112110.86
2026-04-01 23:00:00+00:00,8.95,8.97,8.92,8.94,75743.05
2026-04-02 00:00:00+00:00,8.94,9.01,8.93,9.0,98650.04
2026-04-02 01:00:00+00:00,8.99,9.0,8.68,8.74,450894.35
2026-04-02 02:00:00+00:00,8.74,8.76,8.59,8.62,247768.01
2026-04-02 03:00:00+00:00,8.62,8.64,8.52,8.56,208876.13
2026-04-02 04:00:00+00:00,8.56,8.58,8.51,8.51,131356.6
2026-04-02 05:00:00+00:00,8.52,8.56,8.5,8.55,133534.67
2026-04-02 06:00:00+00:00,8.54,8.57,8.52,8.56,98463.73
2026-04-02 07:00:00+00:00,8.56,8.57,8.53,8.56,122728.87
2026-04-02 08:00:00+00:00,8.56,8.57,8.5,8.5,80065.72
2026-04-02 09:00:00+00:00,8.51,8.53,8.48,8.5,112614.51
2026-04-02 10:00:00+00:00,8.51,8.52,8.47,8.5,123253.74
2026-04-02 11:00:00+00:00,8.51,8.52,8.45,8.49,117072.64
2026-04-02 12:00:00+00:00,8.49,8.5,8.46,8.47,68955.22
2026-04-02 13:00:00+00:00,8.47,8.5,8.42,8.49,185856.93
2026-04-02 14:00:00+00:00,8.49,8.64,8.48,8.6,275417.96
2026-04-02 15:00:00+00:00,8.61,8.61,8.53,8.56,181606.36
2026-04-02 16:00:00+00:00,8.57,8.65,8.54,8.61,119097.05
2026-04-02 17:00:00+00:00,8.6,8.66,8.53,8.53,151726.21
2026-04-02 18:00:00+00:00,8.53,8.61,8.52,8.6,64038.83
2026-04-02 19:00:00+00:00,8.6,8.63,8.56,8.61,45628.02
2026-04-02 20:00:00+00:00,8.61,8.66,8.58,8.64,123018.27
2026-04-02 21:00:00+00:00,8.63,8.65,8.6,8.64,37469.05
2026-04-02 22:00:00+00:00,8.64,8.65,8.6,8.63,92014.12
2026-04-02 23:00:00+00:00,8.63,8.64,8.6,8.63,50984.64
2026-04-03 00:00:00+00:00,8.63,8.65,8.6,8.62,51294.94
2026-04-03 01:00:00+00:00,8.62,8.67,8.6,8.62,71036.67
2026-04-03 02:00:00+00:00,8.63,8.67,8.59,8.64,56707.12
2026-04-03 03:00:00+00:00,8.64,8.68,8.62,8.66,68753.13
2026-04-03 04:00:00+00:00,8.66,8.69,8.64,8.68,62766.92
2026-04-03 05:00:00+00:00,8.68,8.73,8.65,8.69,62111.63
2026-04-03 06:00:00+00:00,8.69,8.73,8.67,8.73,56860.52
2026-04-03 07:00:00+00:00,8.73,8.77,8.69,8.72,34523.42
2026-04-03 08:00:00+00:00,8.72,8.75,8.7,8.71,33860.67
2026-04-03 09:00:00+00:00,8.71,8.73,8.67,8.7,21382.79
2026-04-03 10:00:00+00:00,8.7,8.71,8.66,8.7,29994.86
2026-04-03 11:00:00+00:00,8.7,8.73,8.69,8.72,45529.59
2026-04-03 12:00:00+00:00,8.73,8.81,8.67,8.68,149593.61
2026-04-03 13:00:00+00:00,8.69,8.7,8.65,8.7,50620.02
2026-04-03 14:00:00+00:00,8.7,8.74,8.68,8.73,36226.68
2026-04-03 15:00:00+00:00,8.72,8.74,8.69,8.69,52861.92
2026-04-03 16:00:00+00:00,8.7,8.73,8.68,8.72,52638.62
2026-04-03 17:00:00+00:00,8.72,8.73,8.67,8.69,39613.07
2026-04-03 18:00:00+00:00,8.69,8.72,8.66,8.67,58664.91
2026-04-03 19:00:00+00:00,8.67,8.69,8.64,8.67,39878.94
2026-04-03 20:00:00+00:00,8.67,8.7,8.67,8.69,30192.8
2026-04-03 21:00:00+00:00,8.68,8.72,8.67,8.69,40300.43
2026-04-03 22:00:00+00:00,8.7,8.7,8.64,8.65,42408.08
2026-04-03 23:00:00+00:00,8.65,8.67,8.64,8.65,46891.91
2026-04-04 00:00:00+00:00,8.65,8.66,8.62,8.65,51969.28
2026-04-04 01:00:00+00:00,8.64,8.66,8.62,8.65,46734.97
2026-04-04 02:00:00+00:00,8.64,8.66,8.62,8.64,21680.86
2026-04-04 03:00:00+00:00,8.64,8.66,8.64,8.64,13063.96
2026-04-04 04:00:00+00:00,8.65,8.66,8.63,8.66,15892.27
2026-04-04 05:00:00+00:00,8.66,8.67,8.64,8.64,34735.77
2026-04-04 06:00:00+00:00,8.64,8.69,8.63,8.68,21000.1
2026-04-04 07:00:00+00:00,8.68,8.68,8.65,8.66,15894.25
2026-04-04 08:00:00+00:00,8.66,8.68,8.64,8.65,9449.37
2026-04-04 09:00:00+00:00,8.65,8.66,8.63,8.64,17007.43
2026-04-04 10:00:00+00:00,8.64,8.68,8.62,8.67,23878.18
2026-04-04 11:00:00+00:00,8.67,8.68,8.65,8.66,31375.49
2026-04-04 12:00:00+00:00,8.66,8.67,8.63,8.65,15293.56
2026-04-04 13:00:00+00:00,8.65,8.67,8.63,8.66,66110.87
2026-04-04 14:00:00+00:00,8.66,8.67,8.61,8.66,34911.12
2026-04-04 15:00:00+00:00,8.66,8.71,8.65,8.69,58684.93
2026-04-04 16:00:00+00:00,8.69,8.73,8.67,8.67,41079.52
2026-04-04 17:00:00+00:00,8.67,8.71,8.66,8.7,20373.97
2026-04-04 18:00:00+00:00,8.7,8.71,8.68,8.7,22417.73
2026-04-04 19:00:00+00:00,8.7,8.78,8.69,8.72,70315.63
2026-04-04 20:00:00+00:00,8.73,8.73,8.69,8.7,24005.03
2026-04-04 21:00:00+00:00,8.7,8.72,8.68,8.7,21350.45
2026-04-04 22:00:00+00:00,8.7,8.73,8.7,8.71,32135.31
2026-04-04 23:00:00+00:00,8.71,8.72,8.67,8.69,56923.98
2026-04-05 00:00:00+00:00,8.7,8.7,8.67,8.68,62718.77
2026-04-05 01:00:00+00:00,8.69,8.7,8.65,8.65,30398.37
2026-04-05 02:00:00+00:00,8.65,8.67,8.64,8.66,29985.12
2026-04-05 03:00:00+00:00,8.66,8.67,8.64,8.65,17578.94
2026-04-05 04:00:00+00:00,8.65,8.66,8.63,8.64,11145.86
2026-04-05 05:00:00+00:00,8.64,8.65,8.59,8.61,36062.72
2026-04-05 06:00:00+00:00,8.61,8.61,8.51,8.56,106560.88
2026-04-05 07:00:00+00:00,8.56,8.58,8.52,8.54,52800.62
2026-04-05 08:00:00+00:00,8.53,8.56,8.53,8.55,44304.36
2026-04-05 09:00:00+00:00,8.55,8.57,8.54,8.56,35339.42
2026-04-05 10:00:00+00:00,8.56,8.58,8.53,8.54,46640.03
2026-04-05 11:00:00+00:00,8.54,8.56,8.53,8.55,20645.87
2026-04-05 12:00:00+00:00,8.54,8.55,8.47,8.5,71682.03
2026-04-05 13:00:00+00:00,8.51,8.54,8.48,8.54,47975.45
2026-04-05 14:00:00+00:00,8.54,8.56,8.52,8.55,45826.65
2026-04-05 15:00:00+00:00,8.55,8.68,8.52,8.6,89497.89
2026-04-05 16:00:00+00:00,8.6,8.62,8.58,8.59,24281.92
2026-04-05 17:00:00+00:00,8.59,8.63,8.57,8.62,23602.35
2026-04-05 18:00:00+00:00,8.63,8.63,8.59,8.61,29676.48
2026-04-05 19:00:00+00:00,8.62,8.65,8.6,8.63,19343.9
2026-04-05 20:00:00+00:00,8.63,8.67,8.61,8.66,40723.55
2026-04-05 21:00:00+00:00,8.66,8.66,8.58,8.61,53724.67
2026-04-05 22:00:00+00:00,8.61,8.73,8.56,8.71,184621.0
2026-04-05 23:00:00+00:00,8.72,8.87,8.69,8.82,219355.56
2026-04-06 00:00:00+00:00,8.83,8.98,8.82,8.92,189803.23
2026-04-06 01:00:00+00:00,8.92,8.94,8.87,8.88,122856.44
2026-04-06 02:00:00+00:00,8.88,9.03,8.88,8.97,106860.02
2026-04-06 03:00:00+00:00,8.98,8.99,8.91,8.92,79321.39
2026-04-06 04:00:00+00:00,8.93,8.96,8.91,8.95,56990.43
2026-04-06 05:00:00+00:00,8.95,8.96,8.92,8.95,74085.93
2026-04-06 06:00:00+00:00,8.96,9.01,8.9,8.93,222265.97
2026-04-06 07:00:00+00:00,8.93,8.99,8.9,8.96,79218.38
2026-04-06 08:00:00+00:00,8.96,9.02,8.95,8.98,94261.11
2026-04-06 09:00:00+00:00,8.98,9.15,8.98,9.08,294207.28
2026-04-06 10:00:00+00:00,9.09,9.11,9.05,9.06,95473.1
2026-04-06 11:00:00+00:00,9.06,9.07,9.02,9.05,64894.6
2026-04-06 12:00:00+00:00,9.05,9.06,9.01,9.02,64193.06
2026-04-06 13:00:00+00:00,9.02,9.05,9.0,9.03,153019.41
2026-04-06 14:00:00+00:00,9.03,9.09,8.99,9.06,169559.05
2026-04-06 15:00:00+00:00,9.06,9.09,9.04,9.08,73820.88
2026-04-06 16:00:00+00:00,9.08,9.11,9.0,9.01,102469.66
2026-04-06 17:00:00+00:00,9.0,9.01,8.94,9.0,62883.22
2026-04-06 18:00:00+00:00,8.99,9.04,8.98,9.01,43399.36
2026-04-06 19:00:00+00:00,9.01,9.01,8.96,8.99,43874.8
2026-04-06 20:00:00+00:00,8.99,9.02,8.97,9.0,81557.0
2026-04-06 21:00:00+00:00,8.99,9.0,8.94,8.95,87585.31
2026-04-06 22:00:00+00:00,8.95,8.97,8.81,8.82,131494.97
2026-04-06 23:00:00+00:00,8.82,8.82,8.72,8.81,188364.76
2026-04-07 00:00:00+00:00,8.8,8.85,8.79,8.82,101509.05
2026-04-07 01:00:00+00:00,8.81,8.83,8.74,8.75,60821.49
2026-04-07 02:00:00+00:00,8.75,8.8,8.72,8.78,78217.53
2026-04-07 03:00:00+00:00,8.79,8.8,8.77,8.8,62424.1
2026-04-07 04:00:00+00:00,8.8,8.83,8.76,8.81,91603.96
2026-04-07 05:00:00+00:00,8.81,8.81,8.75,8.77,62322.77
2026-04-07 06:00:00+00:00,8.78,8.78,8.73,8.75,47046.38
2026-04-07 07:00:00+00:00,8.76,8.79,8.74,8.77,42251.09
2026-04-07 08:00:00+00:00,8.77,8.84,8.77,8.83,209478.52
2026-04-07 09:00:00+00:00,8.83,8.9,8.82,8.86,92271.33
2026-04-07 10:00:00+00:00,8.86,8.88,8.69,8.7,186895.42
2026-04-07 11:00:00+00:00,8.7,8.71,8.67,8.68,55369.03
2026-04-07 12:00:00+00:00,8.68,8.71,8.62,8.68,372088.18
2026-04-07 13:00:00+00:00,8.68,8.71,8.61,8.62,136119.47
2026-04-07 14:00:00+00:00,8.62,8.65,8.57,8.59,208596.96
2026-04-07 15:00:00+00:00,8.59,8.65,8.57,8.62,195159.26
2026-04-07 16:00:00+00:00,8.61,8.66,8.59,8.61,133713.94
2026-04-07 17:00:00+00:00,8.61,8.73,8.59,8.67,190979.97
2026-04-07 18:00:00+00:00,8.67,8.67,8.59,8.61,83169.44
2026-04-07 19:00:00+00:00,8.61,8.76,8.6,8.75,273409.69
2026-04-07 20:00:00+00:00,8.75,8.79,8.71,8.72,188332.55
2026-04-07 21:00:00+00:00,8.73,8.92,8.73,8.89,392400.29
2026-04-07 22:00:00+00:00,8.89,9.2,8.89,9.2,868497.28
2026-04-07 23:00:00+00:00,9.2,9.42,9.2,9.29,993919.05
2026-04-08 00:00:00+00:00,9.29,9.34,9.19,9.22,541715.44
2026-04-08 01:00:00+00:00,9.23,9.25,9.19,9.23,220617.49
2026-04-08 02:00:00+00:00,9.23,9.29,9.19,9.2,266431.32
2026-04-08 03:00:00+00:00,9.2,9.23,9.17,9.17,169055.82
2026-04-08 04:00:00+00:00,9.18,9.26,9.18,9.22,154144.57
2026-04-08 05:00:00+00:00,9.22,9.26,9.22,9.23,93859.13
2026-04-08 06:00:00+00:00,9.23,9.26,9.2,9.23,120484.36
2026-04-08 07:00:00+00:00,9.24,9.28,9.21,9.26,112188.24
2026-04-08 08:00:00+00:00,9.26,9.27,9.23,9.25,93068.57
2026-04-08 09:00:00+00:00,9.26,9.27,9.19,9.21,69160.5
2026-04-08 10:00:00+00:00,9.22,9.24,9.18,9.19,44344.62
2026-04-08 11:00:00+00:00,9.19,9.22,9.15,9.19,85971.67
2026-04-08 12:00:00+00:00,9.19,9.22,9.17,9.21,132962.95
2026-04-08 13:00:00+00:00,9.21,9.27,9.14,9.16,256535.09
2026-04-08 14:00:00+00:00,9.16,9.17,8.97,9.0,298525.7
2026-04-08 15:00:00+00:00,8.99,9.05,8.98,9.03,158639.99
2026-04-08 16:00:00+00:00,9.03,9.08,9.02,9.06,53190.03
2026-04-08 17:00:00+00:00,9.07,9.12,9.04,9.11,101557.67
2026-04-08 18:00:00+00:00,9.11,9.11,8.96,8.96,98419.29
2026-04-08 19:00:00+00:00,8.96,8.99,8.93,8.99,111455.64
2026-04-08 20:00:00+00:00,8.99,9.0,8.95,8.98,51440.14
2026-04-08 21:00:00+00:00,8.97,9.04,8.96,9.0,63587.12
2026-04-08 22:00:00+00:00,9.01,9.01,8.92,8.93,163977.09
2026-04-08 23:00:00+00:00,8.93,8.93,8.84,8.85,228897.89
2026-04-09 00:00:00+00:00,8.85,8.86,8.75,8.78,234109.76
2026-04-09 01:00:00+00:00,8.77,8.78,8.68,8.76,287733.75
2026-04-09 02:00:00+00:00,8.76,8.78,8.73,8.77,165894.15
2026-04-09 03:00:00+00:00,8.78,8.79,8.73,8.75,97312.29
2026-04-09 04:00:00+00:00,8.75,8.79,8.74,8.76,95878.86
2026-04-09 05:00:00+00:00,8.76,8.8,8.75,8.76,183035.22
2026-04-09 06:00:00+00:00,8.76,8.8,8.75,8.77,90040.2
2026-04-09 07:00:00+00:00,8.78,8.8,8.75,8.75,113930.7
2026-04-09 08:00:00+00:00,8.75,8.79,8.74,8.78,165070.25
2026-04-09 09:00:00+00:00,8.78,8.8,8.75,8.79,119098.5
2026-04-09 10:00:00+00:00,8.79,8.8,8.77,8.77,75860.47
2026-04-09 11:00:00+00:00,8.77,8.79,8.74,8.77,96872.91
2026-04-09 12:00:00+00:00,8.77,8.81,8.76,8.8,121703.67
2026-04-09 13:00:00+00:00,8.8,8.8,8.71,8.74,178982.13
2026-04-09 14:00:00+00:00,8.73,8.81,8.69,8.79,154957.6
2026-04-09 15:00:00+00:00,8.79,8.98,8.75,8.95,339020.84
2026-04-09 16:00:00+00:00,8.95,8.99,8.86,8.94,215766.13
2026-04-09 17:00:00+00:00,8.94,9.02,8.93,9.02,167073.8
2026-04-09 18:00:00+00:00,9.02,9.02,8.92,8.97,90113.54
2026-04-09 19:00:00+00:00,8.97,9.04,8.95,9.01,107205.62
2026-04-09 20:00:00+00:00,9.01,9.04,8.99,9.02,176516.86
2026-04-09 21:00:00+00:00,9.02,9.07,9.01,9.04,150394.06
2026-04-09 22:00:00+00:00,9.03,9.19,9.01,9.02,264649.74
2026-04-09 23:00:00+00:00,9.02,9.03,8.93,8.95,144059.65
2026-04-10 00:00:00+00:00,8.95,8.97,8.9,8.95,108937.75
2026-04-10 01:00:00+00:00,8.95,9.01,8.89,8.95,128358.5
2026-04-10 02:00:00+00:00,8.95,8.99,8.93,8.94,61625.99
2026-04-10 03:00:00+00:00,8.95,8.96,8.9,8.91,110836.91
2026-04-10 04:00:00+00:00,8.92,8.98,8.91,8.97,51530.13
2026-04-10 05:00:00+00:00,8.97,9.0,8.94,8.97,89554.77
2026-04-10 06:00:00+00:00,8.97,8.99,8.9,8.92,57751.01
2026-04-10 07:00:00+00:00,8.93,8.94,8.88,8.9,51703.73
2026-04-10 08:00:00+00:00,8.9,8.95,8.88,8.91,66968.84
2026-04-10 09:00:00+00:00,8.91,8.98,8.9,8.97,122709.68
2026-04-10 10:00:00+00:00,8.97,8.97,8.93,8.94,59797.72
2026-04-10 11:00:00+00:00,8.93,9.02,8.93,8.99,76185.61
2026-04-10 12:00:00+00:00,8.99,9.05,8.97,9.01,180845.54
2026-04-10 13:00:00+00:00,9.01,9.05,8.97,9.02,88576.87
2026-04-10 14:00:00+00:00,9.02,9.15,9.01,9.13,285140.65
2026-04-10 15:00:00+00:00,9.13,9.17,9.04,9.05,193450.9
2026-04-10 16:00:00+00:00,9.06,9.13,9.04,9.11,118327.1
2026-04-10 17:00:00+00:00,9.11,9.12,9.06,9.11,50671.37
2026-04-10 18:00:00+00:00,9.11,9.14,9.09,9.14,61419.86
2026-04-10 19:00:00+00:00,9.14,9.16,9.11,9.16,63923.96
2026-04-10 20:00:00+00:00,9.16,9.18,9.11,9.16,73632.37
2026-04-10 21:00:00+00:00,9.16,9.16,9.1,9.14,57299.81
2026-04-10 22:00:00+00:00,9.14,9.15,9.07,9.09,101869.26
2026-04-10 23:00:00+00:00,9.1,9.1,9.06,9.09,72568.23
2026-04-11 00:00:00+00:00,9.09,9.1,9.05,9.06,41684.3
2026-04-11 01:00:00+00:00,9.06,9.09,9.03,9.08,60508.97
2026-04-11 02:00:00+00:00,9.08,9.11,9.06,9.08,39574.22
2026-04-11 03:00:00+00:00,9.09,9.12,9.05,9.05,49243.05
2026-04-11 04:00:00+00:00,9.06,9.08,9.04,9.05,37966.22
2026-04-11 05:00:00+00:00,9.06,9.06,8.99,8.99,77252.51
2026-04-11 06:00:00+00:00,8.99,9.01,8.97,9.01,46184.5
2026-04-11 07:00:00+00:00,9.01,9.02,8.99,9.01,27228.48
2026-04-11 08:00:00+00:00,9.01,9.03,8.99,9.0,30332.63
2026-04-11 09:00:00+00:00,9.0,9.06,8.99,9.03,40315.06
2026-04-11 10:00:00+00:00,9.04,9.04,9.0,9.0,34276.37
2026-04-11 11:00:00+00:00,9.0,9.02,8.99,9.01,34418.06
2026-04-11 12:00:00+00:00,9.01,9.03,8.99,9.02,29510.27
2026-04-11 13:00:00+00:00,9.01,9.01,8.95,8.99,106245.91
2026-04-11 14:00:00+00:00,8.98,9.01,8.96,8.99,45733.62
2026-04-11 15:00:00+00:00,8.98,9.05,8.98,9.03,61588.96
2026-04-11 16:00:00+00:00,9.03,9.12,9.02,9.09,120266.48
2026-04-11 17:00:00+00:00,9.1,9.11,9.07,9.09,74669.49
2026-04-11 18:00:00+00:00,9.09,9.24,9.06,9.2,279393.47
2026-04-11 19:00:00+00:00,9.21,9.28,9.2,9.27,167872.98
2026-04-11 20:00:00+00:00,9.27,9.27,9.16,9.19,99294.68
2026-04-11 21:00:00+00:00,9.19,9.2,9.14,9.18,57392.2
2026-04-11 22:00:00+00:00,9.17,9.22,9.12,9.14,91258.85
2026-04-11 23:00:00+00:00,9.14,9.14,9.04,9.06,93914.4
2026-04-12 00:00:00+00:00,9.06,9.07,9.03,9.06,75943.55
2026-04-12 01:00:00+00:00,9.06,9.09,8.76,8.8,466866.15
2026-04-12 02:00:00+00:00,8.79,8.85,8.75,8.84,319016.13
2026-04-12 03:00:00+00:00,8.84,8.85,8.8,8.8,125655.6
2026-04-12 04:00:00+00:00,8.8,8.8,8.76,8.77,90791.22
2026-04-12 05:00:00+00:00,8.78,8.81,8.75,8.8,82568.75
2026-04-12 06:00:00+00:00,8.8,8.82,8.78,8.79,76422.48
2026-04-12 07:00:00+00:00,8.79,8.82,8.76,8.79,119668.11
2026-04-12 08:00:00+00:00,8.8,8.81,8.79,8.8,54250.73
2026-04-12 09:00:00+00:00,8.81,8.81,8.77,8.79,62641.29
2026-04-12 10:00:00+00:00,8.78,8.81,8.74,8.77,118041.82
2026-04-12 11:00:00+00:00,8.77,8.8,8.75,8.79,49912.64
2026-04-12 12:00:00+00:00,8.78,8.83,8.75,8.76,112970.02
2026-04-12 13:00:00+00:00,8.75,8.79,8.72,8.73,127301.87
2026-04-12 14:00:00+00:00,8.73,8.76,8.69,8.71,201649.65
2026-04-12 15:00:00+00:00,8.71,8.73,8.68,8.72,70970.42
2026-04-12 16:00:00+00:00,8.72,8.74,8.7,8.73,77354.26
2026-04-12 17:00:00+00:00,8.73,8.79,8.72,8.78,82457.91
2026-04-12 18:00:00+00:00,8.79,8.8,8.76,8.77,67022.35
2026-04-12 19:00:00+00:00,8.77,8.79,8.76,8.77,32035.55
2026-04-12 20:00:00+00:00,8.76,8.84,8.74,8.83,84770.11
2026-04-12 21:00:00+00:00,8.83,8.84,8.79,8.83,73989.35
2026-04-12 22:00:00+00:00,8.82,8.82,8.71,8.77,191574.63
2026-04-12 23:00:00+00:00,8.76,8.76,8.71,8.73,102643.09
2026-04-13 00:00:00+00:00,8.73,8.8,8.72,8.79,116162.37
2026-04-13 01:00:00+00:00,8.8,8.83,8.78,8.83,58831.22
2026-04-13 02:00:00+00:00,8.82,8.84,8.79,8.79,85939.37
2026-04-13 03:00:00+00:00,8.8,8.8,8.75,8.77,217191.08
2026-04-13 04:00:00+00:00,8.78,8.8,8.74,8.75,49283.33
2026-04-13 05:00:00+00:00,8.75,8.76,8.72,8.74,80264.91
2026-04-13 06:00:00+00:00,8.74,8.81,8.74,8.78,177425.6
2026-04-13 07:00:00+00:00,8.79,8.79,8.71,8.72,86364.74
2026-04-13 08:00:00+00:00,8.72,8.74,8.69,8.72,67280.74
2026-04-13 09:00:00+00:00,8.72,8.76,8.72,8.74,49778.0
2026-04-13 10:00:00+00:00,8.74,8.74,8.69,8.7,44462.86
2026-04-13 11:00:00+00:00,8.71,8.74,8.7,8.74,36470.08
2026-04-13 12:00:00+00:00,8.73,8.78,8.69,8.76,90656.06
2026-04-13 13:00:00+00:00,8.76,8.85,8.72,8.84,136626.31
2026-04-13 14:00:00+00:00,8.85,8.92,8.77,8.91,165248.99
2026-04-13 15:00:00+00:00,8.92,8.92,8.79,8.82,148452.91
2026-04-13 16:00:00+00:00,8.82,8.91,8.78,8.9,227724.12
2026-04-13 17:00:00+00:00,8.9,8.96,8.87,8.87,181293.31
2026-04-13 18:00:00+00:00,8.87,8.9,8.83,8.9,76228.64
2026-04-13 19:00:00+00:00,8.89,9.04,8.88,9.02,191137.77
2026-04-13 20:00:00+00:00,9.02,9.03,8.95,8.96,112276.15
2026-04-13 21:00:00+00:00,8.97,9.02,8.95,9.01,103793.37
2026-04-13 22:00:00+00:00,9.0,9.36,9.0,9.33,707060.55
2026-04-13 23:00:00+00:00,9.33,9.44,9.28,9.36,571668.71
2026-04-14 00:00:00+00:00,9.36,9.39,9.21,9.22,302799.92
2026-04-14 01:00:00+00:00,9.22,9.27,9.17,9.25,225430.6
2026-04-14 02:00:00+00:00,9.25,9.27,9.22,9.23,80222.23
2026-04-14 03:00:00+00:00,9.23,9.24,9.2,9.22,85430.5
2026-04-14 04:00:00+00:00,9.22,9.25,9.21,9.23,436470.81
2026-04-14 05:00:00+00:00,9.23,9.23,9.14,9.16,92085.08
2026-04-14 06:00:00+00:00,9.16,9.22,9.15,9.2,88985.57
2026-04-14 07:00:00+00:00,9.21,9.24,9.18,9.21,157653.65
2026-04-14 08:00:00+00:00,9.21,9.26,9.18,9.23,143690.28
2026-04-14 09:00:00+00:00,9.23,9.24,9.2,9.21,161201.7
2026-04-14 10:00:00+00:00,9.21,9.22,9.16,9.18,65178.6
2026-04-14 11:00:00+00:00,9.18,9.2,9.16,9.18,84129.25
2026-04-14 12:00:00+00:00,9.17,9.18,9.1,9.12,128556.11
2026-04-14 13:00:00+00:00,9.12,9.25,9.11,9.25,230114.4
2026-04-14 14:00:00+00:00,9.25,9.3,9.14,9.15,229728.93
2026-04-14 15:00:00+00:00,9.15,9.17,9.06,9.13,211352.42
2026-04-14 16:00:00+00:00,9.13,9.18,9.04,9.07,136934.21
2026-04-14 17:00:00+00:00,9.08,9.12,9.03,9.09,159191.42
2026-04-14 18:00:00+00:00,9.1,9.12,8.95,8.97,111906.5
2026-04-14 19:00:00+00:00,8.97,9.02,8.93,8.99,151004.87
2026-04-14 20:00:00+00:00,8.99,9.03,8.97,9.0,117928.13
2026-04-14 21:00:00+00:00,9.01,9.05,9.0,9.04,57363.72
2026-04-14 22:00:00+00:00,9.04,9.05,8.98,9.0,96252.13
2026-04-14 23:00:00+00:00,9.0,9.04,8.99,9.02,55820.98
2026-04-15 00:00:00+00:00,9.02,9.09,9.02,9.05,114458.51
2026-04-15 01:00:00+00:00,9.05,9.12,9.04,9.09,83209.82
2026-04-15 02:00:00+00:00,9.08,9.1,9.03,9.06,57928.18
2026-04-15 03:00:00+00:00,9.06,9.08,9.04,9.07,27276.27
2026-04-15 04:00:00+00:00,9.08,9.1,9.06,9.08,74873.64
2026-04-15 05:00:00+00:00,9.08,9.12,9.02,9.04,76759.17
2026-04-15 06:00:00+00:00,9.04,9.05,9.02,9.03,56835.65
2026-04-15 07:00:00+00:00,9.03,9.06,8.99,9.01,118406.29
2026-04-15 08:00:00+00:00,9.01,9.1,9.0,9.08,45284.13
2026-04-15 09:00:00+00:00,9.08,9.09,9.04,9.07,40303.44
2026-04-15 10:00:00+00:00,9.07,9.11,9.03,9.06,79951.43
2026-04-15 11:00:00+00:00,9.07,9.16,9.06,9.14,101782.17
2026-04-15 12:00:00+00:00,9.15,9.19,9.11,9.17,141875.47
2026-04-15 13:00:00+00:00,9.17,9.18,9.1,9.15,169959.73
2026-04-15 14:00:00+00:00,9.14,9.22,9.13,9.2,130466.69
2026-04-15 15:00:00+00:00,9.21,9.25,9.13,9.17,140527.03
2026-04-15 16:00:00+00:00,9.16,9.22,9.15,9.21,99526.66
2026-04-15 17:00:00+00:00,9.21,9.26,9.2,9.25,98839.29
2026-04-15 18:00:00+00:00,9.25,9.29,9.23,9.28,76392.56
2026-04-15 19:00:00+00:00,9.28,9.37,9.27,9.32,211661.36
2026-04-15 20:00:00+00:00,9.33,9.34,9.25,9.29,80249.32
2026-04-15 21:00:00+00:00,9.28,9.3,9.24,9.29,85686.52
2026-04-15 22:00:00+00:00,9.29,9.35,9.27,9.28,125072.32
2026-04-15 23:00:00+00:00,9.27,9.28,9.22,9.26,97464.18
2026-04-16 00:00:00+00:00,9.26,9.27,9.21,9.27,71467.16
2026-04-16 01:00:00+00:00,9.26,9.26,9.21,9.23,41902.37
2026-04-16 02:00:00+00:00,9.24,9.34,9.24,9.28,86593.17
2026-04-16 03:00:00+00:00,9.28,9.32,9.27,9.28,105092.25
2026-04-16 04:00:00+00:00,9.27,9.35,9.26,9.3,144024.74
2026-04-16 05:00:00+00:00,9.3,9.37,9.28,9.31,165284.26
2026-04-16 06:00:00+00:00,9.31,9.32,9.26,9.29,75512.39
2026-04-16 07:00:00+00:00,9.29,9.34,9.25,9.29,154629.51
2026-04-16 08:00:00+00:00,9.3,9.33,9.27,9.29,90410.59
2026-04-16 09:00:00+00:00,9.28,9.34,9.25,9.27,121901.78
2026-04-16 10:00:00+00:00,9.26,9.27,9.21,9.24,91347.74
2026-04-16 11:00:00+00:00,9.25,9.29,9.24,9.28,78837.44
2026-04-16 12:00:00+00:00,9.29,9.36,9.28,9.33,105691.72
2026-04-16 13:00:00+00:00,9.33,9.44,9.15,9.24,388535.6
2026-04-16 14:00:00+00:00,9.24,9.27,9.11,9.24,382593.35
2026-04-16 15:00:00+00:00,9.23,9.47,9.22,9.46,329207.9
2026-04-16 16:00:00+00:00,9.46,9.49,9.31,9.34,283825.43
2026-04-16 17:00:00+00:00,9.34,9.44,9.31,9.41,162291.59
2026-04-16 18:00:00+00:00,9.42,9.61,9.38,9.58,377591.6
2026-04-16 19:00:00+00:00,9.58,9.66,9.54,9.64,229653.69
2026-04-16 20:00:00+00:00,9.65,9.68,9.49,9.54,123486.84
2026-04-16 21:00:00+00:00,9.54,9.57,9.46,9.54,121388.84
2026-04-16 22:00:00+00:00,9.54,9.58,9.47,9.51,202641.36
2026-04-16 23:00:00+00:00,9.5,9.61,9.5,9.59,148444.85
2026-04-17 00:00:00+00:00,9.6,9.62,9.5,9.52,172004.57
2026-04-17 01:00:00+00:00,9.52,9.54,9.42,9.45,157100.53
2026-04-17 02:00:00+00:00,9.45,9.48,9.39,9.43,78070.46
2026-04-17 03:00:00+00:00,9.44,9.45,9.4,9.42,74182.49
2026-04-17 04:00:00+00:00,9.41,9.45,9.4,9.41,51381.64
2026-04-17 05:00:00+00:00,9.41,9.41,9.34,9.34,80707.44
2026-04-17 06:00:00+00:00,9.35,9.43,9.34,9.42,58700.91
2026-04-17 07:00:00+00:00,9.42,9.48,9.41,9.47,59306.16
2026-04-17 08:00:00+00:00,9.47,9.57,9.46,9.54,150597.84
2026-04-17 09:00:00+00:00,9.54,9.61,9.49,9.55,149472.14
2026-04-17 10:00:00+00:00,9.56,9.58,9.46,9.5,116968.05
2026-04-17 11:00:00+00:00,9.5,9.57,9.49,9.51,106678.48
2026-04-17 12:00:00+00:00,9.52,9.65,9.46,9.62,173927.45
2026-04-17 13:00:00+00:00,9.62,9.81,9.59,9.78,437473.36
2026-04-17 14:00:00+00:00,9.79,9.87,9.76,9.82,326627.95
2026-04-17 15:00:00+00:00,9.81,9.81,9.71,9.76,131884.63
2026-04-17 16:00:00+00:00,9.76,9.84,9.74,9.83,171068.89
2026-04-17 17:00:00+00:00,9.83,9.83,9.67,9.74,155279.18
2026-04-17 18:00:00+00:00,9.74,9.75,9.63,9.66,127782.34
2026-04-17 19:00:00+00:00,9.66,9.7,9.63,9.67,68212.81
2026-04-17 20:00:00+00:00,9.67,9.69,9.6,9.64,54873.83
2026-04-17 21:00:00+00:00,9.65,9.67,9.6,9.66,74392.72
2026-04-17 22:00:00+00:00,9.66,9.71,9.63,9.67,85063.14
2026-04-17 23:00:00+00:00,9.66,9.67,9.58,9.62,73574.68
2026-04-18 00:00:00+00:00,9.61,9.64,9.58,9.61,93863.6
2026-04-18 01:00:00+00:00,9.62,9.65,9.57,9.59,82436.47
2026-04-18 02:00:00+00:00,9.59,9.63,9.56,9.61,60686.44
2026-04-18 03:00:00+00:00,9.61,9.62,9.54,9.56,99416.33
2026-04-18 04:00:00+00:00,9.56,9.59,9.54,9.58,48047.45
2026-04-18 05:00:00+00:00,9.57,9.62,9.57,9.6,47408.95
2026-04-18 06:00:00+00:00,9.61,9.63,9.58,9.62,93403.69
2026-04-18 07:00:00+00:00,9.62,9.63,9.59,9.6,45849.92
2026-04-18 08:00:00+00:00,9.61,9.61,9.44,9.49,236898.27
2026-04-18 09:00:00+00:00,9.5,9.51,9.43,9.48,118400.86
2026-04-18 10:00:00+00:00,9.47,9.47,9.38,9.41,286071.16
2026-04-18 11:00:00+00:00,9.4,9.42,9.33,9.41,273292.94
2026-04-18 12:00:00+00:00,9.4,9.46,9.36,9.37,263127.35
2026-04-18 13:00:00+00:00,9.38,9.39,9.32,9.38,174900.72
2026-04-18 14:00:00+00:00,9.38,9.42,9.36,9.4,58199.03
2026-04-18 15:00:00+00:00,9.41,9.43,9.37,9.38,89205.4
2026-04-18 16:00:00+00:00,9.39,9.42,9.34,9.36,85880.53
2026-04-18 17:00:00+00:00,9.36,9.39,9.34,9.37,51322.42
2026-04-18 18:00:00+00:00,9.37,9.38,9.26,9.27,155004.86
2026-04-18 19:00:00+00:00,9.27,9.32,9.26,9.29,52273.91
2026-04-18 20:00:00+00:00,9.29,9.33,9.26,9.31,58605.13
2026-04-18 21:00:00+00:00,9.31,9.33,9.29,9.32,36045.36
2026-04-18 22:00:00+00:00,9.32,9.33,9.28,9.32,49857.03
2026-04-18 23:00:00+00:00,9.33,9.35,9.28,9.28,29501.27
2026-04-19 00:00:00+00:00,9.29,9.3,9.21,9.25,279900.91
2026-04-19 01:00:00+00:00,9.25,9.26,9.2,9.23,85614.17
2026-04-19 02:00:00+00:00,9.23,9.23,9.16,9.2,119918.87
2026-04-19 03:00:00+00:00,9.2,9.26,9.16,9.23,85085.86
2026-04-19 04:00:00+00:00,9.22,9.3,9.18,9.23,224275.19
2026-04-19 05:00:00+00:00,9.23,9.25,9.2,9.2,63178.17
2026-04-19 06:00:00+00:00,9.2,9.23,9.15,9.2,136021.77
2026-04-19 07:00:00+00:00,9.21,9.21,9.1,9.17,200051.04
2026-04-19 08:00:00+00:00,9.17,9.19,9.15,9.17,91335.51
2026-04-19 09:00:00+00:00,9.18,9.18,9.12,9.12,72487.5
2026-04-19 10:00:00+00:00,9.12,9.16,9.11,9.15,43876.92
2026-04-19 11:00:00+00:00,9.15,9.23,9.14,9.21,50272.04
2026-04-19 12:00:00+00:00,9.21,9.27,9.21,9.24,78958.14
2026-04-19 13:00:00+00:00,9.24,9.38,9.24,9.3,164818.62
2026-04-19 14:00:00+00:00,9.3,9.35,9.26,9.32,78291.83
2026-04-19 15:00:00+00:00,9.31,9.32,9.2,9.29,163359.65
2026-04-19 16:00:00+00:00,9.29,9.3,9.2,9.22,90046.82
2026-04-19 17:00:00+00:00,9.22,9.23,9.13,9.14,162009.24
2026-04-19 18:00:00+00:00,9.14,9.16,9.11,9.14,167956.43
2026-04-19 19:00:00+00:00,9.14,9.21,9.14,9.18,102544.11
2026-04-19 20:00:00+00:00,9.18,9.18,9.11,9.14,51561.37
2026-04-19 21:00:00+00:00,9.13,9.16,9.08,9.1,94046.2
2026-04-19 22:00:00+00:00,9.09,9.1,9.0,9.08,262740.32
2026-04-19 23:00:00+00:00,9.08,9.08,9.02,9.06,94124.76
2026-04-20 00:00:00+00:00,9.06,9.15,9.05,9.13,115632.32
2026-04-20 01:00:00+00:00,9.13,9.19,9.12,9.17,56591.26
2026-04-20 02:00:00+00:00,9.17,9.18,9.12,9.15,71444.27
2026-04-20 03:00:00+00:00,9.16,9.21,9.14,9.19,45913.94
2026-04-20 04:00:00+00:00,9.2,9.2,9.16,9.18,28343.64
2026-04-20 05:00:00+00:00,9.19,9.19,9.1,9.12,48803.06
2026-04-20 06:00:00+00:00,9.12,9.23,9.12,9.22,69756.4
2026-04-20 07:00:00+00:00,9.22,9.36,9.2,9.24,270328.89
2026-04-20 08:00:00+00:00,9.25,9.26,9.16,9.17,81786.58
2026-04-20 09:00:00+00:00,9.17,9.28,9.15,9.27,176165.77
2026-04-20 10:00:00+00:00,9.27,9.32,9.19,9.22,334830.98
2026-04-20 11:00:00+00:00,9.22,9.23,9.19,9.21,53801.17
2026-04-20 12:00:00+00:00,9.21,9.28,9.19,9.26,59872.47
2026-04-20 13:00:00+00:00,9.25,9.27,9.21,9.24,96606.43
2026-04-20 14:00:00+00:00,9.24,9.3,9.16,9.19,145341.06
2026-04-20 15:00:00+00:00,9.2,9.28,9.14,9.27,133772.34
2026-04-20 16:00:00+00:00,9.27,9.27,9.21,9.22,52798.22
2026-04-20 17:00:00+00:00,9.22,9.32,9.2,9.29,85847.63
2026-04-20 18:00:00+00:00,9.29,9.35,9.29,9.34,132902.33
2026-04-20 19:00:00+00:00,9.34,9.35,9.3,9.33,59362.64
2026-04-20 20:00:00+00:00,9.32,9.37,9.3,9.36,71878.83
2026-04-20 21:00:00+00:00,9.36,9.41,9.3,9.34,129514.34
2026-04-20 22:00:00+00:00,9.34,9.38,9.3,9.32,92877.96
2026-04-20 23:00:00+00:00,9.31,9.31,9.26,9.29,63960.67
2026-04-21 00:00:00+00:00,9.29,9.34,9.28,9.31,56354.95
2026-04-21 01:00:00+00:00,9.32,9.36,9.3,9.31,45754.58
2026-04-21 02:00:00+00:00,9.31,9.32,9.28,9.29,90316.16
2026-04-21 03:00:00+00:00,9.28,9.31,9.24,9.29,43479.71
2026-04-21 04:00:00+00:00,9.29,9.33,9.27,9.32,76872.44
2026-04-21 05:00:00+00:00,9.33,9.38,9.32,9.35,75046.74
2026-04-21 06:00:00+00:00,9.36,9.39,9.31,9.34,33840.61
2026-04-21 07:00:00+00:00,9.34,9.4,9.31,9.36,85660.76
2026-04-21 08:00:00+00:00,9.37,9.45,9.34,9.38,78984.04
2026-04-21 09:00:00+00:00,9.38,9.43,9.36,9.42,52064.75
2026-04-21 10:00:00+00:00,9.42,9.49,9.42,9.46,58204.86
2026-04-21 11:00:00+00:00,9.47,9.47,9.37,9.42,143110.12
2026-04-21 12:00:00+00:00,9.41,9.47,9.34,9.4,370248.67
2026-04-21 13:00:00+00:00,9.4,9.43,9.37,9.39,94730.39
2026-04-21 14:00:00+00:00,9.39,9.47,9.35,9.38,129014.53
2026-04-21 15:00:00+00:00,9.37,9.43,9.35,9.42,71477.18
2026-04-21 16:00:00+00:00,9.42,9.44,9.36,9.37,83898.35
2026-04-21 17:00:00+00:00,9.36,9.39,9.27,9.34,163452.33
2026-04-21 18:00:00+00:00,9.34,9.36,9.28,9.33,130952.8
2026-04-21 19:00:00+00:00,9.33,9.4,9.24,9.27,111098.35
2026-04-21 20:00:00+00:00,9.26,9.41,9.26,9.37,193100.04
2026-04-21 21:00:00+00:00,9.37,9.38,9.33,9.35,40377.0
2026-04-21 22:00:00+00:00,9.35,9.36,9.28,9.29,89777.36
2026-04-21 23:00:00+00:00,9.29,9.42,9.29,9.4,159479.94
2026-04-22 00:00:00+00:00,9.4,9.43,9.39,9.41,121345.47
2026-04-22 01:00:00+00:00,9.42,9.43,9.37,9.4,75918.15
2026-04-22 02:00:00+00:00,9.4,9.53,9.39,9.52,212454.07
2026-04-22 03:00:00+00:00,9.52,9.52,9.45,9.5,82289.53
2026-04-22 04:00:00+00:00,9.51,9.52,9.47,9.49,52554.73
2026-04-22 05:00:00+00:00,9.49,9.56,9.48,9.53,270495.22
2026-04-22 06:00:00+00:00,9.53,9.54,9.49,9.51,48741.86
2026-04-22 07:00:00+00:00,9.52,9.53,9.48,9.51,80607.32
2026-04-22 08:00:00+00:00,9.5,9.53,9.47,9.51,62525.39
2026-04-22 09:00:00+00:00,9.51,9.55,9.5,9.51,67335.25
2026-04-22 10:00:00+00:00,9.51,9.53,9.5,9.51,46317.33
2026-04-22 11:00:00+00:00,9.52,9.54,9.5,9.53,48381.59
2026-04-22 12:00:00+00:00,9.53,9.55,9.5,9.51,72430.64
2026-04-22 13:00:00+00:00,9.52,9.56,9.49,9.52,179951.72
2026-04-22 14:00:00+00:00,9.52,9.55,9.46,9.51,180382.52
2026-04-22 15:00:00+00:00,9.51,9.52,9.46,9.49,119488.2
2026-04-22 16:00:00+00:00,9.49,9.51,9.42,9.44,94548.24
2026-04-22 17:00:00+00:00,9.43,9.48,9.43,9.47,58069.86
2026-04-22 18:00:00+00:00,9.46,9.49,9.44,9.44,59288.49
2026-04-22 19:00:00+00:00,9.44,9.45,9.37,9.41,81542.74
2026-04-22 20:00:00+00:00,9.42,9.42,9.37,9.38,52745.51
2026-04-22 21:00:00+00:00,9.37,9.42,9.37,9.41,26807.7
2026-04-22 22:00:00+00:00,9.41,9.42,9.36,9.38,83894.99
2026-04-22 23:00:00+00:00,9.37,9.38,9.28,9.29,111193.23
2026-04-23 00:00:00+00:00,9.29,9.32,9.18,9.29,198158.73
2026-04-23 01:00:00+00:00,9.29,9.3,9.22,9.24,108373.07
2026-04-23 02:00:00+00:00,9.24,9.25,9.17,9.2,92276.76
2026-04-23 03:00:00+00:00,9.2,9.21,9.14,9.18,103677.65
2026-04-23 04:00:00+00:00,9.18,9.21,9.16,9.21,44052.32
2026-04-23 05:00:00+00:00,9.21,9.23,9.18,9.22,56288.94
2026-04-23 06:00:00+00:00,9.22,9.27,9.22,9.26,87434.22
2026-04-23 07:00:00+00:00,9.25,9.27,9.23,9.23,48453.82
2026-04-23 08:00:00+00:00,9.23,9.25,9.2,9.22,49525.85
2026-04-23 09:00:00+00:00,9.22,9.23,9.17,9.2,88588.92
2026-04-23 10:00:00+00:00,9.19,9.22,9.16,9.18,158918.83
2026-04-23 11:00:00+00:00,9.18,9.28,9.18,9.26,52548.63
2026-04-23 12:00:00+00:00,9.27,9.3,9.24,9.26,109124.42
2026-04-23 13:00:00+00:00,9.27,9.28,9.24,9.25,43886.59
2026-04-23 14:00:00+00:00,9.25,9.34,9.24,9.34,97886.1
2026-04-23 15:00:00+00:00,9.33,9.39,9.3,9.35,101495.22
2026-04-23 16:00:00+00:00,9.35,9.36,9.29,9.3,51690.59
2026-04-23 17:00:00+00:00,9.3,9.31,9.15,9.24,321401.67
2026-04-23 18:00:00+00:00,9.24,9.28,9.22,9.23,119642.32
2026-04-23 19:00:00+00:00,9.22,9.3,9.2,9.27,162837.17
2026-04-23 20:00:00+00:00,9.27,9.32,9.27,9.3,71423.31
2026-04-23 21:00:00+00:00,9.29,9.33,9.28,9.31,30738.92
2026-04-23 22:00:00+00:00,9.31,9.35,9.31,9.32,49229.59
2026-04-23 23:00:00+00:00,9.32,9.36,9.3,9.35,56468.4
2026-04-24 00:00:00+00:00,9.35,9.39,9.35,9.38,73160.83
2026-04-24 01:00:00+00:00,9.38,9.39,9.33,9.38,67823.87
2026-04-24 02:00:00+00:00,9.38,9.39,9.32,9.33,84650.49
2026-04-24 03:00:00+00:00,9.34,9.34,9.25,9.3,69514.77
2026-04-24 04:00:00+00:00,9.3,9.3,9.25,9.27,45204.73
2026-04-24 05:00:00+00:00,9.26,9.31,9.24,9.29,39254.91
2026-04-24 06:00:00+00:00,9.29,9.31,9.27,9.29,29854.65
2026-04-24 07:00:00+00:00,9.3,9.32,9.27,9.28,34448.62
2026-04-24 08:00:00+00:00,9.28,9.32,9.27,9.29,39415.98
2026-04-24 09:00:00+00:00,9.3,9.3,9.25,9.27,54592.4
2026-04-24 10:00:00+00:00,9.26,9.32,9.25,9.3,26130.65
2026-04-24 11:00:00+00:00,9.3,9.39,9.3,9.35,76012.69
2026-04-24 12:00:00+00:00,9.36,9.39,9.33,9.35,59123.53
2026-04-24 13:00:00+00:00,9.36,9.4,9.32,9.34,67212.46
2026-04-24 14:00:00+00:00,9.33,9.37,9.3,9.35,54453.7
2026-04-24 15:00:00+00:00,9.35,9.38,9.29,9.37,52823.34
2026-04-24 16:00:00+00:00,9.37,9.38,9.32,9.37,48772.1
2026-04-24 17:00:00+00:00,9.37,9.4,9.34,9.38,77641.39
2026-04-24 18:00:00+00:00,9.39,9.41,9.35,9.4,24818.26
2026-04-24 19:00:00+00:00,9.39,9.44,9.38,9.41,30556.75
2026-04-24 20:00:00+00:00,9.41,9.44,9.37,9.43,41250.23
2026-04-24 21:00:00+00:00,9.43,9.45,9.38,9.4,70262.68
2026-04-24 22:00:00+00:00,9.39,9.4,9.36,9.37,38157.65
2026-04-24 23:00:00+00:00,9.37,9.39,9.36,9.38,25171.49
2026-04-25 00:00:00+00:00,9.38,9.4,9.35,9.39,76720.55
2026-04-25 01:00:00+00:00,9.38,9.43,9.38,9.42,35541.11
2026-04-25 02:00:00+00:00,9.41,9.43,9.4,9.42,30053.51
2026-04-25 03:00:00+00:00,9.41,9.43,9.4,9.42,32393.18
2026-04-25 04:00:00+00:00,9.43,9.43,9.41,9.42,21440.41
2026-04-25 05:00:00+00:00,9.42,9.43,9.39,9.42,20794.55
2026-04-25 06:00:00+00:00,9.41,9.45,9.41,9.42,20839.99
2026-04-25 07:00:00+00:00,9.42,9.42,9.4,9.41,20778.19
2026-04-25 08:00:00+00:00,9.4,9.42,9.39,9.41,21690.87
2026-04-25 09:00:00+00:00,9.41,9.44,9.39,9.43,61179.46
2026-04-25 10:00:00+00:00,9.42,9.44,9.42,9.43,17759.34
2026-04-25 11:00:00+00:00,9.43,9.43,9.37,9.4,29667.43
2026-04-25 12:00:00+00:00,9.4,9.4,9.37,9.39,32103.43
2026-04-25 13:00:00+00:00,9.4,9.42,9.39,9.41,35838.95
2026-04-25 14:00:00+00:00,9.41,9.42,9.38,9.38,33998.81
2026-04-25 15:00:00+00:00,9.37,9.39,9.33,9.35,37240.5
2026-04-25 16:00:00+00:00,9.35,9.37,9.3,9.33,72608.3
2026-04-25 17:00:00+00:00,9.32,9.35,9.3,9.31,55720.32
2026-04-25 18:00:00+00:00,9.31,9.32,9.28,9.31,31322.7
2026-04-25 19:00:00+00:00,9.3,9.32,9.29,9.3,8184.77
2026-04-25 20:00:00+00:00,9.31,9.33,9.29,9.32,24923.66
2026-04-25 21:00:00+00:00,9.33,9.35,9.32,9.33,33998.15
2026-04-25 22:00:00+00:00,9.32,9.37,9.32,9.34,36174.12
2026-04-25 23:00:00+00:00,9.35,9.36,9.33,9.34,42190.3
2026-04-26 00:00:00+00:00,9.35,9.35,9.3,9.31,42951.27
2026-04-26 01:00:00+00:00,9.32,9.33,9.3,9.31,28504.04
2026-04-26 02:00:00+00:00,9.3,9.34,9.3,9.32,12579.81
2026-04-26 03:00:00+00:00,9.32,9.35,9.3,9.32,20592.18
2026-04-26 04:00:00+00:00,9.32,9.38,9.31,9.36,28124.43
2026-04-26 05:00:00+00:00,9.36,9.42,9.35,9.39,71981.47
2026-04-26 06:00:00+00:00,9.39,9.41,9.39,9.41,48006.73
2026-04-26 07:00:00+00:00,9.41,9.43,9.39,9.43,55243.01
2026-04-26 08:00:00+00:00,9.43,9.45,9.4,9.42,57069.49
2026-04-26 09:00:00+00:00,9.42,9.45,9.42,9.43,28260.04
2026-04-26 10:00:00+00:00,9.44,9.45,9.42,9.45,25493.01
2026-04-26 11:00:00+00:00,9.45,9.49,9.43,9.47,51227.05
2026-04-26 12:00:00+00:00,9.47,9.48,9.42,9.44,71151.69
2026-04-26 13:00:00+00:00,9.44,9.46,9.42,9.43,37306.47
2026-04-26 14:00:00+00:00,9.43,9.5,9.42,9.48,77928.55
2026-04-26 15:00:00+00:00,9.48,9.5,9.47,9.5,56129.45
2026-04-26 16:00:00+00:00,9.5,9.5,9.44,9.45,64148.68
2026-04-26 17:00:00+00:00,9.44,9.47,9.43,9.45,23935.13
2026-04-26 18:00:00+00:00,9.46,9.51,9.44,9.49,82048.29
2026-04-26 19:00:00+00:00,9.49,9.54,9.47,9.49,85279.05
2026-04-26 20:00:00+00:00,9.48,9.5,9.45,9.45,51011.5
2026-04-26 21:00:00+00:00,9.45,9.5,9.42,9.48,81922.56
2026-04-26 22:00:00+00:00,9.48,9.52,9.43,9.47,100714.88
2026-04-26 23:00:00+00:00,9.46,9.53,9.45,9.48,44840.02
2026-04-27 00:00:00+00:00,9.48,9.55,9.44,9.54,150949.56
2026-04-27 01:00:00+00:00,9.55,9.59,9.49,9.57,124567.81
2026-04-27 02:00:00+00:00,9.58,9.58,9.53,9.56,50208.59
2026-04-27 03:00:00+00:00,9.55,9.6,9.54,9.55,94919.32
2026-04-27 04:00:00+00:00,9.55,9.57,9.52,9.53,68859.4
2026-04-27 05:00:00+00:00,9.54,9.54,9.33,9.35,222280.58
2026-04-27 06:00:00+00:00,9.36,9.38,9.3,9.33,79140.66
2026-04-27 07:00:00+00:00,9.34,9.34,9.31,9.31,58397.24
2026-04-27 08:00:00+00:00,9.31,9.34,9.3,9.33,63065.34
2026-04-27 09:00:00+00:00,9.34,9.36,9.32,9.35,44194.75
2026-04-27 10:00:00+00:00,9.34,9.35,9.32,9.32,33050.61
2026-04-27 11:00:00+00:00,9.32,9.34,9.3,9.33,20439.72
2026-04-27 12:00:00+00:00,9.33,9.34,9.3,9.3,46152.83
2026-04-27 13:00:00+00:00,9.31,9.32,9.26,9.29,97900.93
2026-04-27 14:00:00+00:00,9.3,9.38,9.29,9.32,114143.83
2026-04-27 15:00:00+00:00,9.32,9.32,9.15,9.18,239939.87
2026-04-27 16:00:00+00:00,9.18,9.22,9.16,9.2,98306.24
2026-04-27 17:00:00+00:00,9.2,9.25,9.2,9.23,63729.19
2026-04-27 18:00:00+00:00,9.22,9.25,9.21,9.24,42095.28
2026-04-27 19:00:00+00:00,9.23,9.25,9.19,9.21,29619.84
2026-04-27 20:00:00+00:00,9.22,9.24,9.21,9.23,21407.43
2026-04-27 21:00:00+00:00,9.22,9.26,9.21,9.23,42235.59
2026-04-27 22:00:00+00:00,9.22,9.27,9.21,9.27,52100.51
2026-04-27 23:00:00+00:00,9.26,9.34,9.26,9.33,68393.31
2026-04-28 00:00:00+00:00,9.32,9.34,9.3,9.32,75989.54
2026-04-28 01:00:00+00:00,9.32,9.33,9.3,9.3,44625.7
2026-04-28 02:00:00+00:00,9.31,9.32,9.24,9.27,71318.79
2026-04-28 03:00:00+00:00,9.27,9.29,9.25,9.29,33579.87
2026-04-28 04:00:00+00:00,9.28,9.31,9.26,9.28,47647.79
2026-04-28 05:00:00+00:00,9.27,9.32,9.27,9.29,50539.08
2026-04-28 06:00:00+00:00,9.29,9.3,9.22,9.25,45377.4
2026-04-28 07:00:00+00:00,9.24,9.26,9.2,9.26,47771.93
2026-04-28 08:00:00+00:00,9.26,9.28,9.23,9.26,21074.93
2026-04-28 09:00:00+00:00,9.26,9.26,9.21,9.22,25219.8
2026-04-28 10:00:00+00:00,9.23,9.25,9.22,9.23,16664.92
2026-04-28 11:00:00+00:00,9.24,9.25,9.18,9.2,34106.5
2026-04-28 12:00:00+00:00,9.21,9.24,9.18,9.23,39495.63
2026-04-28 13:00:00+00:00,9.23,9.25,9.16,9.21,83704.25
2026-04-28 14:00:00+00:00,9.21,9.21,9.15,9.2,80616.18
2026-04-28 15:00:00+00:00,9.2,9.23,9.18,9.23,47394.09
2026-04-28 16:00:00+00:00,9.22,9.24,9.19,9.23,48539.29
2026-04-28 17:00:00+00:00,9.23,9.25,9.19,9.23,27595.28
2026-04-28 18:00:00+00:00,9.23,9.26,9.22,9.26,48582.88
2026-04-28 19:00:00+00:00,9.26,9.29,9.23,9.28,22533.66
2026-04-28 20:00:00+00:00,9.28,9.29,9.26,9.26,44071.31
2026-04-28 21:00:00+00:00,9.25,9.28,9.23,9.26,93816.1
2026-04-28 22:00:00+00:00,9.26,9.28,9.23,9.24,36079.64
2026-04-28 23:00:00+00:00,9.23,9.25,9.22,9.24,36576.84
2026-04-29 00:00:00+00:00,9.24,9.26,9.23,9.26,22165.62
2026-04-29 01:00:00+00:00,9.25,9.27,9.21,9.25,63193.67
2026-04-29 02:00:00+00:00,9.25,9.27,9.22,9.25,34895.79
2026-04-29 03:00:00+00:00,9.25,9.32,9.25,9.3,51838.17
2026-04-29 04:00:00+00:00,9.31,9.4,9.3,9.37,74233.51
2026-04-29 05:00:00+00:00,9.37,9.39,9.35,9.37,41932.46
2026-04-29 06:00:00+00:00,9.37,9.39,9.31,9.33,49940.93
2026-04-29 07:00:00+00:00,9.32,9.35,9.3,9.32,40871.0
2026-04-29 08:00:00+00:00,9.32,9.33,9.27,9.28,30009.77
2026-04-29 09:00:00+00:00,9.28,9.4,9.26,9.38,59599.66
2026-04-29 10:00:00+00:00,9.39,9.42,9.35,9.38,68710.51
2026-04-29 11:00:00+00:00,9.37,9.39,9.34,9.36,22016.93
2026-04-29 12:00:00+00:00,9.36,9.36,9.24,9.28,119219.3
2026-04-29 13:00:00+00:00,9.28,9.29,9.18,9.24,82462.3
2026-04-29 14:00:00+00:00,9.23,9.25,9.19,9.21,46913.98
2026-04-29 15:00:00+00:00,9.2,9.21,9.08,9.09,205319.17
2026-04-29 16:00:00+00:00,9.1,9.13,9.06,9.09,84409.98
2026-04-29 17:00:00+00:00,9.09,9.16,9.09,9.16,61727.44
2026-04-29 18:00:00+00:00,9.16,9.16,8.91,9.04,391686.2
2026-04-29 19:00:00+00:00,9.04,9.04,8.98,9.02,68645.09
2026-04-29 20:00:00+00:00,9.02,9.08,9.01,9.07,57813.36
2026-04-29 21:00:00+00:00,9.06,9.12,9.04,9.1,105824.12
2026-04-29 22:00:00+00:00,9.1,9.13,9.09,9.12,66595.61
2026-04-29 23:00:00+00:00,9.11,9.14,9.09,9.11,35042.19
2026-04-30 00:00:00+00:00,9.12,9.19,9.09,9.17,71173.92
2026-04-30 01:00:00+00:00,9.17,9.19,9.14,9.16,36491.36
2026-04-30 02:00:00+00:00,9.17,9.18,9.06,9.1,138595.11
2026-04-30 03:00:00+00:00,9.1,9.13,9.08,9.1,34517.14
2026-04-30 04:00:00+00:00,9.1,9.11,9.04,9.04,85729.54
2026-04-30 05:00:00+00:00,9.05,9.1,9.02,9.07,89992.97
2026-04-30 06:00:00+00:00,9.07,9.11,9.06,9.08,42586.61
2026-04-30 07:00:00+00:00,9.08,9.13,9.08,9.12,36072.12
2026-04-30 08:00:00+00:00,9.13,9.14,9.11,9.12,31715.94
2026-04-30 09:00:00+00:00,9.11,9.17,9.1,9.12,25233.68
2026-04-30 10:00:00+00:00,9.13,9.13,9.09,9.11,27994.28
2026-04-30 11:00:00+00:00,9.11,9.16,9.1,9.12,81938.24
2026-04-30 12:00:00+00:00,9.12,9.18,9.12,9.15,50389.36
2026-04-30 13:00:00+00:00,9.15,9.17,9.1,9.13,56439.01
2026-04-30 14:00:00+00:00,9.13,9.16,9.08,9.12,96561.27
2026-04-30 15:00:00+00:00,9.12,9.17,9.1,9.14,53860.57
2026-04-30 16:00:00+00:00,9.14,9.15,9.1,9.1,18491.84
2026-04-30 17:00:00+00:00,9.11,9.13,9.09,9.11,18815.73
2026-04-30 18:00:00+00:00,9.12,9.15,9.11,9.13,49540.98
2026-04-30 19:00:00+00:00,9.13,9.16,9.12,9.13,41483.87
2026-04-30 20:00:00+00:00,9.14,9.15,9.12,9.13,20917.26
2026-04-30 21:00:00+00:00,9.14,9.14,9.1,9.1,21130.22
2026-04-30 22:00:00+00:00,9.1,9.12,9.08,9.1,43583.46
2026-04-30 23:00:00+00:00,9.09,9.12,9.08,9.11,31528.75
2026-05-01 00:00:00+00:00,9.11,9.14,9.1,9.11,44830.24
2026-05-01 01:00:00+00:00,9.11,9.15,9.11,9.13,14301.37
2026-05-01 02:00:00+00:00,9.13,9.14,9.1,9.12,16419.43
2026-05-01 03:00:00+00:00,9.11,9.21,9.11,9.16,75731.72
2026-05-01 04:00:00+00:00,9.16,9.19,9.14,9.16,39696.77
2026-05-01 05:00:00+00:00,9.16,9.18,9.14,9.16,15068.09
2026-05-01 06:00:00+00:00,9.17,9.18,9.13,9.15,20287.31
2026-05-01 07:00:00+00:00,9.14,9.16,9.13,9.16,17636.25
2026-05-01 08:00:00+00:00,9.15,9.19,9.14,9.18,22384.7
2026-05-01 09:00:00+00:00,9.19,9.19,9.13,9.14,21602.72
2026-05-01 10:00:00+00:00,9.14,9.16,9.11,9.15,29222.38
2026-05-01 11:00:00+00:00,9.14,9.17,9.13,9.15,31387.24
2026-05-01 12:00:00+00:00,9.15,9.24,9.14,9.2,129000.88
2026-05-01 13:00:00+00:00,9.21,9.28,9.21,9.26,130415.6
2026-05-01 14:00:00+00:00,9.26,9.28,9.2,9.24,83437.24
2026-05-01 15:00:00+00:00,9.24,9.26,9.19,9.22,82385.73
2026-05-01 16:00:00+00:00,9.22,9.25,9.18,9.21,114104.9
2026-05-01 17:00:00+00:00,9.2,9.23,9.18,9.22,63584.8
2026-05-01 18:00:00+00:00,9.22,9.22,9.19,9.2,50794.42
2026-05-01 19:00:00+00:00,9.2,9.21,9.17,9.18,32039.04
2026-05-01 20:00:00+00:00,9.17,9.18,9.07,9.09,87040.16
2026-05-01 21:00:00+00:00,9.1,9.13,9.09,9.11,58964.96
2026-05-01 22:00:00+00:00,9.12,9.14,9.08,9.09,54282.34
2026-05-01 23:00:00+00:00,9.09,9.1,9.06,9.1,71539.74
2026-05-02 00:00:00+00:00,9.09,9.11,9.08,9.11,51805.93
2026-05-02 01:00:00+00:00,9.11,9.13,9.09,9.12,34074.47
2026-05-02 02:00:00+00:00,9.11,9.13,9.09,9.12,47592.45
2026-05-02 03:00:00+00:00,9.12,9.13,9.1,9.11,44145.15
2026-05-02 04:00:00+00:00,9.12,9.12,9.08,9.09,37923.18
2026-05-02 05:00:00+00:00,9.09,9.1,9.06,9.08,53830.51
2026-05-02 06:00:00+00:00,9.08,9.11,9.07,9.11,43551.73
2026-05-02 07:00:00+00:00,9.11,9.11,9.07,9.08,37718.49
2026-05-02 08:00:00+00:00,9.08,9.09,9.07,9.08,39270.84
2026-05-02 09:00:00+00:00,9.08,9.11,9.08,9.09,65109.8
2026-05-02 10:00:00+00:00,9.1,9.1,9.08,9.08,30999.69
2026-05-02 11:00:00+00:00,9.09,9.1,9.07,9.08,32836.44
2026-05-02 12:00:00+00:00,9.07,9.1,9.07,9.08,49619.98
2026-05-02 13:00:00+00:00,9.09,9.11,9.08,9.11,40086.85
2026-05-02 14:00:00+00:00,9.12,9.14,9.1,9.13,72690.35
2026-05-02 15:00:00+00:00,9.13,9.21,9.11,9.16,220045.25
2026-05-02 16:00:00+00:00,9.17,9.18,9.14,9.17,52531.75
2026-05-02 17:00:00+00:00,9.17,9.17,9.12,9.13,25557.47
2026-05-02 18:00:00+00:00,9.13,9.16,9.11,9.14,13735.78
2026-05-02 19:00:00+00:00,9.15,9.17,9.14,9.17,15497.18
2026-05-02 20:00:00+00:00,9.16,9.18,9.16,9.16,14212.38
2026-05-02 21:00:00+00:00,9.17,9.25,9.16,9.21,157630.1
2026-05-02 22:00:00+00:00,9.21,9.23,9.18,9.2,55040.66
2026-05-02 23:00:00+00:00,9.21,9.21,9.17,9.17,28928.6
2026-05-03 00:00:00+00:00,9.18,9.19,9.12,9.14,42813.79
2026-05-03 01:00:00+00:00,9.15,9.15,9.09,9.09,38249.11
2026-05-03 02:00:00+00:00,9.1,9.1,9.07,9.09,20996.16
2026-05-03 03:00:00+00:00,9.09,9.1,9.08,9.1,24705.2
2026-05-03 04:00:00+00:00,9.1,9.11,9.08,9.1,26547.6
2026-05-03 05:00:00+00:00,9.1,9.11,9.08,9.09,26517.67
2026-05-03 06:00:00+00:00,9.09,9.11,9.07,9.09,45196.84
2026-05-03 07:00:00+00:00,9.09,9.14,9.09,9.11,30939.13
2026-05-03 08:00:00+00:00,9.11,9.14,9.1,9.11,21004.38
2026-05-03 09:00:00+00:00,9.12,9.16,9.1,9.14,49078.99
2026-05-03 10:00:00+00:00,9.15,9.16,9.12,9.13,30910.78
2026-05-03 11:00:00+00:00,9.12,9.2,9.11,9.18,89127.68
2026-05-03 12:00:00+00:00,9.17,9.21,9.17,9.17,72380.3
2026-05-03 13:00:00+00:00,9.18,9.19,9.14,9.16,47306.19
2026-05-03 14:00:00+00:00,9.16,9.16,9.12,9.16,131071.22
2026-05-03 15:00:00+00:00,9.16,9.2,9.14,9.16,136932.08
2026-05-03 16:00:00+00:00,9.16,9.18,9.13,9.15,45109.39
2026-05-03 17:00:00+00:00,9.15,9.17,9.14,9.15,26611.29
2026-05-03 18:00:00+00:00,9.16,9.17,9.14,9.15,68913.99
2026-05-03 19:00:00+00:00,9.15,9.18,9.14,9.15,53966.17
2026-05-03 20:00:00+00:00,9.16,9.2,9.15,9.16,31733.97
2026-05-03 21:00:00+00:00,9.16,9.18,9.11,9.14,79933.29
2026-05-03 22:00:00+00:00,9.14,9.22,9.14,9.19,133210.5
2026-05-03 23:00:00+00:00,9.19,9.21,9.12,9.13,64892.97
2026-05-04 00:00:00+00:00,9.13,9.15,9.09,9.13,290903.36
2026-05-04 01:00:00+00:00,9.14,9.27,9.11,9.26,197563.61
2026-05-04 02:00:00+00:00,9.26,9.36,9.23,9.32,190519.84
2026-05-04 03:00:00+00:00,9.32,9.36,9.3,9.35,90492.62
2026-05-04 04:00:00+00:00,9.35,9.4,9.34,9.36,85471.83
2026-05-04 05:00:00+00:00,9.36,9.37,9.31,9.34,57688.53
2026-05-04 06:00:00+00:00,9.34,9.35,9.25,9.3,101303.64
2026-05-04 07:00:00+00:00,9.3,9.34,9.29,9.32,93307.18
2026-05-04 08:00:00+00:00,9.32,9.45,9.31,9.4,317418.45
2026-05-04 09:00:00+00:00,9.4,9.66,9.37,9.52,936942.81
2026-05-04 10:00:00+00:00,9.52,9.54,9.29,9.43,1349205.29
2026-05-04 11:00:00+00:00,9.42,9.45,9.38,9.43,276995.38
2026-05-04 12:00:00+00:00,9.42,9.47,9.41,9.41,137630.64
2026-05-04 13:00:00+00:00,9.41,9.46,9.34,9.42,327641.17
2026-05-04 14:00:00+00:00,9.41,9.55,9.36,9.52,203054.67
2026-05-04 15:00:00+00:00,9.52,9.55,9.36,9.42,435551.08
2026-05-04 16:00:00+00:00,9.42,9.45,9.34,9.39,257096.37
2026-05-04 17:00:00+00:00,9.4,9.51,9.39,9.47,209721.45
2026-05-04 18:00:00+00:00,9.47,9.49,9.41,9.43,192028.92
2026-05-04 19:00:00+00:00,9.44,9.44,9.37,9.4,61891.1
2026-05-04 20:00:00+00:00,9.4,9.4,9.32,9.34,112040.11
2026-05-04 21:00:00+00:00,9.34,9.42,9.34,9.4,53417.85
2026-05-04 22:00:00+00:00,9.4,9.43,9.36,9.37,97717.83
2026-05-04 23:00:00+00:00,9.37,9.38,9.34,9.36,57394.0
2026-05-05 00:00:00+00:00,9.35,9.41,9.35,9.4,64039.79
2026-05-05 01:00:00+00:00,9.4,9.44,9.38,9.43,42301.97
2026-05-05 02:00:00+00:00,9.42,9.53,9.41,9.48,210518.76
2026-05-05 03:00:00+00:00,9.48,9.55,9.47,9.51,109538.2
2026-05-05 04:00:00+00:00,9.5,9.55,9.49,9.54,126460.06
2026-05-05 05:00:00+00:00,9.54,9.6,9.53,9.55,184836.03
2026-05-05 06:00:00+00:00,9.55,9.57,9.5,9.55,97489.63
2026-05-05 07:00:00+00:00,9.55,9.64,9.52,9.6,128116.34
2026-05-05 08:00:00+00:00,9.61,9.62,9.56,9.57,128786.32
2026-05-05 09:00:00+00:00,9.56,9.62,9.51,9.62,284914.94
2026-05-05 10:00:00+00:00,9.62,9.7,9.56,9.7,511193.92
2026-05-05 11:00:00+00:00,9.69,9.74,9.65,9.74,161380.7
2026-05-05 12:00:00+00:00,9.74,9.82,9.73,9.77,245419.98
2026-05-05 13:00:00+00:00,9.78,9.8,9.68,9.69,261305.33
2026-05-05 14:00:00+00:00,9.69,9.72,9.63,9.68,201627.12
2026-05-05 15:00:00+00:00,9.68,9.75,9.67,9.73,99707.92
2026-05-05 16:00:00+00:00,9.73,9.74,9.67,9.71,84400.11
2026-05-05 17:00:00+00:00,9.71,9.71,9.66,9.7,59029.67
2026-05-05 18:00:00+00:00,9.69,9.73,9.69,9.7,31411.5
2026-05-05 19:00:00+00:00,9.7,9.75,9.69,9.73,30316.58
2026-05-05 20:00:00+00:00,9.73,9.81,9.73,9.8,182222.09
2026-05-05 21:00:00+00:00,9.79,9.84,9.77,9.81,141178.4
2026-05-05 22:00:00+00:00,9.82,9.85,9.74,9.79,223833.0
2026-05-05 23:00:00+00:00,9.79,9.81,9.73,9.76,105605.7
2026-05-06 00:00:00+00:00,9.76,9.83,9.76,9.82,150613.75
2026-05-06 01:00:00+00:00,9.82,9.85,9.8,9.83,221687.9
2026-05-06 02:00:00+00:00,9.84,9.84,9.75,9.81,95335.96
2026-05-06 03:00:00+00:00,9.81,9.88,9.8,9.87,172359.07
2026-05-06 04:00:00+00:00,9.87,9.9,9.8,9.83,203645.27
2026-05-06 05:00:00+00:00,9.83,9.87,9.78,9.86,105565.19
2026-05-06 06:00:00+00:00,9.85,9.89,9.82,9.89,60049.23
2026-05-06 07:00:00+00:00,9.89,9.92,9.86,9.88,109450.0
2026-05-06 08:00:00+00:00,9.87,10.09,9.86,10.09,425222.73
2026-05-06 09:00:00+00:00,10.09,10.2,10.05,10.16,974888.58
2026-05-06 10:00:00+00:00,10.17,10.2,10.12,10.16,239887.8
2026-05-06 11:00:00+00:00,10.16,10.26,10.15,10.19,308322.96
2026-05-06 12:00:00+00:00,10.19,10.22,10.12,10.17,216733.82
2026-05-06 13:00:00+00:00,10.17,10.17,9.95,9.97,394200.14
2026-05-06 14:00:00+00:00,9.97,10.03,9.88,9.97,297157.12
2026-05-06 15:00:00+00:00,9.97,10.05,9.95,10.04,122056.94
2026-05-06 16:00:00+00:00,10.03,10.09,9.97,10.01,217019.25
2026-05-06 17:00:00+00:00,10.02,10.03,9.97,9.99,92478.6
2026-05-06 18:00:00+00:00,9.99,10.0,9.94,9.96,97671.81
2026-05-06 19:00:00+00:00,9.96,10.03,9.95,10.01,54076.31
2026-05-06 20:00:00+00:00,10.02,10.05,9.98,10.02,49479.87
2026-05-06 21:00:00+00:00,10.01,10.07,9.97,10.05,72296.81
2026-05-06 22:00:00+00:00,10.05,10.05,9.96,9.99,74831.22
2026-05-06 23:00:00+00:00,9.99,10.01,9.94,9.99,55786.61
2026-05-07 00:00:00+00:00,9.99,10.01,9.91,9.93,98018.87
2026-05-07 01:00:00+00:00,9.94,9.96,9.86,9.91,135499.76
2026-05-07 02:00:00+00:00,9.91,9.92,9.85,9.89,133517.89
2026-05-07 03:00:00+00:00,9.89,9.92,9.86,9.86,158068.58
2026-05-07 04:00:00+00:00,9.86,9.96,9.86,9.95,59104.67
2026-05-07 05:00:00+00:00,9.95,10.03,9.95,10.01,174691.41
2026-05-07 06:00:00+00:00,10.01,10.07,9.94,10.06,128707.24
2026-05-07 07:00:00+00:00,10.06,10.13,10.05,10.12,170699.82
2026-05-07 08:00:00+00:00,10.11,10.12,10.05,10.05,113286.61
2026-05-07 09:00:00+00:00,10.06,10.06,9.97,10.0,131209.6
2026-05-07 10:00:00+00:00,10.0,10.03,9.95,10.0,96807.02
2026-05-07 11:00:00+00:00,9.99,10.05,9.98,10.03,51429.34
2026-05-07 12:00:00+00:00,10.03,10.08,10.01,10.07,79482.89
2026-05-07 13:00:00+00:00,10.06,10.07,9.91,9.96,123762.09
2026-05-07 14:00:00+00:00,9.96,9.97,9.8,9.88,253655.93
2026-05-07 15:00:00+00:00,9.88,9.9,9.8,9.86,157144.97
2026-05-07 16:00:00+00:00,9.86,9.94,9.84,9.87,90941.25
2026-05-07 17:00:00+00:00,9.87,9.93,9.81,9.92,123309.5
2026-05-07 18:00:00+00:00,9.92,9.95,9.87,9.92,48476.75
2026-05-07 19:00:00+00:00,9.92,9.94,9.87,9.89,48977.25
2026-05-07 20:00:00+00:00,9.89,9.96,9.82,9.82,71221.08
2026-05-07 21:00:00+00:00,9.82,9.89,9.81,9.86,67180.84
2026-05-07 22:00:00+00:00,9.85,9.88,9.81,9.84,74280.29
2026-05-07 23:00:00+00:00,9.84,9.87,9.82,9.85,59831.74
2026-05-08 00:00:00+00:00,9.85,9.89,9.82,9.85,86413.7
2026-05-08 01:00:00+00:00,9.85,9.87,9.81,9.85,43030.16
2026-05-08 02:00:00+00:00,9.85,9.87,9.77,9.83,105554.03
2026-05-08 03:00:00+00:00,9.83,9.88,9.78,9.86,57488.47
2026-05-08 04:00:00+00:00,9.86,9.9,9.82,9.85,55992.84
2026-05-08 05:00:00+00:00,9.85,9.88,9.82,9.83,51077.86
2026-05-08 06:00:00+00:00,9.83,9.87,9.79,9.84,48820.8
2026-05-08 07:00:00+00:00,9.84,9.9,9.8,9.9,66463.08
2026-05-08 08:00:00+00:00,9.9,9.95,9.88,9.9,88759.12
2026-05-08 09:00:00+00:00,9.91,9.94,9.84,9.88,174728.78
2026-05-08 10:00:00+00:00,9.88,9.94,9.86,9.9,209092.16
2026-05-08 11:00:00+00:00,9.91,9.95,9.89,9.93,65133.26
2026-05-08 12:00:00+00:00,9.94,10.0,9.92,9.94,125125.24
2026-05-08 13:00:00+00:00,9.94,9.95,9.88,9.93,104293.62
2026-05-08 14:00:00+00:00,9.93,10.05,9.92,10.04,285516.44
2026-05-08 15:00:00+00:00,10.04,10.1,9.96,10.1,267831.89
2026-05-08 16:00:00+00:00,10.1,10.1,10.03,10.1,215059.5
2026-05-08 17:00:00+00:00,10.1,10.33,10.08,10.29,711898.85
2026-05-08 18:00:00+00:00,10.3,10.5,10.3,10.39,901000.45
2026-05-08 19:00:00+00:00,10.38,10.43,10.33,10.37,251522.58
2026-05-08 20:00:00+00:00,10.37,10.38,10.29,10.31,191451.8
2026-05-08 21:00:00+00:00,10.31,10.37,10.29,10.36,168145.75
2026-05-08 22:00:00+00:00,10.35,10.4,10.34,10.39,120715.95
2026-05-08 23:00:00+00:00,10.38,10.39,10.27,10.34,169665.58
2026-05-09 00:00:00+00:00,10.34,10.46,10.32,10.43,165952.04
2026-05-09 01:00:00+00:00,10.43,10.6,10.41,10.58,488415.54
2026-05-09 02:00:00+00:00,10.58,10.61,10.52,10.58,239719.35
2026-05-09 03:00:00+00:00,10.57,10.58,10.52,10.54,190835.59
2026-05-09 04:00:00+00:00,10.54,10.61,10.5,10.51,130184.59
2026-05-09 05:00:00+00:00,10.52,10.58,10.5,10.53,46874.82
2026-05-09 06:00:00+00:00,10.52,10.55,10.46,10.46,88754.95
2026-05-09 07:00:00+00:00,10.47,10.49,10.45,10.47,70297.03
2026-05-09 08:00:00+00:00,10.46,10.51,10.45,10.48,80868.78
2026-05-09 09:00:00+00:00,10.48,10.48,10.4,10.42,75744.78
2026-05-09 10:00:00+00:00,10.43,10.44,10.4,10.43,49489.5
2026-05-09 11:00:00+00:00,10.43,10.48,10.42,10.47,24554.43
2026-05-09 12:00:00+00:00,10.46,10.49,10.42,10.43,46931.34
2026-05-09 13:00:00+00:00,10.43,10.44,10.38,10.4,67188.22
2026-05-09 14:00:00+00:00,10.4,10.41,10.31,10.32,89632.39
2026-05-09 15:00:00+00:00,10.32,10.35,10.28,10.34,119818.96
2026-05-09 16:00:00+00:00,10.33,10.37,10.3,10.32,116371.34
2026-05-09 17:00:00+00:00,10.33,10.42,10.32,10.42,91250.31
2026-05-09 18:00:00+00:00,10.42,10.46,10.41,10.43,45069.15
2026-05-09 19:00:00+00:00,10.43,10.45,10.4,10.45,21955.69
2026-05-09 20:00:00+00:00,10.45,10.45,10.4,10.42,27617.95
2026-05-09 21:00:00+00:00,10.41,10.44,10.38,10.41,40690.22
2026-05-09 22:00:00+00:00,10.41,10.42,10.38,10.4,59483.47
2026-05-09 23:00:00+00:00,10.41,10.42,10.35,10.37,29609.88
2026-05-10 00:00:00+00:00,10.38,10.4,10.33,10.35,107481.65
2026-05-10 01:00:00+00:00,10.35,10.36,10.28,10.33,88922.24
2026-05-10 02:00:00+00:00,10.33,10.36,10.3,10.34,46244.3
2026-05-10 03:00:00+00:00,10.35,10.39,10.33,10.35,26671.2
2026-05-10 04:00:00+00:00,10.36,10.39,10.34,10.36,34971.9
2026-05-10 05:00:00+00:00,10.36,10.38,10.34,10.37,33103.6
2026-05-10 06:00:00+00:00,10.36,10.4,10.33,10.4,26600.28
2026-05-10 07:00:00+00:00,10.4,10.46,10.39,10.42,63927.59
2026-05-10 08:00:00+00:00,10.42,10.51,10.41,10.5,88489.88
2026-05-10 09:00:00+00:00,10.5,10.55,10.5,10.54,72887.9
2026-05-10 10:00:00+00:00,10.53,10.55,10.46,10.51,73852.36
2026-05-10 11:00:00+00:00,10.51,10.52,10.42,10.48,49687.13
2026-05-10 12:00:00+00:00,10.48,10.5,10.44,10.5,63672.36
2026-05-10 13:00:00+00:00,10.5,10.6,10.49,10.58,117462.22
2026-05-10 14:00:00+00:00,10.59,10.59,10.51,10.53,99095.03
2026-05-10 15:00:00+00:00,10.53,10.63,10.53,10.63,151542.94
2026-05-10 16:00:00+00:00,10.63,10.72,10.59,10.71,265199.36
2026-05-10 17:00:00+00:00,10.71,10.81,10.67,10.79,213829.84
2026-05-10 18:00:00+00:00,10.79,10.83,10.75,10.79,162410.51
2026-05-10 19:00:00+00:00,10.78,10.87,10.71,10.83,221831.68
2026-05-10 20:00:00+00:00,10.83,10.87,10.43,10.54,392904.54
2026-05-10 21:00:00+00:00,10.54,10.63,10.47,10.57,258405.46
2026-05-10 22:00:00+00:00,10.56,10.76,10.54,10.73,263385.18
2026-05-10 23:00:00+00:00,10.73,10.77,10.69,10.72,166461.2
2026-05-11 00:00:00+00:00,10.71,10.76,10.6,10.66,208458.11
2026-05-11 01:00:00+00:00,10.66,10.73,10.61,10.68,177977.05
2026-05-11 02:00:00+00:00,10.68,10.7,10.54,10.57,165881.9
2026-05-11 03:00:00+00:00,10.57,10.57,10.43,10.52,193280.73
2026-05-11 04:00:00+00:00,10.52,10.56,10.46,10.54,143172.37
2026-05-11 05:00:00+00:00,10.54,10.61,10.53,10.57,85012.46
2026-05-11 06:00:00+00:00,10.57,10.61,10.52,10.55,86288.62
2026-05-11 07:00:00+00:00,10.55,10.55,10.49,10.53,91195.93
2026-05-11 08:00:00+00:00,10.53,10.59,10.51,10.55,115520.94
2026-05-11 09:00:00+00:00,10.55,10.6,10.54,10.59,79267.28
2026-05-11 10:00:00+00:00,10.59,10.65,10.55,10.56,112766.9
2026-05-11 11:00:00+00:00,10.56,10.6,10.53,10.57,55073.04
2026-05-11 12:00:00+00:00,10.58,10.6,10.51,10.52,129810.93
2026-05-11 13:00:00+00:00,10.53,10.57,10.45,10.53,167514.66
2026-05-11 14:00:00+00:00,10.53,10.59,10.4,10.47,325814.64
2026-05-11 15:00:00+00:00,10.48,10.59,10.45,10.58,102059.65
2026-05-11 16:00:00+00:00,10.58,10.66,10.55,10.58,181961.2
2026-05-11 17:00:00+00:00,10.58,10.66,10.53,10.63,56605.04
2026-05-11 18:00:00+00:00,10.64,10.68,10.6,10.61,86516.24
2026-05-11 19:00:00+00:00,10.62,10.7,10.59,10.68,174700.02
2026-05-11 20:00:00+00:00,10.69,10.71,10.6,10.62,104949.56
2026-05-11 21:00:00+00:00,10.63,10.63,10.59,10.6,43797.52
2026-05-11 22:00:00+00:00,10.6,10.62,10.57,10.59,71028.75
2026-05-11 23:00:00+00:00,10.59,10.62,10.54,10.6,97327.56
2026-05-12 00:00:00+00:00,10.59,10.6,10.53,10.58,111431.1
2026-05-12 01:00:00+00:00,10.58,10.59,10.39,10.47,169963.37
2026-05-12 02:00:00+00:00,10.47,10.52,10.45,10.51,88323.94
2026-05-12 03:00:00+00:00,10.51,10.53,10.45,10.47,68470.44
2026-05-12 04:00:00+00:00,10.46,10.52,10.45,10.5,57619.85
2026-05-12 05:00:00+00:00,10.49,10.53,10.49,10.49,48978.65
2026-05-12 06:00:00+00:00,10.49,10.51,10.44,10.45,39451.24
2026-05-12 07:00:00+00:00,10.45,10.47,10.39,10.44,99653.58
2026-05-12 08:00:00+00:00,10.44,10.45,10.36,10.38,209050.05
2026-05-12 09:00:00+00:00,10.38,10.39,10.29,10.34,275425.83
2026-05-12 10:00:00+00:00,10.34,10.35,10.25,10.29,128790.44
2026-05-12 11:00:00+00:00,10.29,10.3,10.23,10.27,115776.47
2026-05-12 12:00:00+00:00,10.27,10.36,10.22,10.33,427929.59
2026-05-12 13:00:00+00:00,10.32,10.35,10.21,10.24,186420.28
2026-05-12 14:00:00+00:00,10.24,10.3,10.17,10.2,185961.96
2026-05-12 15:00:00+00:00,10.2,10.25,10.09,10.16,399487.99
2026-05-12 16:00:00+00:00,10.16,10.21,10.12,10.15,114945.52
2026-05-12 17:00:00+00:00,10.15,10.26,10.15,10.25,88113.28
2026-05-12 18:00:00+00:00,10.24,10.3,10.22,10.28,172864.02
2026-05-12 19:00:00+00:00,10.28,10.33,10.27,10.32,62332.08
2026-05-12 20:00:00+00:00,10.32,10.34,10.28,10.32,36841.44
2026-05-12 21:00:00+00:00,10.32,10.33,10.29,10.31,34443.75
2026-05-12 22:00:00+00:00,10.32,10.36,10.31,10.31,81044.9
2026-05-12 23:00:00+00:00,10.32,10.33,10.28,10.28,37790.54
2026-05-13 00:00:00+00:00,10.29,10.33,10.27,10.31,42074.62
2026-05-13 01:00:00+00:00,10.32,10.42,10.32,10.39,233689.71
2026-05-13 02:00:00+00:00,10.4,10.45,10.38,10.41,133710.67
2026-05-13 03:00:00+00:00,10.41,10.48,10.4,10.46,92000.71
2026-05-13 04:00:00+00:00,10.47,10.5,10.44,10.48,116561.51
2026-05-13 05:00:00+00:00,10.49,10.5,10.39,10.43,73315.51
2026-05-13 06:00:00+00:00,10.42,10.55,10.41,10.52,184089.21
2026-05-13 07:00:00+00:00,10.52,10.59,10.51,10.58,165138.97
2026-05-13 08:00:00+00:00,10.58,10.67,10.53,10.65,173611.55
2026-05-13 09:00:00+00:00,10.66,10.81,10.65,10.71,397797.43
2026-05-13 10:00:00+00:00,10.7,10.74,10.62,10.65,169369.06
2026-05-13 11:00:00+00:00,10.65,10.65,10.48,10.49,232366.41
2026-05-13 12:00:00+00:00,10.49,10.52,10.25,10.33,421528.17
2026-05-13 13:00:00+00:00,10.33,10.38,10.12,10.21,384311.39
2026-05-13 14:00:00+00:00,10.2,10.3,10.13,10.21,319456.48
2026-05-13 15:00:00+00:00,10.22,10.25,10.03,10.06,621611.09
2026-05-13 16:00:00+00:00,10.07,10.2,10.06,10.16,190623.93
2026-05-13 17:00:00+00:00,10.17,10.22,10.17,10.19,137827.36
2026-05-13 18:00:00+00:00,10.19,10.25,10.19,10.21,82697.48
2026-05-13 19:00:00+00:00,10.21,10.22,10.15,10.17,48346.6
2026-05-13 20:00:00+00:00,10.17,10.24,10.16,10.22,46046.73
2026-05-13 21:00:00+00:00,10.22,10.23,10.14,10.15,82768.9
2026-05-13 22:00:00+00:00,10.16,10.22,10.12,10.21,94232.53
2026-05-13 23:00:00+00:00,10.2,10.23,10.19,10.21,76643.63
2026-05-14 00:00:00+00:00,10.21,10.28,10.21,10.25,130270.7
2026-05-14 01:00:00+00:00,10.25,10.26,10.21,10.24,64719.1
2026-05-14 02:00:00+00:00,10.24,10.28,10.17,10.19,78617.18
2026-05-14 03:00:00+00:00,10.19,10.2,10.09,10.11,174859.98
2026-05-14 04:00:00+00:00,10.11,10.21,10.09,10.2,123011.04
2026-05-14 05:00:00+00:00,10.19,10.32,10.19,10.3,78224.84
2026-05-14 06:00:00+00:00,10.3,10.33,10.25,10.26,212316.69
2026-05-14 07:00:00+00:00,10.25,10.27,10.22,10.23,75382.9
2026-05-14 08:00:00+00:00,10.23,10.3,10.2,10.27,110328.08
2026-05-14 09:00:00+00:00,10.27,10.28,10.18,10.21,143409.35
2026-05-14 10:00:00+00:00,10.21,10.27,10.19,10.24,151911.16
2026-05-14 11:00:00+00:00,10.25,10.27,10.22,10.23,115756.71
2026-05-14 12:00:00+00:00,10.24,10.34,10.2,10.33,165124.33
2026-05-14 13:00:00+00:00,10.33,10.38,10.25,10.27,356209.8
2026-05-14 14:00:00+00:00,10.26,10.51,10.22,10.48,599842.39
2026-05-14 15:00:00+00:00,10.49,10.67,10.45,10.63,437564.76
2026-05-14 16:00:00+00:00,10.64,10.77,10.59,10.71,639304.76
2026-05-14 17:00:00+00:00,10.71,10.72,10.56,10.66,223032.39
2026-05-14 18:00:00+00:00,10.65,10.73,10.6,10.71,174027.46
2026-05-14 19:00:00+00:00,10.71,10.73,10.59,10.63,135473.89
2026-05-14 20:00:00+00:00,10.63,10.65,10.55,10.6,113303.59
2026-05-14 21:00:00+00:00,10.6,10.61,10.54,10.56,98545.02
2026-05-14 22:00:00+00:00,10.57,10.59,10.55,10.55,61396.59
2026-05-14 23:00:00+00:00,10.55,10.55,10.46,10.48,102114.93
2026-05-15 00:00:00+00:00,10.48,10.57,10.47,10.54,132354.2
2026-05-15 01:00:00+00:00,10.53,10.55,10.43,10.44,93751.35
2026-05-15 02:00:00+00:00,10.44,10.47,10.35,10.46,237005.01
2026-05-15 03:00:00+00:00,10.45,10.48,10.4,10.41,78196.78
2026-05-15 04:00:00+00:00,10.42,10.42,10.32,10.33,80700.34
2026-05-15 05:00:00+00:00,10.33,10.35,10.21,10.23,150281.36
2026-05-15 06:00:00+00:00,10.23,10.31,10.21,10.3,149943.3
2026-05-15 07:00:00+00:00,10.3,10.4,10.29,10.38,86377.49
2026-05-15 08:00:00+00:00,10.38,10.38,10.29,10.33,75075.77
2026-05-15 09:00:00+00:00,10.33,10.34,10.25,10.28,108175.95
2026-05-15 10:00:00+00:00,10.28,10.36,10.26,10.35,49693.28
2026-05-15 11:00:00+00:00,10.35,10.36,10.3,10.31,46989.37
2026-05-15 12:00:00+00:00,10.3,10.32,10.25,10.27,59891.06
2026-05-15 13:00:00+00:00,10.26,10.28,10.0,10.01,394499.83
2026-05-15 14:00:00+00:00,10.02,10.08,9.96,10.03,346002.06
2026-05-15 15:00:00+00:00,10.03,10.06,9.99,10.03,243628.82
2026-05-15 16:00:00+00:00,10.03,10.12,10.0,10.08,98438.83
2026-05-15 17:00:00+00:00,10.08,10.14,10.08,10.13,39587.53
2026-05-15 18:00:00+00:00,10.13,10.14,10.07,10.11,50691.65
2026-05-15 19:00:00+00:00,10.12,10.12,10.06,10.06,42840.33
2026-05-15 20:00:00+00:00,10.06,10.08,10.02,10.04,61369.1
2026-05-15 21:00:00+00:00,10.04,10.07,10.03,10.03,36908.74
2026-05-15 22:00:00+00:00,10.04,10.09,10.04,10.08,30283.71
2026-05-15 23:00:00+00:00,10.08,10.09,10.06,10.07,28397.76
2026-05-16 00:00:00+00:00,10.07,10.1,10.06,10.08,38797.72
2026-05-16 01:00:00+00:00,10.09,10.09,10.04,10.08,14453.53
2026-05-16 02:00:00+00:00,10.09,10.1,10.05,10.07,19092.01
2026-05-16 03:00:00+00:00,10.07,10.1,10.04,10.06,77069.67
2026-05-16 04:00:00+00:00,10.07,10.07,9.91,10.01,114082.2
2026-05-16 05:00:00+00:00,10.01,10.01,9.94,9.95,89094.86
2026-05-16 06:00:00+00:00,9.95,9.97,9.83,9.89,101699.59
2026-05-16 07:00:00+00:00,9.89,9.89,9.73,9.83,225558.01
2026-05-16 08:00:00+00:00,9.83,9.84,9.8,9.81,61169.68
2026-05-16 09:00:00+00:00,9.8,9.82,9.65,9.69,308698.65
2026-05-16 10:00:00+00:00,9.68,9.69,9.61,9.66,238736.85
2026-05-16 11:00:00+00:00,9.66,9.69,9.64,9.65,200798.44
2026-05-16 12:00:00+00:00,9.65,9.67,9.63,9.65,157485.38
2026-05-16 13:00:00+00:00,9.66,9.66,9.62,9.64,185196.85
2026-05-16 14:00:00+00:00,9.65,9.71,9.62,9.66,149403.53
2026-05-16 15:00:00+00:00,9.67,9.72,9.65,9.71,160849.72
2026-05-16 16:00:00+00:00,9.7,9.76,9.7,9.75,90197.8
2026-05-16 17:00:00+00:00,9.75,9.78,9.75,9.77,64292.47
2026-05-16 18:00:00+00:00,9.76,9.78,9.73,9.76,63959.22
2026-05-16 19:00:00+00:00,9.76,9.77,9.74,9.75,31051.25
2026-05-16 20:00:00+00:00,9.75,9.78,9.73,9.74,42675.9
2026-05-16 21:00:00+00:00,9.74,9.77,9.73,9.76,52906.0
2026-05-16 22:00:00+00:00,9.76,9.77,9.71,9.72,71874.7
2026-05-16 23:00:00+00:00,9.72,9.74,9.7,9.72,36388.89
2026-05-17 00:00:00+00:00,9.71,9.73,9.66,9.68,72720.07
2026-05-17 01:00:00+00:00,9.68,9.71,9.63,9.64,100557.6
2026-05-17 02:00:00+00:00,9.63,9.67,9.63,9.64,49104.72
2026-05-17 03:00:00+00:00,9.65,9.73,9.64,9.73,85402.14
2026-05-17 04:00:00+00:00,9.73,9.79,9.72,9.77,66980.27
2026-05-17 05:00:00+00:00,9.77,9.83,9.77,9.78,62367.19
2026-05-17 06:00:00+00:00,9.78,9.79,9.75,9.78,42370.62
2026-05-17 07:00:00+00:00,9.78,9.81,9.76,9.78,27878.06
2026-05-17 08:00:00+00:00,9.77,9.78,9.75,9.76,51849.97
2026-05-17 09:00:00+00:00,9.76,9.8,9.75,9.8,48357.32
2026-05-17 10:00:00+00:00,9.8,9.85,9.79,9.81,81535.11
2026-05-17 11:00:00+00:00,9.81,9.82,9.76,9.79,36023.39
2026-05-17 12:00:00+00:00,9.8,9.85,9.75,9.77,106094.86
2026-05-17 13:00:00+00:00,9.77,9.83,9.73,9.81,185788.73
2026-05-17 14:00:00+00:00,9.81,9.82,9.65,9.73,367408.81
2026-05-17 15:00:00+00:00,9.73,9.74,9.69,9.71,72870.62
2026-05-17 16:00:00+00:00,9.72,9.74,9.68,9.7,64940.31
2026-05-17 17:00:00+00:00,9.7,9.7,9.65,9.69,74592.69
2026-05-17 18:00:00+00:00,9.69,9.72,9.66,9.72,48944.9
2026-05-17 19:00:00+00:00,9.73,9.77,9.72,9.76,21226.69
2026-05-17 20:00:00+00:00,9.76,9.76,9.72,9.73,27945.28
2026-05-17 21:00:00+00:00,9.73,9.78,9.72,9.77,48837.02
2026-05-17 22:00:00+00:00,9.76,9.76,9.67,9.69,130583.26
2026-05-17 23:00:00+00:00,9.69,9.69,9.34,9.57,691435.82
2026-05-18 00:00:00+00:00,9.57,9.57,9.46,9.52,183863.57
2026-05-18 01:00:00+00:00,9.51,9.54,9.45,9.52,163601.97
2026-05-18 02:00:00+00:00,9.52,9.59,9.51,9.54,87879.43
2026-05-18 03:00:00+00:00,9.54,9.58,9.5,9.52,93497.8
2026-05-18 04:00:00+00:00,9.52,9.58,9.49,9.57,84395.49
2026-05-18 05:00:00+00:00,9.57,9.58,9.51,9.51,84928.16
2026-05-18 06:00:00+00:00,9.51,9.53,9.43,9.48,134034.15
2026-05-18 07:00:00+00:00,9.48,9.5,9.42,9.48,77707.39
2026-05-18 08:00:00+00:00,9.48,9.5,9.44,9.48,95209.81
2026-05-18 09:00:00+00:00,9.47,9.48,9.44,9.44,85916.07
2026-05-18 10:00:00+00:00,9.45,9.45,9.4,9.41,89522.68
2026-05-18 11:00:00+00:00,9.42,9.57,9.4,9.51,127255.49
2026-05-18 12:00:00+00:00,9.52,9.61,9.51,9.57,133723.87
2026-05-18 13:00:00+00:00,9.58,9.58,9.45,9.48,136328.99
2026-05-18 14:00:00+00:00,9.49,9.49,9.38,9.4,211743.86
2026-05-18 15:00:00+00:00,9.41,9.45,9.34,9.42,194099.69
2026-05-18 16:00:00+00:00,9.43,9.46,9.38,9.42,114460.6
2026-05-18 17:00:00+00:00,9.42,9.46,9.4,9.43,71423.44
2026-05-18 18:00:00+00:00,9.44,9.45,9.31,9.33,174069.32
2026-05-18 19:00:00+00:00,9.34,9.54,9.32,9.51,241843.09
2026-05-18 20:00:00+00:00,9.52,9.55,9.47,9.48,67737.99
2026-05-18 21:00:00+00:00,9.49,9.59,9.47,9.57,79163.89
2026-05-18 22:00:00+00:00,9.58,9.62,9.55,9.59,114342.8
2026-05-18 23:00:00+00:00,9.6,9.62,9.58,9.6,44593.64
2026-05-19 00:00:00+00:00,9.61,9.71,9.6,9.66,163451.08
2026-05-19 01:00:00+00:00,9.66,9.66,9.6,9.61,119403.8
2026-05-19 02:00:00+00:00,9.61,9.69,9.58,9.64,80218.44
2026-05-19 03:00:00+00:00,9.65,9.73,9.64,9.71,104564.81
2026-05-19 04:00:00+00:00,9.71,9.74,9.66,9.74,61559.43
2026-05-19 05:00:00+00:00,9.74,9.77,9.67,9.75,148162.16
2026-05-19 06:00:00+00:00,9.75,9.79,9.74,9.78,85626.34
2026-05-19 07:00:00+00:00,9.77,9.83,9.74,9.8,80529.36
2026-05-19 08:00:00+00:00,9.8,9.8,9.71,9.74,63980.04
2026-05-19 09:00:00+00:00,9.74,9.75,9.58,9.6,171222.52
2026-05-19 10:00:00+00:00,9.61,9.63,9.55,9.61,99051.97
2026-05-19 11:00:00+00:00,9.61,9.62,9.53,9.54,76327.68
2026-05-19 12:00:00+00:00,9.54,9.58,9.52,9.57,46708.72
2026-05-19 13:00:00+00:00,9.57,9.62,9.52,9.58,119091.97
2026-05-19 14:00:00+00:00,9.57,9.59,9.43,9.49,145662.3
2026-05-19 15:00:00+00:00,9.49,9.53,9.46,9.49,96198.11
2026-05-19 16:00:00+00:00,9.49,9.56,9.47,9.56,72952.56
2026-05-19 17:00:00+00:00,9.56,9.57,9.49,9.51,58753.95
2026-05-19 18:00:00+00:00,9.51,9.53,9.47,9.49,70440.33
2026-05-19 19:00:00+00:00,9.49,9.53,9.45,9.47,40777.36
2026-05-19 20:00:00+00:00,9.47,9.49,9.46,9.48,23713.89
2026-05-19 21:00:00+00:00,9.48,9.49,9.46,9.46,54472.68
2026-05-19 22:00:00+00:00,9.46,9.47,9.43,9.45,55550.65
2026-05-19 23:00:00+00:00,9.44,9.49,9.43,9.45,32837.82
2026-05-20 00:00:00+00:00,9.45,9.48,9.38,9.48,215640.67
2026-05-20 01:00:00+00:00,9.48,9.52,9.41,9.46,116597.38
2026-05-20 02:00:00+00:00,9.47,9.49,9.45,9.47,45201.4
2026-05-20 03:00:00+00:00,9.47,9.51,9.44,9.5,47769.21
2026-05-20 04:00:00+00:00,9.5,9.51,9.46,9.5,32104.45
2026-05-20 05:00:00+00:00,9.51,9.606,9.51,9.582,116344.28
2026-05-20 06:00:00+00:00,9.582,9.632,9.575,9.626,105442.08
2026-05-20 07:00:00+00:00,9.627,9.63,9.573,9.58,43040.3
2026-05-20 08:00:00+00:00,9.58,9.64,9.576,9.609,51643.72
2026-05-20 09:00:00+00:00,9.609,9.629,9.58,9.585,34452.79
2026-05-20 10:00:00+00:00,9.585,9.632,9.584,9.602,95636.37
2026-05-20 11:00:00+00:00,9.602,9.607,9.523,9.546,70762.02
2026-05-20 12:00:00+00:00,9.545,9.623,9.535,9.602,78046.68
2026-05-20 13:00:00+00:00,9.601,9.606,9.483,9.535,96550.45
2026-05-20 14:00:00+00:00,9.535,9.647,9.496,9.626,230945.3
2026-05-20 15:00:00+00:00,9.626,9.655,9.569,9.629,171126.77
2026-05-20 16:00:00+00:00,9.63,9.656,9.561,9.622,90871.16
2026-05-20 17:00:00+00:00,9.621,9.702,9.604,9.652,307167.47
2026-05-20 18:00:00+00:00,9.652,9.652,9.591,9.612,86683.86
2026-05-20 19:00:00+00:00,9.611,9.682,9.591,9.658,76667.87
2026-05-20 20:00:00+00:00,9.658,9.668,9.594,9.642,66682.43
2026-05-20 21:00:00+00:00,9.642,9.662,9.62,9.62,65374.14
2026-05-20 22:00:00+00:00,9.62,9.628,9.568,9.625,86175.77
2026-05-20 23:00:00+00:00,9.624,9.64,9.592,9.636,45702.94
2026-05-21 00:00:00+00:00,9.635,9.716,9.629,9.7,213992.33
2026-05-21 01:00:00+00:00,9.701,9.743,9.689,9.715,300583.99
2026-05-21 02:00:00+00:00,9.715,9.753,9.705,9.719,151635.06
2026-05-21 03:00:00+00:00,9.718,9.769,9.711,9.762,57617.98
2026-05-21 04:00:00+00:00,9.761,9.777,9.727,9.748,66578.55
2026-05-21 05:00:00+00:00,9.747,9.76,9.666,9.687,115295.92
2026-05-21 06:00:00+00:00,9.687,9.7,9.627,9.643,84524.06
2026-05-21 07:00:00+00:00,9.642,9.704,9.624,9.694,91711.09
2026-05-21 08:00:00+00:00,9.694,9.762,9.675,9.679,72758.48
2026-05-21 09:00:00+00:00,9.678,9.699,9.603,9.617,88706.73
2026-05-21 10:00:00+00:00,9.618,9.636,9.52,9.555,169281.84
2026-05-21 11:00:00+00:00,9.556,9.595,9.536,9.55,72081.33
2026-05-21 12:00:00+00:00,9.55,9.597,9.524,9.581,80500.73
2026-05-21 13:00:00+00:00,9.58,9.633,9.526,9.613,90318.4
2026-05-21 14:00:00+00:00,9.614,9.642,9.566,9.594,66232.72
2026-05-21 15:00:00+00:00,9.594,9.687,9.577,9.648,83410.26
2026-05-21 16:00:00+00:00,9.649,9.672,9.612,9.644,62484.83
2026-05-21 17:00:00+00:00,9.645,9.858,9.645,9.81,253627.09
2026-05-21 18:00:00+00:00,9.809,9.826,9.696,9.741,118385.95
2026-05-21 19:00:00+00:00,9.74,9.81,9.739,9.801,49264.19
2026-05-21 20:00:00+00:00,9.801,9.815,9.765,9.772,51432.5
2026-05-21 21:00:00+00:00,9.772,9.804,9.767,9.775,31369.96
2026-05-21 22:00:00+00:00,9.776,9.788,9.732,9.732,29831.59
2026-05-21 23:00:00+00:00,9.732,9.771,9.699,9.757,126027.4
2026-05-22 00:00:00+00:00,9.755,9.759,9.716,9.718,79036.65
2026-05-22 01:00:00+00:00,9.718,9.78,9.712,9.78,40624.34
2026-05-22 02:00:00+00:00,9.781,9.817,9.781,9.805,59671.34
2026-05-22 03:00:00+00:00,9.806,9.837,9.795,9.827,68905.54
2026-05-22 04:00:00+00:00,9.828,9.866,9.791,9.816,56303.95
2026-05-22 05:00:00+00:00,9.816,9.864,9.8,9.82,110473.9
2026-05-22 06:00:00+00:00,9.82,9.843,9.773,9.781,83930.71
2026-05-22 07:00:00+00:00,9.781,9.855,9.754,9.824,69468.6
2026-05-22 08:00:00+00:00,9.824,9.845,9.764,9.796,127037.66
2026-05-22 09:00:00+00:00,9.796,9.849,9.781,9.833,101234.97
2026-05-22 10:00:00+00:00,9.832,9.845,9.798,9.818,56293.91
2026-05-22 11:00:00+00:00,9.818,9.895,9.8,9.892,77488.19
2026-05-22 12:00:00+00:00,9.891,10.0,9.882,9.998,207410.26
2026-05-22 13:00:00+00:00,9.999,10.034,9.913,9.966,279847.32
2026-05-22 14:00:00+00:00,9.966,9.966,9.77,9.78,332625.95
2026-05-22 15:00:00+00:00,9.78,9.838,9.739,9.811,106594.88
2026-05-22 16:00:00+00:00,9.81,9.836,9.759,9.813,166112.78
2026-05-22 17:00:00+00:00,9.813,9.859,9.771,9.784,82946.63
2026-05-22 18:00:00+00:00,9.783,9.783,9.52,9.613,341352.55
2026-05-22 19:00:00+00:00,9.612,9.635,9.373,9.467,414950.12
2026-05-22 20:00:00+00:00,9.467,9.548,9.463,9.54,110281.14
2026-05-22 21:00:00+00:00,9.539,9.574,9.528,9.548,41439.42
2026-05-22 22:00:00+00:00,9.547,9.549,9.481,9.519,48359.66
2026-05-22 23:00:00+00:00,9.519,9.549,9.363,9.42,158035.55
2026-05-23 00:00:00+00:00,9.42,9.44,9.343,9.4,144772.31
2026-05-23 01:00:00+00:00,9.401,9.428,9.379,9.418,38746.01
2026-05-23 02:00:00+00:00,9.418,9.427,9.385,9.406,45146.28
2026-05-23 03:00:00+00:00,9.406,9.417,9.403,9.407,29734.74
2026-05-23 04:00:00+00:00,9.407,9.414,9.367,9.374,58264.93
2026-05-23 05:00:00+00:00,9.374,9.377,9.326,9.348,71146.71
2026-05-23 06:00:00+00:00,9.347,9.349,9.313,9.329,81035.58
2026-05-23 07:00:00+00:00,9.33,9.335,9.059,9.13,530694.8
2026-05-23 08:00:00+00:00,9.128,9.171,9.097,9.171,263810.17
2026-05-23 09:00:00+00:00,9.171,9.194,9.168,9.183,64654.22
2026-05-23 10:00:00+00:00,9.183,9.222,9.181,9.199,46435.32
2026-05-23 11:00:00+00:00,9.199,9.218,9.183,9.186,44975.32
2026-05-23 12:00:00+00:00,9.185,9.197,9.16,9.192,46809.7
2026-05-23 13:00:00+00:00,9.192,9.278,9.192,9.267,119415.04
2026-05-23 14:00:00+00:00,9.268,9.325,9.244,9.317,206440.0
2026-05-23 15:00:00+00:00,9.318,9.368,9.291,9.319,129612.2
2026-05-23 16:00:00+00:00,9.318,9.342,9.284,9.317,87119.3
2026-05-23 17:00:00+00:00,9.318,9.331,9.289,9.315,51162.06
2026-05-23 18:00:00+00:00,9.315,9.429,9.309,9.383,119201.6
2026-05-23 19:00:00+00:00,9.383,9.41,9.359,9.405,76225.85
2026-05-23 20:00:00+00:00,9.406,9.758,9.389,9.757,310153.46
2026-05-23 21:00:00+00:00,9.758,9.784,9.591,9.622,177949.5
2026-05-23 22:00:00+00:00,9.622,9.665,9.504,9.564,125950.71
2026-05-23 23:00:00+00:00,9.563,9.587,9.549,9.565,56755.45
2026-05-24 00:00:00+00:00,9.566,9.61,9.544,9.582,62162.77
2026-05-24 01:00:00+00:00,9.583,9.63,9.575,9.596,220508.69
2026-05-24 02:00:00+00:00,9.595,9.597,9.547,9.563,56873.53
2026-05-24 03:00:00+00:00,9.563,9.588,9.525,9.539,45452.85
2026-05-24 04:00:00+00:00,9.54,9.565,9.529,9.53,56864.97
2026-05-24 05:00:00+00:00,9.53,9.576,9.495,9.574,113417.56
2026-05-24 06:00:00+00:00,9.573,9.608,9.513,9.603,216863.09
2026-05-24 07:00:00+00:00,9.604,9.631,9.548,9.559,107502.08
2026-05-24 08:00:00+00:00,9.56,9.59,9.543,9.59,34621.22
2026-05-24 09:00:00+00:00,9.591,9.63,9.582,9.617,79889.97
2026-05-24 10:00:00+00:00,9.618,9.651,9.578,9.596,55781.2
2026-05-24 11:00:00+00:00,9.596,9.625,9.575,9.596,42829.42
2026-05-24 12:00:00+00:00,9.596,9.597,9.526,9.545,53403.37
2026-05-24 13:00:00+00:00,9.546,9.559,9.468,9.494,66049.24
2026-05-24 14:00:00+00:00,9.494,9.5,9.344,9.438,176080.45
2026-05-24 15:00:00+00:00,9.438,9.449,9.418,9.431,33035.58
2026-05-24 16:00:00+00:00,9.431,9.478,9.423,9.461,56720.56
2026-05-24 17:00:00+00:00,9.461,9.487,9.454,9.465,29638.92
2026-05-24 18:00:00+00:00,9.466,9.47,9.427,9.435,21237.22
2026-05-24 19:00:00+00:00,9.435,9.453,9.412,9.432,20108.57
2026-05-24 20:00:00+00:00,9.432,9.439,9.387,9.397,32118.39
2026-05-24 21:00:00+00:00,9.397,9.412,9.25,9.286,126246.85
2026-05-24 22:00:00+00:00,9.285,9.429,9.284,9.385,61216.04
2026-05-24 23:00:00+00:00,9.386,9.461,9.386,9.431,24177.79
2026-05-25 00:00:00+00:00,9.431,9.494,9.431,9.475,40315.34
2026-05-25 01:00:00+00:00,9.476,9.482,9.382,9.388,51612.18
2026-05-25 02:00:00+00:00,9.389,9.476,9.389,9.405,34830.21
2026-05-25 03:00:00+00:00,9.405,9.417,9.368,9.392,67972.7
2026-05-25 04:00:00+00:00,9.393,9.49,9.387,9.476,84802.77
2026-05-25 05:00:00+00:00,9.477,9.528,9.474,9.513,57654.3
2026-05-25 06:00:00+00:00,9.512,9.544,9.482,9.511,72175.14
2026-05-25 07:00:00+00:00,9.511,9.547,9.483,9.521,143489.66
2026-05-25 08:00:00+00:00,9.522,9.531,9.496,9.528,59017.86
2026-05-25 09:00:00+00:00,9.528,9.549,9.516,9.533,37109.27
2026-05-25 10:00:00+00:00,9.532,9.591,9.529,9.586,112052.98
2026-05-25 11:00:00+00:00,9.587,9.609,9.526,9.533,118350.03
2026-05-25 12:00:00+00:00,9.533,9.577,9.521,9.55,53314.42
2026-05-25 13:00:00+00:00,9.551,9.574,9.54,9.574,23962.63
2026-05-25 14:00:00+00:00,9.574,9.641,9.574,9.615,74286.09
2026-05-25 15:00:00+00:00,9.615,9.664,9.582,9.602,89643.92
2026-05-25 16:00:00+00:00,9.603,9.672,9.575,9.648,49684.3
2026-05-25 17:00:00+00:00,9.649,9.657,9.593,9.605,45216.96
2026-05-25 18:00:00+00:00,9.605,9.63,9.572,9.572,19307.69
2026-05-25 19:00:00+00:00,9.573,9.575,9.525,9.553,55916.09
2026-05-25 20:00:00+00:00,9.552,9.573,9.496,9.502,69756.19
2026-05-25 21:00:00+00:00,9.503,9.533,9.501,9.517,16070.78
2026-05-25 22:00:00+00:00,9.517,9.523,9.452,9.457,46243.53
2026-05-25 23:00:00+00:00,9.455,9.511,9.447,9.506,23824.8
2026-05-26 00:00:00+00:00,9.506,9.509,9.392,9.441,74342.81
2026-05-26 01:00:00+00:00,9.44,9.444,9.375,9.407,53795.78
2026-05-26 02:00:00+00:00,9.408,9.415,9.369,9.385,33114.74
2026-05-26 03:00:00+00:00,9.385,9.413,9.36,9.413,33857.83
2026-05-26 04:00:00+00:00,9.414,9.476,9.407,9.46,51398.92
2026-05-26 05:00:00+00:00,9.459,9.564,9.445,9.527,105954.43
2026-05-26 06:00:00+00:00,9.526,9.554,9.494,9.536,58752.82
2026-05-26 07:00:00+00:00,9.537,9.548,9.45,9.482,43505.58
2026-05-26 08:00:00+00:00,9.483,9.549,9.483,9.539,99271.95
2026-05-26 09:00:00+00:00,9.54,9.547,9.466,9.481,99501.24
2026-05-26 10:00:00+00:00,9.481,9.646,9.461,9.601,236339.96
2026-05-26 11:00:00+00:00,9.602,9.616,9.566,9.573,78830.04
2026-05-26 12:00:00+00:00,9.573,9.608,9.521,9.597,72427.35
2026-05-26 13:00:00+00:00,9.597,9.633,9.518,9.608,88775.83
2026-05-26 14:00:00+00:00,9.609,9.686,9.506,9.541,200205.37
2026-05-26 15:00:00+00:00,9.54,9.55,9.405,9.475,212265.86
2026-05-26 16:00:00+00:00,9.475,9.479,9.406,9.451,74781.74
2026-05-26 17:00:00+00:00,9.45,9.466,9.38,9.39,272349.9
2026-05-26 18:00:00+00:00,9.39,9.455,9.366,9.383,79633.35
2026-05-26 19:00:00+00:00,9.383,9.421,9.341,9.402,69029.47
2026-05-26 20:00:00+00:00,9.403,9.43,9.399,9.427,19390.61
2026-05-26 21:00:00+00:00,9.427,9.427,9.351,9.375,58983.31
2026-05-26 22:00:00+00:00,9.376,9.399,9.349,9.364,31870.3
2026-05-26 23:00:00+00:00,9.365,9.404,9.365,9.386,25077.91
2026-05-27 00:00:00+00:00,9.386,9.458,9.385,9.455,32205.16
2026-05-27 01:00:00+00:00,9.455,9.46,9.417,9.427,65857.96
2026-05-27 02:00:00+00:00,9.428,9.444,9.389,9.444,52051.2
2026-05-27 03:00:00+00:00,9.445,9.475,9.387,9.396,62656.66
2026-05-27 04:00:00+00:00,9.395,9.406,9.285,9.403,85611.07
2026-05-27 05:00:00+00:00,9.404,9.446,9.397,9.429,43520.64
2026-05-27 06:00:00+00:00,9.429,9.455,9.409,9.437,35613.19
2026-05-27 07:00:00+00:00,9.437,9.449,9.405,9.441,48682.8
2026-05-27 08:00:00+00:00,9.441,9.45,9.38,9.392,139176.69
2026-05-27 09:00:00+00:00,9.393,9.396,9.343,9.352,118409.91
2026-05-27 10:00:00+00:00,9.353,9.381,9.334,9.339,120714.06
2026-05-27 11:00:00+00:00,9.339,9.392,9.334,9.361,66760.31
2026-05-27 12:00:00+00:00,9.362,9.48,9.335,9.404,119622.84
2026-05-27 13:00:00+00:00,9.405,9.412,9.271,9.325,147874.32
2026-05-27 14:00:00+00:00,9.326,9.377,9.287,9.367,98595.63
2026-05-27 15:00:00+00:00,9.367,9.484,9.365,9.434,190270.0
2026-05-27 16:00:00+00:00,9.435,9.456,9.319,9.359,130399.72
2026-05-27 17:00:00+00:00,9.36,9.36,9.23,9.255,72261.37
2026-05-27 18:00:00+00:00,9.255,9.305,9.222,9.303,40574.49
2026-05-27 19:00:00+00:00,9.304,9.344,9.293,9.322,44156.11
2026-05-27 20:00:00+00:00,9.321,9.354,9.301,9.335,97308.14
2026-05-27 21:00:00+00:00,9.335,9.343,9.135,9.17,169609.87
2026-05-27 22:00:00+00:00,9.171,9.211,9.132,9.144,81267.18
2026-05-27 23:00:00+00:00,9.143,9.168,9.099,9.136,107534.31
2026-05-28 00:00:00+00:00,9.135,9.153,9.105,9.147,67949.06
2026-05-28 01:00:00+00:00,9.148,9.151,9.063,9.103,103853.1
2026-05-28 02:00:00+00:00,9.104,9.122,9.087,9.106,30076.42
2026-05-28 03:00:00+00:00,9.107,9.123,8.884,8.89,441972.92
2026-05-28 04:00:00+00:00,8.89,8.907,8.762,8.905,343394.98
2026-05-28 05:00:00+00:00,8.906,8.911,8.792,8.831,170555.2
2026-05-28 06:00:00+00:00,8.83,8.868,8.799,8.852,98451.32
2026-05-28 07:00:00+00:00,8.852,8.919,8.849,8.904,73609.75
2026-05-28 08:00:00+00:00,8.904,8.907,8.845,8.866,44659.15
2026-05-28 09:00:00+00:00,8.866,8.928,8.858,8.923,31650.05
2026-05-28 10:00:00+00:00,8.924,8.936,8.864,8.875,117208.04
2026-05-28 11:00:00+00:00,8.876,8.886,8.853,8.868,104596.99
2026-05-28 12:00:00+00:00,8.868,8.889,8.811,8.889,230786.67
2026-05-28 13:00:00+00:00,8.888,8.91,8.836,8.867,190364.75
2026-05-28 14:00:00+00:00,8.868,8.966,8.792,8.917,321136.43
2026-05-28 15:00:00+00:00,8.918,8.934,8.826,8.899,107878.99
2026-05-28 16:00:00+00:00,8.898,9.02,8.864,9.001,170392.59
2026-05-28 17:00:00+00:00,9.001,9.054,8.977,9.028,57912.77
2026-05-28 18:00:00+00:00,9.027,9.091,9.022,9.071,64115.4
2026-05-28 19:00:00+00:00,9.071,9.073,8.991,8.993,55521.5
2026-05-28 20:00:00+00:00,8.994,9.037,8.962,9.004,66478.91
2026-05-28 21:00:00+00:00,9.005,9.069,9.0,9.043,66324.96
2026-05-28 22:00:00+00:00,9.043,9.061,8.976,8.987,42410.88
2026-05-28 23:00:00+00:00,8.987,9.023,8.983,9.004,31896.86
2026-05-29 00:00:00+00:00,9.004,9.05,9.004,9.031,35837.05
2026-05-29 01:00:00+00:00,9.032,9.05,9.004,9.027,23555.08
2026-05-29 02:00:00+00:00,9.027,9.04,8.947,8.955,50380.51
2026-05-29 03:00:00+00:00,8.956,9.003,8.939,8.943,32966.56
2026-05-29 04:00:00+00:00,8.943,8.981,8.91,8.981,36179.47
2026-05-29 05:00:00+00:00,8.98,9.01,8.946,8.992,48157.89
2026-05-29 06:00:00+00:00,8.991,9.042,8.989,9.031,43492.21
2026-05-29 07:00:00+00:00,9.03,9.041,8.966,9.002,40248.32
2026-05-29 08:00:00+00:00,9.002,9.041,9.0,9.009,48501.27
2026-05-29 09:00:00+00:00,9.01,9.054,9.006,9.03,49616.4
2026-05-29 10:00:00+00:00,9.029,9.029,8.986,8.992,31060.86
2026-05-29 11:00:00+00:00,8.991,9.008,8.92,8.945,65327.43
2026-05-29 12:00:00+00:00,8.944,8.946,8.874,8.89,73071.14
2026-05-29 13:00:00+00:00,8.89,8.928,8.856,8.898,86397.32
2026-05-29 14:00:00+00:00,8.899,8.921,8.795,8.892,163681.82
2026-05-29 15:00:00+00:00,8.892,9.146,8.882,9.068,280325.71
2026-05-29 16:00:00+00:00,9.069,9.113,9.015,9.103,128814.59
2026-05-29 17:00:00+00:00,9.104,9.133,9.043,9.053,126266.36
2026-05-29 18:00:00+00:00,9.053,9.081,8.95,8.979,127263.15
2026-05-29 19:00:00+00:00,8.978,9.022,8.923,9.001,55917.86
2026-05-29 20:00:00+00:00,9.002,9.033,8.996,9.008,39662.68
2026-05-29 21:00:00+00:00,9.009,9.048,8.961,8.963,47544.36
2026-05-29 22:00:00+00:00,8.964,9.007,8.949,8.992,75405.81
2026-05-29 23:00:00+00:00,8.992,9.034,8.983,9.022,94688.3
2026-05-30 00:00:00+00:00,9.022,9.112,9.019,9.103,201674.12
2026-05-30 01:00:00+00:00,9.103,9.2,9.093,9.19,196101.48
2026-05-30 02:00:00+00:00,9.19,9.275,9.187,9.271,157270.75
2026-05-30 03:00:00+00:00,9.272,9.315,9.224,9.243,129349.67
2026-05-30 04:00:00+00:00,9.243,9.277,9.087,9.147,221562.9
2026-05-30 05:00:00+00:00,9.146,9.192,9.114,9.173,77157.64
2026-05-30 06:00:00+00:00,9.174,9.209,9.154,9.172,50497.0
2026-05-30 07:00:00+00:00,9.172,9.175,9.137,9.163,47203.51
2026-05-30 08:00:00+00:00,9.164,9.165,9.122,9.128,35233.51
2026-05-30 09:00:00+00:00,9.129,9.171,9.117,9.161,27563.8
2026-05-30 10:00:00+00:00,9.162,9.181,9.137,9.141,49984.3
2026-05-30 11:00:00+00:00,9.141,9.167,9.115,9.14,38941.67
2026-05-30 12:00:00+00:00,9.139,9.163,9.129,9.159,18187.0
2026-05-30 13:00:00+00:00,9.16,9.192,9.14,9.185,50802.25
2026-05-30 14:00:00+00:00,9.186,9.225,9.169,9.22,56788.26
2026-05-30 15:00:00+00:00,9.221,9.241,9.185,9.202,66361.37
2026-05-30 16:00:00+00:00,9.203,9.242,9.191,9.241,44883.72
2026-05-30 17:00:00+00:00,9.241,9.255,9.19,9.251,67344.35
2026-05-30 18:00:00+00:00,9.25,9.262,9.211,9.255,26759.36
2026-05-30 19:00:00+00:00,9.255,9.268,9.221,9.264,36001.78
2026-05-30 20:00:00+00:00,9.264,9.272,9.242,9.258,31190.27
2026-05-30 21:00:00+00:00,9.259,9.289,9.256,9.266,88147.97
2026-05-30 22:00:00+00:00,9.266,9.266,9.171,9.193,49685.66
2026-05-30 23:00:00+00:00,9.193,9.216,9.161,9.191,41532.87
2026-05-31 00:00:00+00:00,9.192,9.235,9.184,9.225,50027.8
2026-05-31 01:00:00+00:00,9.225,9.277,9.221,9.245,43864.32
2026-05-31 02:00:00+00:00,9.244,9.301,9.224,9.273,79689.08
2026-05-31 03:00:00+00:00,9.274,9.282,9.249,9.261,43068.51
2026-05-31 04:00:00+00:00,9.26,9.263,9.233,9.256,62929.8
2026-05-31 05:00:00+00:00,9.255,9.265,9.223,9.231,61681.68
2026-05-31 06:00:00+00:00,9.231,9.241,9.206,9.229,79361.97
2026-05-31 07:00:00+00:00,9.228,9.228,9.175,9.203,60959.5
2026-05-31 08:00:00+00:00,9.203,9.266,9.203,9.252,77876.34
2026-05-31 09:00:00+00:00,9.251,9.276,9.192,9.206,44363.67
2026-05-31 10:00:00+00:00,9.206,9.215,9.159,9.2,54873.87
2026-05-31 11:00:00+00:00,9.201,9.233,9.186,9.229,32015.12
2026-05-31 12:00:00+00:00,9.228,9.238,9.192,9.216,30518.4
2026-05-31 13:00:00+00:00,9.216,9.266,9.204,9.211,35665.46
2026-05-31 14:00:00+00:00,9.21,9.217,9.063,9.099,211694.59
2026-05-31 15:00:00+00:00,9.099,9.149,9.094,9.095,55048.33
2026-05-31 16:00:00+00:00,9.095,9.112,9.02,9.034,67595.79
2026-05-31 17:00:00+00:00,9.034,9.07,9.015,9.065,53745.43
2026-05-31 18:00:00+00:00,9.064,9.065,9.035,9.052,37140.9
2026-05-31 19:00:00+00:00,9.053,9.063,8.993,9.04,85697.49
2026-05-31 20:00:00+00:00,9.041,9.106,9.041,9.098,39921.57
2026-05-31 21:00:00+00:00,9.098,9.145,9.084,9.141,52400.21
2026-05-31 22:00:00+00:00,9.142,9.169,9.108,9.156,48089.81
2026-05-31 23:00:00+00:00,9.157,9.223,9.094,9.148,81126.79
2026-06-01 00:00:00+00:00,9.15,9.202,9.14,9.18,51190.7
2026-06-01 01:00:00+00:00,9.18,9.184,9.043,9.044,42335.7
2026-06-01 02:00:00+00:00,9.043,9.185,9.028,9.168,84405.21
2026-06-01 03:00:00+00:00,9.168,9.214,9.16,9.178,104300.6
2026-06-01 04:00:00+00:00,9.178,9.198,9.069,9.118,107362.51
2026-06-01 05:00:00+00:00,9.117,9.123,9.042,9.056,100257.44
2026-06-01 06:00:00+00:00,9.056,9.063,8.973,9.016,116938.94
2026-06-01 07:00:00+00:00,9.015,9.043,8.956,8.967,105013.47
2026-06-01 08:00:00+00:00,8.967,9.004,8.932,9.001,70596.89
2026-06-01 09:00:00+00:00,9.001,9.048,9.001,9.026,66716.64
2026-06-01 10:00:00+00:00,9.027,9.036,8.984,9.019,54701.76
2026-06-01 11:00:00+00:00,9.02,9.05,8.969,9.0,42693.42
2026-06-01 12:00:00+00:00,9.001,9.037,8.92,9.005,105279.71
2026-06-01 13:00:00+00:00,9.005,9.009,8.847,8.908,238962.52
2026-06-01 14:00:00+00:00,8.908,8.926,8.859,8.878,168094.28
2026-06-01 15:00:00+00:00,8.879,8.969,8.85,8.914,154679.4
2026-06-01 16:00:00+00:00,8.913,9.009,8.862,9.006,99074.49
2026-06-01 17:00:00+00:00,9.006,9.113,8.99,9.064,189193.54
2026-06-01 18:00:00+00:00,9.063,9.083,9.029,9.033,69178.19
2026-06-01 19:00:00+00:00,9.033,9.094,9.021,9.082,65034.21
2026-06-01 20:00:00+00:00,9.083,9.087,9.046,9.062,63988.1
2026-06-01 21:00:00+00:00,9.063,9.067,8.982,8.989,105005.89
2026-06-01 22:00:00+00:00,8.989,9.05,8.946,9.044,79210.65
2026-06-01 23:00:00+00:00,9.045,9.083,9.026,9.057,57681.08
2026-06-02 00:00:00+00:00,9.058,9.073,9.002,9.003,71151.69
2026-06-02 01:00:00+00:00,9.004,9.016,8.9,8.903,94077.75
2026-06-02 02:00:00+00:00,8.902,8.991,8.808,8.987,152655.07
2026-06-02 03:00:00+00:00,8.988,9.033,8.968,9.018,99085.6
2026-06-02 04:00:00+00:00,9.017,9.031,8.946,8.947,105055.56
2026-06-02 05:00:00+00:00,8.947,8.973,8.872,8.876,121385.54
2026-06-02 06:00:00+00:00,8.875,8.887,8.813,8.839,158918.53
2026-06-02 07:00:00+00:00,8.84,8.884,8.791,8.847,116536.49
2026-06-02 08:00:00+00:00,8.848,8.866,8.815,8.83,49236.39
2026-06-02 09:00:00+00:00,8.83,8.833,8.774,8.806,95773.41
2026-06-02 10:00:00+00:00,8.806,8.87,8.786,8.865,97151.85
2026-06-02 11:00:00+00:00,8.864,8.864,8.797,8.817,96119.95
2026-06-02 12:00:00+00:00,8.817,8.847,8.786,8.837,85207.33
2026-06-02 13:00:00+00:00,8.837,8.876,8.824,8.846,94977.51
2026-06-02 14:00:00+00:00,8.848,8.856,8.58,8.677,398601.1
2026-06-02 15:00:00+00:00,8.677,8.685,8.483,8.569,345602.74
2026-06-02 16:00:00+00:00,8.569,8.742,8.544,8.608,183341.99
2026-06-02 17:00:00+00:00,8.609,8.695,8.605,8.645,102920.09
2026-06-02 18:00:00+00:00,8.645,8.675,8.51,8.55,156490.62
2026-06-02 19:00:00+00:00,8.55,8.572,8.38,8.525,223759.56
2026-06-02 20:00:00+00:00,8.525,8.573,8.455,8.538,104243.1
2026-06-02 21:00:00+00:00,8.539,8.59,8.514,8.534,100236.15
2026-06-02 22:00:00+00:00,8.534,8.538,8.31,8.349,234489.44
2026-06-02 23:00:00+00:00,8.35,8.398,8.246,8.374,258262.97
2026-06-03 00:00:00+00:00,8.374,8.438,8.348,8.393,162699.6
2026-06-03 01:00:00+00:00,8.393,8.421,8.342,8.411,82906.79
2026-06-03 02:00:00+00:00,8.411,8.413,8.35,8.375,86634.42
2026-06-03 03:00:00+00:00,8.375,8.391,8.17,8.229,296580.5
2026-06-03 04:00:00+00:00,8.229,8.373,8.228,8.37,106649.29
2026-06-03 05:00:00+00:00,8.37,8.508,8.37,8.5,255279.5
2026-06-03 06:00:00+00:00,8.5,8.569,8.491,8.508,235776.96
2026-06-03 07:00:00+00:00,8.509,8.569,8.48,8.547,141510.44
2026-06-03 08:00:00+00:00,8.547,8.56,8.507,8.527,121237.77
2026-06-03 09:00:00+00:00,8.527,8.554,8.468,8.494,155082.69
2026-06-03 10:00:00+00:00,8.494,8.585,8.494,8.579,70395.16
2026-06-03 11:00:00+00:00,8.58,8.616,8.511,8.538,155293.56
2026-06-03 12:00:00+00:00,8.538,8.541,8.471,8.529,109679.73
2026-06-03 13:00:00+00:00,8.53,8.562,8.458,8.51,143810.66
2026-06-03 14:00:00+00:00,8.509,8.515,8.421,8.491,147710.17
2026-06-03 15:00:00+00:00,8.492,8.497,8.375,8.38,138983.39
2026-06-03 16:00:00+00:00,8.381,8.392,8.223,8.326,255532.44
2026-06-03 17:00:00+00:00,8.326,8.379,8.235,8.309,185152.52
2026-06-03 18:00:00+00:00,8.31,8.359,8.239,8.349,92866.0
2026-06-03 19:00:00+00:00,8.349,8.358,8.188,8.212,184562.58
2026-06-03 20:00:00+00:00,8.212,8.276,8.105,8.151,158668.96
2026-06-03 21:00:00+00:00,8.151,8.45,8.123,8.446,324180.96
2026-06-03 22:00:00+00:00,8.445,8.469,8.344,8.393,127467.81
2026-06-03 23:00:00+00:00,8.392,8.396,8.312,8.334,94976.25
2026-06-04 00:00:00+00:00,8.334,8.399,8.173,8.234,280325.58
2026-06-04 01:00:00+00:00,8.234,8.273,8.019,8.053,644515.93
2026-06-04 02:00:00+00:00,8.054,8.143,7.799,8.096,943850.52
2026-06-04 03:00:00+00:00,8.097,8.34,8.095,8.295,253361.18
2026-06-04 04:00:00+00:00,8.296,8.335,8.206,8.223,163674.54
2026-06-04 05:00:00+00:00,8.223,8.223,8.089,8.142,172893.79
2026-06-04 06:00:00+00:00,8.141,8.25,8.124,8.176,92439.81
2026-06-04 07:00:00+00:00,8.176,8.189,8.064,8.069,240343.46
2026-06-04 08:00:00+00:00,8.069,8.094,7.99,8.043,356912.32
2026-06-04 09:00:00+00:00,8.044,8.047,7.843,7.975,404776.99
2026-06-04 10:00:00+00:00,7.976,7.979,7.807,7.843,299554.59
2026-06-04 11:00:00+00:00,7.844,7.944,7.812,7.941,273941.46
2026-06-04 12:00:00+00:00,7.942,8.115,7.904,8.085,296296.41
2026-06-04 13:00:00+00:00,8.085,8.123,7.953,8.092,397607.14
2026-06-04 14:00:00+00:00,8.093,8.129,8.028,8.053,209858.36
2026-06-04 15:00:00+00:00,8.053,8.132,8.029,8.047,215575.83
2026-06-04 16:00:00+00:00,8.048,8.079,7.999,8.044,221640.5
2026-06-04 17:00:00+00:00,8.044,8.089,7.956,8.034,282550.1
2026-06-04 18:00:00+00:00,8.035,8.119,7.97,8.087,167566.44
2026-06-04 19:00:00+00:00,8.086,8.136,8.043,8.061,96539.97
2026-06-04 20:00:00+00:00,8.061,8.065,7.997,8.04,84483.98
2026-06-04 21:00:00+00:00,8.039,8.077,7.907,7.921,202195.43
2026-06-04 22:00:00+00:00,7.92,8.001,7.887,7.991,178234.73
2026-06-04 23:00:00+00:00,7.99,8.023,7.911,8.018,147756.65
2026-06-05 00:00:00+00:00,8.017,8.041,7.952,7.954,127054.13
2026-06-05 01:00:00+00:00,7.954,7.989,7.879,7.96,144070.67
2026-06-05 02:00:00+00:00,7.96,7.966,7.794,7.803,316075.89
2026-06-05 03:00:00+00:00,7.804,7.869,7.767,7.789,213887.86
2026-06-05 04:00:00+00:00,7.79,7.897,7.756,7.881,232278.09
2026-06-05 05:00:00+00:00,7.882,7.897,7.64,7.653,310218.09
2026-06-05 06:00:00+00:00,7.654,7.668,7.338,7.492,750456.22
2026-06-05 07:00:00+00:00,7.492,7.647,7.373,7.629,455440.35
2026-06-05 08:00:00+00:00,7.629,7.631,7.502,7.517,227892.89
2026-06-05 09:00:00+00:00,7.518,7.672,7.514,7.666,275362.41
2026-06-05 10:00:00+00:00,7.666,7.68,7.577,7.624,143722.09
2026-06-05 11:00:00+00:00,7.624,7.648,7.541,7.558,189591.76
2026-06-05 12:00:00+00:00,7.559,7.6,7.473,7.547,245632.57
2026-06-05 13:00:00+00:00,7.547,7.659,7.376,7.378,437944.28
2026-06-05 14:00:00+00:00,7.377,7.508,7.316,7.421,499032.2
2026-06-05 15:00:00+00:00,7.421,7.432,7.242,7.293,570930.62
2026-06-05 16:00:00+00:00,7.293,7.513,7.167,7.489,905146.72
2026-06-05 17:00:00+00:00,7.488,7.512,7.387,7.434,355193.72
2026-06-05 18:00:00+00:00,7.435,7.462,7.179,7.201,389005.65
2026-06-05 19:00:00+00:00,7.201,7.346,7.119,7.305,397082.38
2026-06-05 20:00:00+00:00,7.304,7.482,7.218,7.467,345722.63
2026-06-05 21:00:00+00:00,7.466,7.546,7.453,7.498,253142.26
2026-06-05 22:00:00+00:00,7.497,7.501,7.389,7.457,173768.66
2026-06-05 23:00:00+00:00,7.457,7.487,7.281,7.366,211098.71
2026-06-06 00:00:00+00:00,7.367,7.452,7.364,7.43,130321.34
2026-06-06 01:00:00+00:00,7.43,7.455,7.366,7.377,129805.43
2026-06-06 02:00:00+00:00,7.377,7.395,7.317,7.344,135861.8
2026-06-06 03:00:00+00:00,7.344,7.348,7.247,7.277,213405.28
2026-06-06 04:00:00+00:00,7.276,7.311,6.996,7.067,579491.68
2026-06-06 05:00:00+00:00,7.068,7.285,6.997,7.281,354146.8
2026-06-06 06:00:00+00:00,7.281,7.373,7.271,7.276,171111.78
2026-06-06 07:00:00+00:00,7.276,7.403,7.263,7.396,183141.91
2026-06-06 08:00:00+00:00,7.397,7.469,7.363,7.432,219583.83
2026-06-06 09:00:00+00:00,7.432,7.468,7.324,7.349,190752.94
2026-06-06 10:00:00+00:00,7.35,7.351,7.196,7.274,261188.92
2026-06-06 11:00:00+00:00,7.273,7.345,7.266,7.32,122499.46
2026-06-06 12:00:00+00:00,7.32,7.414,7.28,7.394,180243.84
2026-06-06 13:00:00+00:00,7.394,7.409,7.333,7.37,110075.42
2026-06-06 14:00:00+00:00,7.371,7.438,7.363,7.399,189368.54
2026-06-06 15:00:00+00:00,7.4,7.41,7.284,7.382,172216.45
2026-06-06 16:00:00+00:00,7.381,7.418,7.313,7.379,140433.36
2026-06-06 17:00:00+00:00,7.379,7.392,7.296,7.313,143850.17
2026-06-06 18:00:00+00:00,7.312,7.372,7.294,7.328,88228.46
2026-06-06 19:00:00+00:00,7.327,7.362,7.302,7.302,63047.13
2026-06-06 20:00:00+00:00,7.301,7.337,7.286,7.33,107737.22
2026-06-06 21:00:00+00:00,7.33,7.387,7.323,7.352,98408.14
2026-06-06 22:00:00+00:00,7.351,7.377,7.313,7.348,100053.34
2026-06-06 23:00:00+00:00,7.347,7.408,7.346,7.394,75248.63
2026-06-07 00:00:00+00:00,7.395,7.429,7.373,7.399,84546.2
2026-06-07 01:00:00+00:00,7.398,7.604,7.393,7.558,309004.12
2026-06-07 02:00:00+00:00,7.558,7.581,7.51,7.56,104132.75
2026-06-07 03:00:00+00:00,7.56,7.61,7.535,7.582,132697.27
2026-06-07 04:00:00+00:00,7.582,7.612,7.531,7.594,76780.17
2026-06-07 05:00:00+00:00,7.595,7.652,7.582,7.625,139945.3
2026-06-07 06:00:00+00:00,7.626,7.717,7.601,7.685,203399.77
2026-06-07 07:00:00+00:00,7.685,7.727,7.657,7.717,101015.93
2026-06-07 08:00:00+00:00,7.716,7.813,7.669,7.81,154761.56
2026-06-07 09:00:00+00:00,7.81,7.849,7.747,7.77,122750.33
2026-06-07 10:00:00+00:00,7.771,7.78,7.691,7.707,95845.24
2026-06-07 11:00:00+00:00,7.707,7.779,7.699,7.762,66804.93
2026-06-07 12:00:00+00:00,7.762,7.775,7.614,7.699,188604.06
2026-06-07 13:00:00+00:00,7.698,7.715,7.668,7.702,67438.43
2026-06-07 14:00:00+00:00,7.702,7.797,7.701,7.735,97629.43
2026-06-07 15:00:00+00:00,7.736,7.742,7.684,7.728,125307.56
2026-06-07 16:00:00+00:00,7.729,7.763,7.677,7.733,95030.64
2026-06-07 17:00:00+00:00,7.733,7.78,7.717,7.745,78235.49
2026-06-07 18:00:00+00:00,7.745,7.763,7.697,7.7,27580.21
2026-06-07 19:00:00+00:00,7.701,7.701,7.555,7.597,170673.8
2026-06-07 20:00:00+00:00,7.596,7.696,7.573,7.684,72659.07
2026-06-07 21:00:00+00:00,7.683,7.695,7.637,7.671,50818.0
2026-06-07 22:00:00+00:00,7.672,8.035,7.663,7.852,523858.14
2026-06-07 23:00:00+00:00,7.851,7.932,7.848,7.918,152667.02
2026-06-08 00:00:00+00:00,7.918,8.02,7.881,7.981,224198.85
2026-06-08 01:00:00+00:00,7.981,7.988,7.82,7.905,167560.39
2026-06-08 02:00:00+00:00,7.906,7.943,7.883,7.916,66070.7
2026-06-08 03:00:00+00:00,7.916,7.963,7.842,7.858,116621.0
2026-06-08 04:00:00+00:00,7.858,7.873,7.768,7.768,82480.99
2026-06-08 05:00:00+00:00,7.768,7.796,7.722,7.783,109074.43
2026-06-08 06:00:00+00:00,7.783,7.846,7.782,7.823,68233.65
2026-06-08 07:00:00+00:00,7.824,7.936,7.806,7.908,144080.66
2026-06-08 08:00:00+00:00,7.908,7.912,7.853,7.879,92297.44
2026-06-08 09:00:00+00:00,7.88,7.925,7.842,7.922,130541.62
2026-06-08 10:00:00+00:00,7.921,7.934,7.85,7.878,68041.22
2026-06-08 11:00:00+00:00,7.877,8.007,7.86,7.968,128230.48
2026-06-08 12:00:00+00:00,7.969,8.027,7.883,8.02,176578.58
2026-06-08 13:00:00+00:00,8.021,8.027,7.95,7.976,109193.06
2026-06-08 14:00:00+00:00,7.975,8.066,7.955,8.06,150203.4
2026-06-08 15:00:00+00:00,8.059,8.112,8.012,8.026,169951.41
2026-06-08 16:00:00+00:00,8.027,8.07,7.984,7.994,148660.67
2026-06-08 17:00:00+00:00,7.994,8.042,7.965,8.042,109670.53
2026-06-08 18:00:00+00:00,8.042,8.063,7.992,8.017,75544.19
2026-06-08 19:00:00+00:00,8.017,8.078,8.014,8.063,56115.6
2026-06-08 20:00:00+00:00,8.063,8.065,8.009,8.045,46863.13
2026-06-08 21:00:00+00:00,8.046,8.128,8.044,8.061,83474.68
2026-06-08 22:00:00+00:00,8.06,8.066,8.0,8.041,129081.91
2026-06-08 23:00:00+00:00,8.04,8.081,7.974,7.998,95051.31
2026-06-09 00:00:00+00:00,7.997,8.017,7.81,7.832,246619.56
2026-06-09 01:00:00+00:00,7.831,7.87,7.81,7.849,98993.09
2026-06-09 02:00:00+00:00,7.849,7.865,7.797,7.858,53029.25
2026-06-09 03:00:00+00:00,7.859,7.89,7.843,7.884,48127.35
2026-06-09 04:00:00+00:00,7.883,8.003,7.853,7.971,133233.19
2026-06-09 05:00:00+00:00,7.971,8.028,7.942,7.998,89350.27
2026-06-09 06:00:00+00:00,7.999,8.022,7.949,7.956,95173.43
2026-06-09 07:00:00+00:00,7.956,7.986,7.905,7.933,96966.47
2026-06-09 08:00:00+00:00,7.933,7.937,7.874,7.899,87620.48
2026-06-09 09:00:00+00:00,7.9,7.919,7.849,7.866,58477.28
2026-06-09 10:00:00+00:00,7.867,7.909,7.847,7.895,69157.05
2026-06-09 11:00:00+00:00,7.894,7.901,7.837,7.886,110375.47
2026-06-09 12:00:00+00:00,7.885,7.939,7.883,7.933,99890.45
2026-06-09 13:00:00+00:00,7.934,7.954,7.876,7.892,124777.22
2026-06-09 14:00:00+00:00,7.891,7.914,7.734,7.811,264596.55
2026-06-09 15:00:00+00:00,7.81,7.84,7.713,7.724,141003.94
2026-06-09 16:00:00+00:00,7.722,7.755,7.65,7.736,236968.76
2026-06-09 17:00:00+00:00,7.737,7.851,7.734,7.802,130699.94
2026-06-09 18:00:00+00:00,7.802,7.868,7.795,7.857,64794.27
2026-06-09 19:00:00+00:00,7.857,7.9,7.833,7.875,75071.17
2026-06-09 20:00:00+00:00,7.875,7.93,7.867,7.914,46135.17
2026-06-09 21:00:00+00:00,7.914,7.919,7.844,7.846,40589.49
2026-06-09 22:00:00+00:00,7.847,7.889,7.824,7.829,54392.98
2026-06-09 23:00:00+00:00,7.829,7.852,7.801,7.838,50363.55
2026-06-10 00:00:00+00:00,7.838,7.872,7.783,7.866,58672.4
2026-06-10 01:00:00+00:00,7.866,7.876,7.783,7.807,71409.65
2026-06-10 02:00:00+00:00,7.808,7.821,7.716,7.723,46420.71
2026-06-10 03:00:00+00:00,7.722,7.768,7.719,7.749,26278.17
2026-06-10 04:00:00+00:00,7.749,7.755,7.693,7.706,57887.06
2026-06-10 05:00:00+00:00,7.707,7.721,7.657,7.701,49468.53
2026-06-10 06:00:00+00:00,7.701,7.73,7.677,7.723,35426.59
2026-06-10 07:00:00+00:00,7.722,7.809,7.72,7.78,50495.21
2026-06-10 08:00:00+00:00,7.781,7.782,7.657,7.678,107399.01
2026-06-10 09:00:00+00:00,7.678,7.715,7.622,7.7,106738.29
2026-06-10 10:00:00+00:00,7.7,7.712,7.651,7.696,76042.46
2026-06-10 11:00:00+00:00,7.697,7.705,7.612,7.646,112706.06
2026-06-10 12:00:00+00:00,7.647,7.81,7.629,7.736,138083.88
2026-06-10 13:00:00+00:00,7.736,7.901,7.725,7.825,149001.84
2026-06-10 14:00:00+00:00,7.825,7.83,7.726,7.774,105755.61
2026-06-10 15:00:00+00:00,7.775,7.84,7.714,7.808,167234.89
2026-06-10 16:00:00+00:00,7.808,7.825,7.697,7.732,87222.11
2026-06-10 17:00:00+00:00,7.731,7.761,7.647,7.685,80315.15
2026-06-10 18:00:00+00:00,7.685,7.702,7.607,7.66,96643.15
2026-06-10 19:00:00+00:00,7.66,7.668,7.599,7.62,84020.87
2026-06-10 20:00:00+00:00,7.619,7.637,7.571,7.599,69440.34
2026-06-10 21:00:00+00:00,7.598,7.599,7.481,7.517,130727.54
2026-06-10 22:00:00+00:00,7.517,7.577,7.492,7.537,107594.11
2026-06-10 23:00:00+00:00,7.537,7.584,7.504,7.561,106155.21
2026-06-11 00:00:00+00:00,7.56,7.631,7.56,7.614,91148.65
2026-06-11 01:00:00+00:00,7.613,7.73,7.613,7.702,125532.07
2026-06-11 02:00:00+00:00,7.703,7.711,7.633,7.676,56796.39
2026-06-11 03:00:00+00:00,7.676,7.833,7.661,7.803,141944.85
2026-06-11 04:00:00+00:00,7.803,7.822,7.774,7.801,75136.19
2026-06-11 05:00:00+00:00,7.8,7.8,7.765,7.765,38515.29
2026-06-11 06:00:00+00:00,7.764,7.811,7.747,7.77,79990.73
2026-06-11 07:00:00+00:00,7.769,7.792,7.757,7.772,28023.8
2026-06-11 08:00:00+00:00,7.772,7.845,7.772,7.828,68319.7
2026-06-11 09:00:00+00:00,7.828,7.836,7.785,7.802,79904.74
2026-06-11 10:00:00+00:00,7.802,7.835,7.783,7.83,62138.33
2026-06-11 11:00:00+00:00,7.829,7.881,7.806,7.857,79055.07
2026-06-11 12:00:00+00:00,7.858,7.859,7.746,7.796,147825.76
2026-06-11 13:00:00+00:00,7.796,7.845,7.763,7.813,78123.32
2026-06-11 14:00:00+00:00,7.814,7.824,7.751,7.754,81008.0
2026-06-11 15:00:00+00:00,7.753,7.783,7.713,7.758,74601.96
2026-06-11 16:00:00+00:00,7.759,7.793,7.711,7.719,81901.48
2026-06-11 17:00:00+00:00,7.718,7.942,7.688,7.922,199337.46
2026-06-11 18:00:00+00:00,7.922,7.95,7.885,7.928,107909.24
2026-06-11 19:00:00+00:00,7.927,7.988,7.906,7.943,98847.89
2026-06-11 20:00:00+00:00,7.944,7.956,7.872,7.898,68846.38
2026-06-11 21:00:00+00:00,7.899,7.958,7.899,7.924,39403.34
2026-06-11 22:00:00+00:00,7.923,7.957,7.902,7.915,40614.13
2026-06-11 23:00:00+00:00,7.914,7.927,7.88,7.887,44457.94
2026-06-12 00:00:00+00:00,7.888,7.923,7.868,7.898,40731.94
2026-06-12 01:00:00+00:00,7.898,7.898,7.849,7.885,37934.27
2026-06-12 02:00:00+00:00,7.886,7.935,7.886,7.905,21202.12
2026-06-12 03:00:00+00:00,7.905,7.919,7.876,7.905,22765.28
2026-06-12 04:00:00+00:00,7.905,7.934,7.885,7.911,27922.22
2026-06-12 05:00:00+00:00,7.911,7.911,7.835,7.84,45376.77
2026-06-12 06:00:00+00:00,7.84,7.849,7.753,7.78,54925.23
2026-06-12 07:00:00+00:00,7.781,7.831,7.781,7.813,38088.44
2026-06-12 08:00:00+00:00,7.813,7.889,7.813,7.873,52731.63
2026-06-12 09:00:00+00:00,7.874,7.942,7.863,7.908,51907.28
2026-06-12 10:00:00+00:00,7.908,7.927,7.866,7.893,30890.11
2026-06-12 11:00:00+00:00,7.893,7.92,7.885,7.901,24374.36
2026-06-12 12:00:00+00:00,7.9,7.91,7.875,7.889,122555.38
2026-06-12 13:00:00+00:00,7.888,7.896,7.784,7.811,95061.6
2026-06-12 14:00:00+00:00,7.812,7.977,7.802,7.969,113330.56
2026-06-12 15:00:00+00:00,7.969,8.011,7.812,7.817,147616.61
2026-06-12 16:00:00+00:00,7.817,7.901,7.798,7.893,84027.25
2026-06-12 17:00:00+00:00,7.894,7.922,7.863,7.878,58674.53
2026-06-12 18:00:00+00:00,7.878,7.887,7.831,7.842,48267.64
2026-06-12 19:00:00+00:00,7.842,7.884,7.831,7.84,59704.42
2026-06-12 20:00:00+00:00,7.84,7.867,7.833,7.843,31398.01
2026-06-12 21:00:00+00:00,7.844,7.876,7.824,7.832,24340.67
2026-06-12 22:00:00+00:00,7.832,7.873,7.826,7.849,23348.05
2026-06-12 23:00:00+00:00,7.848,7.867,7.819,7.867,20105.92
2026-06-13 00:00:00+00:00,7.867,7.901,7.859,7.889,26842.26
2026-06-13 01:00:00+00:00,7.889,7.949,7.889,7.945,40874.04
2026-06-13 02:00:00+00:00,7.945,7.945,7.901,7.91,46652.27
2026-06-13 03:00:00+00:00,7.91,7.921,7.871,7.893,43430.84
2026-06-13 04:00:00+00:00,7.892,7.911,7.868,7.878,37183.29
2026-06-13 05:00:00+00:00,7.878,7.895,7.858,7.884,22976.98
2026-06-13 06:00:00+00:00,7.885,7.934,7.867,7.925,36855.59
2026-06-13 07:00:00+00:00,7.926,7.971,7.897,7.964,60074.1
2026-06-13 08:00:00+00:00,7.964,7.984,7.945,7.962,51262.08
2026-06-13 09:00:00+00:00,7.962,7.98,7.948,7.954,27418.64
2026-06-13 10:00:00+00:00,7.955,7.977,7.949,7.962,21421.3
2026-06-13 11:00:00+00:00,7.963,7.993,7.957,7.99,29669.86
2026-06-13 12:00:00+00:00,7.99,8.031,7.976,8.01,49395.84
2026-06-13 13:00:00+00:00,8.011,8.011,7.976,7.994,49376.65
2026-06-13 14:00:00+00:00,7.995,8.016,7.991,8.011,32628.13
2026-06-13 15:00:00+00:00,8.012,8.044,8.0,8.026,75213.31
2026-06-13 16:00:00+00:00,8.027,8.029,7.938,7.995,146297.18
2026-06-13 17:00:00+00:00,7.994,8.024,7.979,7.992,49843.07
2026-06-13 18:00:00+00:00,7.992,8.022,7.965,7.984,35049.51
2026-06-13 19:00:00+00:00,7.983,8.01,7.962,7.991,50094.36
2026-06-13 20:00:00+00:00,7.992,7.995,7.968,7.984,20253.02
2026-06-13 21:00:00+00:00,7.984,8.05,7.957,8.023,69703.92
2026-06-13 22:00:00+00:00,8.024,8.024,7.982,7.982,37504.94
2026-06-13 23:00:00+00:00,7.982,7.998,7.967,7.987,40986.45
2026-06-14 00:00:00+00:00,7.987,7.987,7.959,7.968,29144.93
2026-06-14 01:00:00+00:00,7.969,8.009,7.957,7.972,39647.43
2026-06-14 02:00:00+00:00,7.972,8.002,7.954,7.963,50951.55
2026-06-14 03:00:00+00:00,7.962,7.975,7.953,7.965,28559.45
2026-06-14 04:00:00+00:00,7.965,7.967,7.906,7.919,85532.66
2026-06-14 05:00:00+00:00,7.919,7.934,7.893,7.923,48741.82
2026-06-14 06:00:00+00:00,7.924,7.954,7.915,7.922,25789.05
2026-06-14 07:00:00+00:00,7.923,7.925,7.886,7.907,21706.69
2026-06-14 08:00:00+00:00,7.907,7.932,7.898,7.915,31577.23
2026-06-14 09:00:00+00:00,7.915,7.948,7.881,7.947,42609.09
2026-06-14 10:00:00+00:00,7.947,7.951,7.915,7.916,25800.65
2026-06-14 11:00:00+00:00,7.916,7.945,7.91,7.927,15721.35
2026-06-14 12:00:00+00:00,7.927,7.932,7.88,7.884,21642.14
2026-06-14 13:00:00+00:00,7.885,7.895,7.858,7.873,39782.21
2026-06-14 14:00:00+00:00,7.873,7.88,7.794,7.832,81192.31
2026-06-14 15:00:00+00:00,7.831,7.851,7.828,7.841,28539.46
2026-06-14 16:00:00+00:00,7.841,7.876,7.837,7.843,27477.64
2026-06-14 17:00:00+00:00,7.843,7.863,7.811,7.816,57215.46
2026-06-14 18:00:00+00:00,7.817,7.836,7.783,7.815,48891.11
2026-06-14 19:00:00+00:00,7.814,7.847,7.806,7.821,17145.92
2026-06-14 20:00:00+00:00,7.822,7.872,7.808,7.853,36157.37
2026-06-14 21:00:00+00:00,7.854,8.147,7.851,8.072,219998.54
2026-06-14 22:00:00+00:00,8.073,8.139,8.04,8.113,113044.63
2026-06-14 23:00:00+00:00,8.114,8.184,8.091,8.181,144781.13
2026-06-15 00:00:00+00:00,8.181,8.219,8.134,8.157,134683.8
2026-06-15 01:00:00+00:00,8.158,8.169,8.105,8.125,78120.02
2026-06-15 02:00:00+00:00,8.125,8.202,8.121,8.159,59309.84
2026-06-15 03:00:00+00:00,8.16,8.215,8.152,8.197,70055.62
2026-06-15 04:00:00+00:00,8.197,8.204,8.152,8.167,80147.54
2026-06-15 05:00:00+00:00,8.168,8.214,8.153,8.209,37256.91
2026-06-15 06:00:00+00:00,8.209,8.231,8.192,8.201,47487.52
2026-06-15 07:00:00+00:00,8.201,8.227,8.177,8.183,48316.64
2026-06-15 08:00:00+00:00,8.184,8.23,8.173,8.208,61790.46
2026-06-15 09:00:00+00:00,8.209,8.228,8.163,8.206,49730.53
2026-06-15 10:00:00+00:00,8.205,8.349,8.203,8.338,126095.8
2026-06-15 11:00:00+00:00,8.339,8.454,8.256,8.307,409390.5
2026-06-15 12:00:00+00:00,8.307,8.363,8.282,8.355,180880.7
2026-06-15 13:00:00+00:00,8.354,8.521,8.339,8.47,245612.44
2026-06-15 14:00:00+00:00,8.471,8.477,8.422,8.455,122185.03
2026-06-15 15:00:00+00:00,8.454,8.6,8.419,8.561,222818.13
2026-06-15 16:00:00+00:00,8.561,8.586,8.508,8.555,138230.09
2026-06-15 17:00:00+00:00,8.555,8.556,8.453,8.493,101821.36
2026-06-15 18:00:00+00:00,8.493,8.501,8.457,8.462,69688.82
2026-06-15 19:00:00+00:00,8.461,8.509,8.374,8.41,115603.66
2026-06-15 20:00:00+00:00,8.41,8.425,8.368,8.376,72865.95
2026-06-15 21:00:00+00:00,8.377,8.398,8.343,8.354,55220.86
2026-06-15 22:00:00+00:00,8.355,8.376,8.26,8.269,97100.34
2026-06-15 23:00:00+00:00,8.268,8.306,8.249,8.3,54868.37
2026-06-16 00:00:00+00:00,8.299,8.338,8.28,8.284,70567.36
2026-06-16 01:00:00+00:00,8.285,8.315,8.255,8.259,31904.35
2026-06-16 02:00:00+00:00,8.259,8.263,8.151,8.181,137601.61
2026-06-16 03:00:00+00:00,8.181,8.261,8.17,8.254,95352.58
2026-06-16 04:00:00+00:00,8.252,8.273,8.18,8.188,50054.25
2026-06-16 05:00:00+00:00,8.188,8.227,8.188,8.208,55535.1
2026-06-16 06:00:00+00:00,8.207,8.271,8.206,8.262,33269.99
2026-06-16 07:00:00+00:00,8.263,8.293,8.245,8.285,45337.39
2026-06-16 08:00:00+00:00,8.285,8.431,8.277,8.404,96187.46
2026-06-16 09:00:00+00:00,8.405,8.414,8.333,8.35,67946.98
2026-06-16 10:00:00+00:00,8.349,8.377,8.331,8.345,51933.21
2026-06-16 11:00:00+00:00,8.345,8.369,8.298,8.333,62494.94
2026-06-16 12:00:00+00:00,8.334,8.484,8.312,8.391,102867.84
2026-06-16 13:00:00+00:00,8.392,8.397,8.247,8.255,127029.12
2026-06-16 14:00:00+00:00,8.256,8.297,8.094,8.162,189124.89
2026-06-16 15:00:00+00:00,8.161,8.232,8.153,8.197,65566.29
2026-06-16 16:00:00+00:00,8.198,8.212,8.164,8.177,41229.21
2026-06-16 17:00:00+00:00,8.178,8.265,8.178,8.256,46117.99
2026-06-16 18:00:00+00:00,8.257,8.329,8.251,8.303,68296.95
2026-06-16 19:00:00+00:00,8.303,8.303,8.23,8.258,60335.66
2026-06-16 20:00:00+00:00,8.258,8.34,8.242,8.331,57306.53
2026-06-16 21:00:00+00:00,8.332,8.351,8.286,8.314,50110.33
2026-06-16 22:00:00+00:00,8.314,8.335,8.287,8.306,49117.24
2026-06-16 23:00:00+00:00,8.305,8.318,8.267,8.277,28428.97
2026-06-17 00:00:00+00:00,8.277,8.312,8.267,8.294,32694.44
2026-06-17 01:00:00+00:00,8.296,8.364,8.255,8.352,44975.87
2026-06-17 02:00:00+00:00,8.353,8.418,8.326,8.373,69686.08
2026-06-17 03:00:00+00:00,8.372,8.372,8.32,8.353,27856.34
2026-06-17 04:00:00+00:00,8.354,8.399,8.333,8.352,38579.91
2026-06-17 05:00:00+00:00,8.352,8.376,8.305,8.338,25951.16
2026-06-17 06:00:00+00:00,8.338,8.361,8.304,8.325,31663.88
2026-06-17 07:00:00+00:00,8.325,8.365,8.262,8.293,52711.34
2026-06-17 08:00:00+00:00,8.293,8.298,8.15,8.173,98274.05
2026-06-17 09:00:00+00:00,8.172,8.213,8.167,8.202,92130.52
2026-06-17 10:00:00+00:00,8.202,8.217,8.169,8.175,131842.78
2026-06-17 11:00:00+00:00,8.175,8.184,8.112,8.157,63847.69
2026-06-17 12:00:00+00:00,8.157,8.184,8.084,8.177,75519.56
2026-06-17 13:00:00+00:00,8.177,8.224,8.142,8.177,75792.75
2026-06-17 14:00:00+00:00,8.176,8.215,8.104,8.157,67703.69
2026-06-17 15:00:00+00:00,8.158,8.3,8.147,8.293,96559.65
2026-06-17 16:00:00+00:00,8.292,8.371,8.266,8.27,96225.89
2026-06-17 17:00:00+00:00,8.27,8.325,8.229,8.307,78554.29
2026-06-17 18:00:00+00:00,8.307,8.329,8.096,8.244,259302.57
2026-06-17 19:00:00+00:00,8.245,8.267,8.006,8.037,287563.82
2026-06-17 20:00:00+00:00,8.036,8.109,8.022,8.102,85382.73
2026-06-17 21:00:00+00:00,8.102,8.104,8.023,8.037,47062.21
2026-06-17 22:00:00+00:00,8.038,8.069,7.937,8.04,91285.49
2026-06-17 23:00:00+00:00,8.04,8.096,8.039,8.092,32666.41
2026-06-18 00:00:00+00:00,8.093,8.128,8.081,8.086,49409.09
2026-06-18 01:00:00+00:00,8.086,8.137,8.068,8.083,35887.33
2026-06-18 02:00:00+00:00,8.084,8.123,8.071,8.113,37327.36
2026-06-18 03:00:00+00:00,8.113,8.115,8.015,8.03,47094.96
2026-06-18 04:00:00+00:00,8.031,8.035,7.91,7.952,137254.78
2026-06-18 05:00:00+00:00,7.952,7.954,7.89,7.952,115940.85
2026-06-18 06:00:00+00:00,7.952,7.989,7.928,7.983,54797.42
2026-06-18 07:00:00+00:00,7.984,8.046,7.959,8.031,69214.56
2026-06-18 08:00:00+00:00,8.032,8.067,8.014,8.032,57364.39
2026-06-18 09:00:00+00:00,8.033,8.064,8.017,8.04,21810.29
2026-06-18 10:00:00+00:00,8.04,8.042,7.986,8.024,50881.3
2026-06-18 11:00:00+00:00,8.025,8.042,7.972,7.989,43585.72
2026-06-18 12:00:00+00:00,7.99,8.099,7.984,8.093,123425.47
2026-06-18 13:00:00+00:00,8.094,8.128,7.966,8.025,110802.69
2026-06-18 14:00:00+00:00,8.026,8.107,7.98,8.028,81614.35
2026-06-18 15:00:00+00:00,8.028,8.029,7.772,7.788,247018.47
2026-06-18 16:00:00+00:00,7.787,7.859,7.78,7.852,165966.99
2026-06-18 17:00:00+00:00,7.853,7.857,7.788,7.82,168795.28
2026-06-18 18:00:00+00:00,7.82,7.872,7.808,7.853,87462.45
2026-06-18 19:00:00+00:00,7.852,7.939,7.842,7.92,62144.33
2026-06-18 20:00:00+00:00,7.92,7.996,7.92,7.988,52478.35
2026-06-18 21:00:00+00:00,7.988,7.999,7.931,7.995,33257.78
2026-06-18 22:00:00+00:00,7.995,7.999,7.951,7.988,50110.45
2026-06-18 23:00:00+00:00,7.987,8.019,7.954,8.016,40637.43
2026-06-19 00:00:00+00:00,8.015,8.034,7.989,8.015,49410.73
2026-06-19 01:00:00+00:00,8.016,8.044,7.984,8.028,50877.61
2026-06-19 02:00:00+00:00,8.028,8.043,7.98,7.993,40836.9
2026-06-19 03:00:00+00:00,7.994,8.003,7.823,7.881,152004.45
2026-06-19 04:00:00+00:00,7.882,7.916,7.811,7.827,60443.19
2026-06-19 05:00:00+00:00,7.828,7.893,7.823,7.891,39965.01
2026-06-19 06:00:00+00:00,7.891,7.92,7.862,7.897,86569.13
2026-06-19 07:00:00+00:00,7.896,7.896,7.823,7.847,67448.41
2026-06-19 08:00:00+00:00,7.848,7.881,7.842,7.856,43789.5
2026-06-19 09:00:00+00:00,7.857,7.866,7.817,7.836,70005.21
2026-06-19 10:00:00+00:00,7.836,7.853,7.802,7.832,61857.62
2026-06-19 11:00:00+00:00,7.832,7.841,7.81,7.813,75776.13
2026-06-19 12:00:00+00:00,7.814,7.863,7.764,7.857,99794.14
2026-06-19 13:00:00+00:00,7.858,7.953,7.823,7.932,90872.84
2026-06-19 14:00:00+00:00,7.931,7.949,7.901,7.903,52695.39
2026-06-19 15:00:00+00:00,7.903,7.93,7.873,7.906,66093.04
2026-06-19 16:00:00+00:00,7.907,7.938,7.861,7.869,57384.84
2026-06-19 17:00:00+00:00,7.868,7.927,7.851,7.909,48041.23
2026-06-19 18:00:00+00:00,7.909,7.914,7.856,7.89,26850.98
2026-06-19 19:00:00+00:00,7.891,7.9,7.85,7.881,31325.52
2026-06-19 20:00:00+00:00,7.881,7.929,7.852,7.928,28162.63
2026-06-19 21:00:00+00:00,7.927,7.932,7.879,7.888,26739.83
2026-06-19 22:00:00+00:00,7.888,7.933,7.879,7.926,30266.0
2026-06-19 23:00:00+00:00,7.926,7.966,7.904,7.95,38455.4
2026-06-20 00:00:00+00:00,7.949,7.961,7.869,7.886,120475.04
2026-06-20 01:00:00+00:00,7.886,7.922,7.877,7.912,31653.39
2026-06-20 02:00:00+00:00,7.912,7.914,7.864,7.874,30857.71
2026-06-20 03:00:00+00:00,7.874,7.899,7.867,7.894,13837.89
2026-06-20 04:00:00+00:00,7.895,7.938,7.883,7.932,41177.36
2026-06-20 05:00:00+00:00,7.933,8.017,7.926,7.99,67400.97
2026-06-20 06:00:00+00:00,7.99,8.012,7.976,7.99,43969.84
2026-06-20 07:00:00+00:00,7.991,8.009,7.954,7.963,45092.18
2026-06-20 08:00:00+00:00,7.964,7.964,7.927,7.942,26560.75
2026-06-20 09:00:00+00:00,7.942,7.985,7.942,7.969,22174.79
2026-06-20 10:00:00+00:00,7.969,7.979,7.943,7.959,22384.04
2026-06-20 11:00:00+00:00,7.959,7.961,7.938,7.939,18752.46
2026-06-20 12:00:00+00:00,7.939,7.952,7.914,7.928,31746.68
2026-06-20 13:00:00+00:00,7.928,7.934,7.859,7.877,53478.25
2026-06-20 14:00:00+00:00,7.876,7.988,7.824,7.937,178914.96
2026-06-20 15:00:00+00:00,7.937,8.01,7.919,7.968,93333.43
2026-06-20 16:00:00+00:00,7.969,7.971,7.922,7.964,22902.16
2026-06-20 17:00:00+00:00,7.963,7.963,7.866,7.904,53268.03
2026-06-20 18:00:00+00:00,7.904,7.931,7.888,7.893,37121.26
2026-06-20 19:00:00+00:00,7.893,7.91,7.885,7.901,37426.81
2026-06-20 20:00:00+00:00,7.902,7.912,7.89,7.906,7756.77
2026-06-20 21:00:00+00:00,7.907,7.942,7.905,7.934,32854.18
2026-06-20 22:00:00+00:00,7.933,8.015,7.919,7.99,48335.52
2026-06-20 23:00:00+00:00,7.99,8.012,7.982,7.987,19478.91
2026-06-21 00:00:00+00:00,7.989,7.994,7.957,7.974,14197.15
2026-06-21 01:00:00+00:00,7.975,7.977,7.952,7.963,12964.49
2026-06-21 02:00:00+00:00,7.962,7.966,7.94,7.951,7297.94
2026-06-21 03:00:00+00:00,7.95,7.988,7.938,7.971,13300.85
2026-06-21 04:00:00+00:00,7.972,7.987,7.937,7.942,22983.42
2026-06-21 05:00:00+00:00,7.942,7.943,7.918,7.925,20773.4
2026-06-21 06:00:00+00:00,7.926,7.955,7.923,7.941,12191.22
2026-06-21 07:00:00+00:00,7.942,7.972,7.928,7.95,14566.86
2026-06-21 08:00:00+00:00,7.95,7.959,7.898,7.943,40892.51
2026-06-21 09:00:00+00:00,7.943,7.992,7.934,7.985,46637.98
2026-06-21 10:00:00+00:00,7.985,8.011,7.972,7.973,44596.3
2026-06-21 11:00:00+00:00,7.973,7.981,7.92,7.935,22862.11
2026-06-21 12:00:00+00:00,7.936,7.946,7.903,7.939,34866.64
2026-06-21 13:00:00+00:00,7.939,7.961,7.93,7.957,25936.49
2026-06-21 14:00:00+00:00,7.957,7.966,7.937,7.966,27073.31
2026-06-21 15:00:00+00:00,7.966,7.991,7.962,7.988,71560.61
2026-06-21 16:00:00+00:00,7.987,7.994,7.917,7.953,49562.87
2026-06-21 17:00:00+00:00,7.952,7.973,7.931,7.942,39181.34
2026-06-21 18:00:00+00:00,7.941,7.971,7.907,7.958,53183.56
2026-06-21 19:00:00+00:00,7.958,7.972,7.947,7.955,24296.52
2026-06-21 20:00:00+00:00,7.955,7.959,7.874,7.888,40185.05
2026-06-21 21:00:00+00:00,7.888,7.893,7.781,7.852,70530.65
2026-06-21 22:00:00+00:00,7.851,7.877,7.807,7.838,34761.47
2026-06-21 23:00:00+00:00,7.837,7.837,7.769,7.783,66297.97
2026-06-22 00:00:00+00:00,7.784,7.91,7.782,7.889,58278.89
2026-06-22 01:00:00+00:00,7.889,8.023,7.87,7.963,129694.82
2026-06-22 02:00:00+00:00,7.963,7.97,7.906,7.906,31499.38
2026-06-22 03:00:00+00:00,7.905,7.929,7.86,7.87,46560.18
2026-06-22 04:00:00+00:00,7.87,7.903,7.857,7.901,22643.75
2026-06-22 05:00:00+00:00,7.9,7.952,7.897,7.945,72519.46
2026-06-22 06:00:00+00:00,7.946,7.967,7.9,7.91,44452.15
2026-06-22 07:00:00+00:00,7.91,7.995,7.906,7.965,58768.5
2026-06-22 08:00:00+00:00,7.966,8.012,7.948,7.989,80628.14
2026-06-22 09:00:00+00:00,7.99,8.012,7.979,7.986,46568.71
2026-06-22 10:00:00+00:00,7.986,8.021,7.98,7.997,50856.84
2026-06-22 11:00:00+00:00,7.998,8.099,7.988,8.087,181224.63
2026-06-22 12:00:00+00:00,8.088,8.129,8.076,8.113,107448.04
2026-06-22 13:00:00+00:00,8.114,8.155,8.085,8.148,100961.74
2026-06-22 14:00:00+00:00,8.148,8.149,7.99,8.019,126810.23
2026-06-22 15:00:00+00:00,8.02,8.057,7.975,7.987,113671.02
2026-06-22 16:00:00+00:00,7.988,8.0,7.954,7.987,75927.01
2026-06-22 17:00:00+00:00,7.988,7.994,7.909,7.956,153755.22
2026-06-22 18:00:00+00:00,7.957,7.978,7.895,7.904,78657.83
2026-06-22 19:00:00+00:00,7.904,7.92,7.886,7.913,67236.22
2026-06-22 20:00:00+00:00,7.915,7.94,7.898,7.919,23909.65
2026-06-22 21:00:00+00:00,7.92,7.926,7.87,7.9,24171.97
2026-06-22 22:00:00+00:00,7.901,7.917,7.821,7.859,77669.03
2026-06-22 23:00:00+00:00,7.858,7.889,7.847,7.874,38053.85
2026-06-23 00:00:00+00:00,7.873,7.878,7.828,7.869,41197.53
2026-06-23 01:00:00+00:00,7.869,7.916,7.833,7.883,75648.02
2026-06-23 02:00:00+00:00,7.882,7.915,7.858,7.905,35438.92
2026-06-23 03:00:00+00:00,7.904,7.904,7.862,7.902,15925.44
2026-06-23 04:00:00+00:00,7.903,7.907,7.839,7.842,20403.9
2026-06-23 05:00:00+00:00,7.842,7.855,7.813,7.834,99655.84
2026-06-23 06:00:00+00:00,7.835,7.836,7.633,7.701,224823.18
2026-06-23 07:00:00+00:00,7.701,7.726,7.659,7.661,57449.89
2026-06-23 08:00:00+00:00,7.662,7.671,7.479,7.528,265901.68
2026-06-23 09:00:00+00:00,7.528,7.555,7.52,7.542,51615.04
2026-06-23 10:00:00+00:00,7.543,7.572,7.526,7.547,60911.72
2026-06-23 11:00:00+00:00,7.547,7.629,7.54,7.617,67358.54
2026-06-23 12:00:00+00:00,7.616,7.621,7.565,7.584,96881.58
2026-06-23 13:00:00+00:00,7.584,7.638,7.545,7.627,136996.59
2026-06-23 14:00:00+00:00,7.626,7.677,7.59,7.611,188134.62
2026-06-23 15:00:00+00:00,7.612,7.694,7.559,7.623,324626.05
2026-06-23 16:00:00+00:00,7.623,7.668,7.6,7.604,132266.01
2026-06-23 17:00:00+00:00,7.603,7.63,7.567,7.579,38591.99
2026-06-23 18:00:00+00:00,7.578,7.605,7.547,7.567,26539.74
2026-06-23 19:00:00+00:00,7.567,7.6,7.562,7.58,43200.05
2026-06-23 20:00:00+00:00,7.58,7.605,7.574,7.582,31327.56
2026-06-23 21:00:00+00:00,7.583,7.617,7.583,7.607,21767.9
2026-06-23 22:00:00+00:00,7.608,7.649,7.6,7.618,38783.94
2026-06-23 23:00:00+00:00,7.618,7.648,7.588,7.635,42329.55
2026-06-24 00:00:00+00:00,7.636,7.665,7.607,7.621,203216.87
2026-06-24 01:00:00+00:00,7.621,7.666,7.587,7.632,137779.73
2026-06-24 02:00:00+00:00,7.633,7.64,7.585,7.586,80914.44
2026-06-24 03:00:00+00:00,7.586,7.605,7.552,7.586,37673.66
2026-06-24 04:00:00+00:00,7.587,7.607,7.533,7.596,54208.65
2026-06-24 05:00:00+00:00,7.596,7.672,7.596,7.649,59134.13
2026-06-24 06:00:00+00:00,7.65,7.657,7.629,7.642,39735.47
2026-06-24 07:00:00+00:00,7.642,7.65,7.601,7.607,43253.15
2026-06-24 08:00:00+00:00,7.608,7.631,7.596,7.628,28145.01
2026-06-24 09:00:00+00:00,7.628,7.629,7.6,7.625,23331.07
2026-06-24 10:00:00+00:00,7.625,7.628,7.576,7.583,29921.69
2026-06-24 11:00:00+00:00,7.582,7.7,7.538,7.633,321324.01
2026-06-24 12:00:00+00:00,7.633,7.641,7.581,7.587,96690.23
2026-06-24 13:00:00+00:00,7.588,7.593,7.459,7.474,255493.85
2026-06-24 14:00:00+00:00,7.474,7.532,7.448,7.501,178616.39
2026-06-24 15:00:00+00:00,7.501,7.503,7.365,7.368,150888.95
2026-06-24 16:00:00+00:00,7.367,7.454,7.231,7.268,361224.63
2026-06-24 17:00:00+00:00,7.269,7.295,7.123,7.139,336293.06
2026-06-24 18:00:00+00:00,7.139,7.263,7.124,7.189,145122.03
2026-06-24 19:00:00+00:00,7.19,7.25,7.173,7.244,111329.55
2026-06-24 20:00:00+00:00,7.243,7.429,7.234,7.396,177216.21
2026-06-24 21:00:00+00:00,7.397,7.452,7.364,7.449,91595.8
2026-06-24 22:00:00+00:00,7.449,7.483,7.401,7.408,75545.97
2026-06-24 23:00:00+00:00,7.409,7.434,7.398,7.426,29412.54
2026-06-25 00:00:00+00:00,7.427,7.445,7.389,7.401,44101.65
2026-06-25 01:00:00+00:00,7.401,7.418,7.385,7.41,26397.77
2026-06-25 02:00:00+00:00,7.409,7.424,7.392,7.411,57445.34
2026-06-25 03:00:00+00:00,7.412,7.423,7.39,7.404,35023.84
2026-06-25 04:00:00+00:00,7.405,7.478,7.382,7.467,37538.84
2026-06-25 05:00:00+00:00,7.467,7.54,7.456,7.514,114057.17
2026-06-25 06:00:00+00:00,7.514,7.553,7.509,7.524,101310.17
2026-06-25 07:00:00+00:00,7.525,7.538,7.505,7.537,39652.13
2026-06-25 08:00:00+00:00,7.537,7.537,7.5,7.507,31367.17
2026-06-25 09:00:00+00:00,7.508,7.517,7.484,7.492,20002.11
2026-06-25 10:00:00+00:00,7.492,7.497,7.447,7.45,70467.14
2026-06-25 11:00:00+00:00,7.449,7.465,7.425,7.44,58479.36
2026-06-25 12:00:00+00:00,7.441,7.51,7.391,7.45,129533.45
2026-06-25 13:00:00+00:00,7.45,7.49,7.01,7.031,387534.61
2026-06-25 14:00:00+00:00,7.032,7.305,7.032,7.189,480143.23
2026-06-25 15:00:00+00:00,7.191,7.235,7.103,7.216,232234.88
2026-06-25 16:00:00+00:00,7.217,7.283,7.161,7.199,92196.63
2026-06-25 17:00:00+00:00,7.198,7.282,7.187,7.277,135103.59
2026-06-25 18:00:00+00:00,7.278,7.286,7.176,7.201,112958.84
2026-06-25 19:00:00+00:00,7.202,7.202,7.137,7.18,55523.07
2026-06-25 20:00:00+00:00,7.179,7.23,7.179,7.192,47330.54
2026-06-25 21:00:00+00:00,7.192,7.284,7.188,7.284,43373.06
2026-06-25 22:00:00+00:00,7.283,7.288,7.239,7.242,44627.64
2026-06-25 23:00:00+00:00,7.244,7.301,7.232,7.248,50874.22
2026-06-26 00:00:00+00:00,7.248,7.266,7.219,7.233,80853.73
2026-06-26 01:00:00+00:00,7.232,7.25,7.163,7.175,30848.49
2026-06-26 02:00:00+00:00,7.176,7.181,7.03,7.06,212543.09
2026-06-26 03:00:00+00:00,7.061,7.224,7.016,7.206,185079.75
2026-06-26 04:00:00+00:00,7.205,7.228,7.174,7.177,66092.66
2026-06-26 05:00:00+00:00,7.178,7.222,7.17,7.198,36557.57
2026-06-26 06:00:00+00:00,7.197,7.282,7.157,7.278,68559.72
2026-06-26 07:00:00+00:00,7.278,7.342,7.272,7.328,86059.0
2026-06-26 08:00:00+00:00,7.328,7.336,7.248,7.259,82077.09
2026-06-26 09:00:00+00:00,7.259,7.271,7.188,7.188,64647.62
2026-06-26 10:00:00+00:00,7.189,7.203,7.151,7.161,48375.85
2026-06-26 11:00:00+00:00,7.161,7.192,7.125,7.147,40879.91
2026-06-26 12:00:00+00:00,7.149,7.232,7.089,7.127,115368.92
2026-06-26 13:00:00+00:00,7.127,7.275,7.056,7.27,163182.38
2026-06-26 14:00:00+00:00,7.269,7.291,7.206,7.231,207592.26
2026-06-26 15:00:00+00:00,7.232,7.36,7.22,7.337,187408.38
2026-06-26 16:00:00+00:00,7.338,7.402,7.301,7.349,158109.3
2026-06-26 17:00:00+00:00,7.348,7.394,7.344,7.367,75712.63
2026-06-26 18:00:00+00:00,7.367,7.386,7.288,7.3,45646.42
2026-06-26 19:00:00+00:00,7.301,7.376,7.288,7.328,76758.29
2026-06-26 20:00:00+00:00,7.328,7.389,7.309,7.314,86765.0
2026-06-26 21:00:00+00:00,7.313,7.342,7.296,7.312,22433.18
2026-06-26 22:00:00+00:00,7.312,7.358,7.29,7.355,51600.21
2026-06-26 23:00:00+00:00,7.355,7.376,7.348,7.354,44718.93
2026-06-27 00:00:00+00:00,7.355,7.385,7.324,7.353,31286.6
2026-06-27 01:00:00+00:00,7.354,7.361,7.341,7.355,17710.31
2026-06-27 02:00:00+00:00,7.355,7.417,7.349,7.402,59474.64
2026-06-27 03:00:00+00:00,7.401,7.404,7.361,7.366,41772.15
2026-06-27 04:00:00+00:00,7.366,7.401,7.363,7.364,32650.1
2026-06-27 05:00:00+00:00,7.364,7.376,7.346,7.374,22028.1
2026-06-27 06:00:00+00:00,7.373,7.405,7.353,7.382,43706.45
2026-06-27 07:00:00+00:00,7.383,7.392,7.364,7.386,50725.75
2026-06-27 08:00:00+00:00,7.385,7.388,7.361,7.375,34216.28
2026-06-27 09:00:00+00:00,7.374,7.383,7.343,7.38,45714.41
2026-06-27 10:00:00+00:00,7.379,7.384,7.357,7.368,38339.52
2026-06-27 11:00:00+00:00,7.369,7.369,7.332,7.357,25300.02
2026-06-27 12:00:00+00:00,7.357,7.379,7.342,7.377,22943.85
2026-06-27 13:00:00+00:00,7.378,7.397,7.372,7.392,33059.71
2026-06-27 14:00:00+00:00,7.392,7.427,7.383,7.412,36538.02
2026-06-27 15:00:00+00:00,7.413,7.478,7.411,7.454,66750.34
2026-06-27 16:00:00+00:00,7.456,7.469,7.435,7.454,23543.03
2026-06-27 17:00:00+00:00,7.453,7.453,7.365,7.377,114627.37
2026-06-27 18:00:00+00:00,7.377,7.389,7.363,7.387,13682.91
2026-06-27 19:00:00+00:00,7.387,7.4,7.306,7.325,38442.76
2026-06-27 20:00:00+00:00,7.325,7.347,7.325,7.337,13821.3
2026-06-27 21:00:00+00:00,7.338,7.346,7.296,7.307,20979.86
2026-06-27 22:00:00+00:00,7.306,7.328,7.248,7.326,50446.63
2026-06-27 23:00:00+00:00,7.327,7.334,7.289,7.297,16017.39
2026-06-28 00:00:00+00:00,7.296,7.318,7.29,7.297,15924.48
2026-06-28 01:00:00+00:00,7.297,7.306,7.283,7.296,24211.37
2026-06-28 02:00:00+00:00,7.296,7.316,7.271,7.277,21147.1
2026-06-28 03:00:00+00:00,7.277,7.31,7.277,7.307,17071.31
2026-06-28 04:00:00+00:00,7.307,7.31,7.28,7.295,48542.36
2026-06-28 05:00:00+00:00,7.296,7.296,7.241,7.267,26937.95
2026-06-28 06:00:00+00:00,7.267,7.27,7.22,7.257,76518.63
2026-06-28 07:00:00+00:00,7.258,7.306,7.258,7.305,18840.71
2026-06-28 08:00:00+00:00,7.305,7.358,7.294,7.328,25574.57
2026-06-28 09:00:00+00:00,7.327,7.351,7.292,7.292,22456.32
2026-06-28 10:00:00+00:00,7.293,7.313,7.232,7.249,181972.97
2026-06-28 11:00:00+00:00,7.25,7.294,7.24,7.289,89169.55
2026-06-28 12:00:00+00:00,7.289,7.316,7.262,7.288,28052.16
2026-06-28 13:00:00+00:00,7.288,7.288,7.241,7.258,26463.35
2026-06-28 14:00:00+00:00,7.259,7.316,7.259,7.292,93679.96
2026-06-28 15:00:00+00:00,7.293,7.332,7.285,7.317,95541.09
2026-06-28 16:00:00+00:00,7.318,7.322,7.227,7.246,105575.54
2026-06-28 17:00:00+00:00,7.246,7.275,7.207,7.253,44222.33
2026-06-28 18:00:00+00:00,7.253,7.267,7.225,7.249,13388.58
2026-06-28 19:00:00+00:00,7.249,7.266,7.197,7.23,22929.04
2026-06-28 20:00:00+00:00,7.229,7.281,7.227,7.252,18944.35
2026-06-28 21:00:00+00:00,7.252,7.258,7.172,7.194,35676.13
2026-06-28 22:00:00+00:00,7.195,7.278,7.16,7.196,107287.35
2026-06-28 23:00:00+00:00,7.195,7.295,7.186,7.268,42730.23
2026-06-29 00:00:00+00:00,7.269,7.283,7.195,7.279,52016.78
2026-06-29 01:00:00+00:00,7.28,7.282,7.22,7.26,31245.79
2026-06-29 02:00:00+00:00,7.259,7.306,7.179,7.302,61803.69
2026-06-29 03:00:00+00:00,7.303,7.367,7.303,7.332,125570.13
2026-06-29 04:00:00+00:00,7.331,7.332,7.277,7.285,132050.48
2026-06-29 05:00:00+00:00,7.285,7.31,7.221,7.31,56732.03
2026-06-29 06:00:00+00:00,7.31,7.353,7.306,7.312,56438.34
2026-06-29 07:00:00+00:00,7.312,7.336,7.288,7.325,85550.67
2026-06-29 08:00:00+00:00,7.325,7.343,7.279,7.289,105014.7
2026-06-29 09:00:00+00:00,7.289,7.333,7.286,7.324,115360.42
2026-06-29 10:00:00+00:00,7.325,7.364,7.325,7.337,105450.57
2026-06-29 11:00:00+00:00,7.337,7.356,7.291,7.307,71812.14
2026-06-29 12:00:00+00:00,7.306,7.413,7.264,7.318,130255.35
2026-06-29 13:00:00+00:00,7.318,7.362,7.248,7.285,140637.22
2026-06-29 14:00:00+00:00,7.285,7.298,7.202,7.286,185617.59
2026-06-29 15:00:00+00:00,7.287,7.345,7.222,7.327,108127.01
2026-06-29 16:00:00+00:00,7.329,7.355,7.281,7.336,161195.87
2026-06-29 17:00:00+00:00,7.336,7.501,7.335,7.473,177248.37
2026-06-29 18:00:00+00:00,7.473,7.481,7.44,7.451,54666.5
2026-06-29 19:00:00+00:00,7.452,7.483,7.434,7.473,46497.29
2026-06-29 20:00:00+00:00,7.473,7.476,7.439,7.439,43527.42
2026-06-29 21:00:00+00:00,7.44,7.476,7.423,7.454,52483.0
2026-06-29 22:00:00+00:00,7.455,7.463,7.41,7.41,38469.78
2026-06-29 23:00:00+00:00,7.411,7.411,7.37,7.38,189772.79
2026-06-30 00:00:00+00:00,7.379,7.397,7.294,7.307,453245.01
2026-06-30 01:00:00+00:00,7.308,7.333,7.271,7.303,155888.21
2026-06-30 02:00:00+00:00,7.304,7.32,7.277,7.308,52732.58
2026-06-30 03:00:00+00:00,7.308,7.33,7.278,7.292,58698.73
2026-06-30 04:00:00+00:00,7.291,7.314,7.268,7.305,52007.25
2026-06-30 05:00:00+00:00,7.306,7.313,7.28,7.311,36068.0
2026-06-30 06:00:00+00:00,7.312,7.325,7.293,7.31,48144.61
2026-06-30 07:00:00+00:00,7.31,7.316,7.291,7.301,57458.46
2026-06-30 08:00:00+00:00,7.3,7.305,7.248,7.268,143393.39
2026-06-30 09:00:00+00:00,7.268,7.29,7.258,7.284,36919.56
2026-06-30 10:00:00+00:00,7.285,7.293,7.27,7.282,35698.05
2026-06-30 11:00:00+00:00,7.281,7.287,7.245,7.259,48670.12
2026-06-30 12:00:00+00:00,7.258,7.258,7.122,7.125,129697.78
2026-06-30 13:00:00+00:00,7.126,7.217,7.121,7.213,169849.01
2026-06-30 14:00:00+00:00,7.213,7.271,7.156,7.17,91507.46
2026-06-30 15:00:00+00:00,7.17,7.215,7.145,7.157,138799.98
2026-06-30 16:00:00+00:00,7.158,7.198,7.124,7.188,83592.17
2026-06-30 17:00:00+00:00,7.189,7.218,7.173,7.18,37266.66
2026-06-30 18:00:00+00:00,7.179,7.236,7.17,7.222,36212.82
2026-06-30 19:00:00+00:00,7.221,7.232,7.196,7.213,55403.85
2026-06-30 20:00:00+00:00,7.212,7.217,7.172,7.183,41724.28
2026-06-30 21:00:00+00:00,7.182,7.192,7.152,7.179,34577.24
2026-06-30 22:00:00+00:00,7.18,7.208,7.168,7.178,27275.88
2026-06-30 23:00:00+00:00,7.179,7.204,7.173,7.201,25753.68
2026-07-01 00:00:00+00:00,7.202,7.211,7.172,7.201,40759.83
2026-07-01 01:00:00+00:00,7.201,7.24,7.076,7.212,154800.03
2026-07-01 02:00:00+00:00,7.213,7.262,7.189,7.258,56278.67
2026-07-01 03:00:00+00:00,7.258,7.308,7.229,7.293,73989.5
2026-07-01 04:00:00+00:00,7.294,7.338,7.282,7.315,51992.49
2026-07-01 05:00:00+00:00,7.314,7.319,7.267,7.28,106015.57
2026-07-01 06:00:00+00:00,7.28,7.281,7.184,7.203,126385.61
2026-07-01 07:00:00+00:00,7.203,7.214,7.181,7.206,31899.38
2026-07-01 08:00:00+00:00,7.206,7.249,7.176,7.248,70751.06
2026-07-01 09:00:00+00:00,7.249,7.268,7.235,7.26,149241.26
2026-07-01 10:00:00+00:00,7.259,7.267,7.221,7.223,54957.89
2026-07-01 11:00:00+00:00,7.223,7.239,7.201,7.221,45371.87
2026-07-01 12:00:00+00:00,7.221,7.231,7.193,7.204,139787.56
2026-07-01 13:00:00+00:00,7.205,7.314,7.19,7.31,115423.98
2026-07-01 14:00:00+00:00,7.31,7.397,7.293,7.347,208506.79
2026-07-01 15:00:00+00:00,7.347,7.462,7.347,7.415,158212.07
2026-07-01 16:00:00+00:00,7.416,7.448,7.368,7.375,72211.25
2026-07-01 17:00:00+00:00,7.376,7.411,7.351,7.402,52587.25
2026-07-01 18:00:00+00:00,7.403,7.41,7.353,7.37,46073.1
2026-07-01 19:00:00+00:00,7.37,7.415,7.365,7.38,75102.29
2026-07-01 20:00:00+00:00,7.381,7.41,7.364,7.409,41719.35
2026-07-01 21:00:00+00:00,7.41,7.503,7.409,7.48,84502.32
2026-07-01 22:00:00+00:00,7.479,7.539,7.441,7.447,113458.81
2026-07-01 23:00:00+00:00,7.446,7.46,7.348,7.358,112880.86
2026-07-02 00:00:00+00:00,7.359,7.362,7.306,7.343,60299.31
2026-07-02 01:00:00+00:00,7.344,7.433,7.341,7.429,91414.78
2026-07-02 02:00:00+00:00,7.428,7.435,7.394,7.411,304268.27
2026-07-02 03:00:00+00:00,7.411,7.549,7.41,7.538,162759.36
2026-07-02 04:00:00+00:00,7.539,7.542,7.492,7.512,52096.27
2026-07-02 05:00:00+00:00,7.513,7.519,7.471,7.482,51330.82
2026-07-02 06:00:00+00:00,7.482,7.492,7.445,7.448,34750.72
2026-07-02 07:00:00+00:00,7.448,7.46,7.428,7.453,79013.02
2026-07-02 08:00:00+00:00,7.454,7.506,7.449,7.504,59478.37
2026-07-02 09:00:00+00:00,7.505,7.62,7.485,7.591,303005.63
2026-07-02 10:00:00+00:00,7.591,7.663,7.582,7.635,153016.36
2026-07-02 11:00:00+00:00,7.635,7.667,7.624,7.659,86797.8
2026-07-02 12:00:00+00:00,7.658,7.754,7.643,7.741,153482.59
2026-07-02 13:00:00+00:00,7.741,7.91,7.727,7.879,271190.42
2026-07-02 14:00:00+00:00,7.88,7.944,7.775,7.801,188599.34
2026-07-02 15:00:00+00:00,7.8,7.814,7.753,7.787,80884.53
2026-07-02 16:00:00+00:00,7.787,7.821,7.721,7.774,96003.04
2026-07-02 17:00:00+00:00,7.774,7.797,7.748,7.758,71019.7
2026-07-02 18:00:00+00:00,7.758,7.789,7.755,7.763,83459.34
2026-07-02 19:00:00+00:00,7.763,7.772,7.726,7.747,134325.64
2026-07-02 20:00:00+00:00,7.747,7.761,7.72,7.752,78802.33
2026-07-02 21:00:00+00:00,7.752,7.756,7.722,7.74,53658.66
2026-07-02 22:00:00+00:00,7.74,7.743,7.694,7.711,92151.68
2026-07-02 23:00:00+00:00,7.711,7.756,7.699,7.747,79015.49
2026-07-03 00:00:00+00:00,7.747,7.757,7.722,7.728,76557.87
2026-07-03 01:00:00+00:00,7.727,7.835,7.721,7.813,139373.81
2026-07-03 02:00:00+00:00,7.814,7.822,7.736,7.782,174806.98
2026-07-03 03:00:00+00:00,7.781,7.802,7.746,7.767,101606.31
2026-07-03 04:00:00+00:00,7.767,7.77,7.729,7.731,78725.68
2026-07-03 05:00:00+00:00,7.731,7.796,7.729,7.773,83678.81
2026-07-03 06:00:00+00:00,7.773,7.81,7.76,7.773,81795.47
2026-07-03 07:00:00+00:00,7.773,7.789,7.749,7.767,125653.17
2026-07-03 08:00:00+00:00,7.768,7.826,7.766,7.779,153563.12
2026-07-03 09:00:00+00:00,7.779,7.816,7.764,7.791,74727.08
2026-07-03 10:00:00+00:00,7.79,7.88,7.789,7.845,99100.91
2026-07-03 11:00:00+00:00,7.846,7.881,7.835,7.876,67470.75
2026-07-03 12:00:00+00:00,7.876,7.894,7.834,7.838,72316.37
2026-07-03 13:00:00+00:00,7.839,7.876,7.837,7.869,55309.23
2026-07-03 14:00:00+00:00,7.869,7.87,7.81,7.857,76266.3
2026-07-03 15:00:00+00:00,7.857,7.896,7.827,7.847,54578.28
2026-07-03 16:00:00+00:00,7.848,7.872,7.815,7.86,38594.68
2026-07-03 17:00:00+00:00,7.859,7.899,7.851,7.889,35426.81
2026-07-03 18:00:00+00:00,7.89,7.925,7.879,7.909,34727.79
2026-07-03 19:00:00+00:00,7.908,7.976,7.9,7.947,121209.33
2026-07-03 20:00:00+00:00,7.947,8.04,7.927,8.011,127925.98
2026-07-03 21:00:00+00:00,8.011,8.033,7.961,7.985,52483.45
2026-07-03 22:00:00+00:00,7.984,7.991,7.944,7.951,67229.12
2026-07-03 23:00:00+00:00,7.951,7.979,7.937,7.975,29223.18
2026-07-04 00:00:00+00:00,7.975,7.992,7.946,7.953,43132.28
2026-07-04 01:00:00+00:00,7.952,7.952,7.898,7.915,38596.01
2026-07-04 02:00:00+00:00,7.915,7.93,7.902,7.915,18412.36
2026-07-04 03:00:00+00:00,7.916,7.939,7.902,7.922,132438.15
2026-07-04 04:00:00+00:00,7.922,7.979,7.915,7.972,61057.9
2026-07-04 05:00:00+00:00,7.972,7.972,7.918,7.922,23332.15
2026-07-04 06:00:00+00:00,7.922,7.953,7.893,7.908,28585.98
2026-07-04 07:00:00+00:00,7.908,7.928,7.894,7.924,28241.64
2026-07-04 08:00:00+00:00,7.923,7.948,7.916,7.931,24516.68
2026-07-04 09:00:00+00:00,7.932,7.937,7.883,7.891,25789.52
2026-07-04 10:00:00+00:00,7.89,7.913,7.884,7.905,28854.61
2026-07-04 11:00:00+00:00,7.905,7.919,7.899,7.913,16851.19
2026-07-04 12:00:00+00:00,7.913,7.959,7.912,7.957,16586.13
2026-07-04 13:00:00+00:00,7.957,7.992,7.921,7.942,32648.36
2026-07-04 14:00:00+00:00,7.941,8.016,7.941,8.011,49757.82
2026-07-04 15:00:00+00:00,8.011,8.102,8.007,8.088,138480.25
2026-07-04 16:00:00+00:00,8.088,8.103,8.058,8.087,49641.64
2026-07-04 17:00:00+00:00,8.087,8.16,8.057,8.139,80737.24
2026-07-04 18:00:00+00:00,8.139,8.176,8.081,8.092,128721.57
2026-07-04 19:00:00+00:00,8.092,8.101,8.061,8.077,35833.91
2026-07-04 20:00:00+00:00,8.077,8.091,8.034,8.052,30766.71
2026-07-04 21:00:00+00:00,8.052,8.084,8.046,8.048,21429.33
2026-07-04 22:00:00+00:00,8.048,8.055,8.013,8.023,25850.22
2026-07-04 23:00:00+00:00,8.024,8.031,7.974,8.006,35725.63
2026-07-05 00:00:00+00:00,8.006,8.009,7.951,7.967,35982.61
2026-07-05 01:00:00+00:00,7.968,7.98,7.913,7.941,43546.0
2026-07-05 02:00:00+00:00,7.94,7.942,7.876,7.892,35420.53
2026-07-05 03:00:00+00:00,7.891,7.919,7.881,7.893,38625.07
2026-07-05 04:00:00+00:00,7.894,7.93,7.883,7.902,36869.26
2026-07-05 05:00:00+00:00,7.901,7.903,7.85,7.878,47311.51
2026-07-05 06:00:00+00:00,7.878,7.894,7.854,7.891,30259.03
2026-07-05 07:00:00+00:00,7.892,7.932,7.876,7.925,36212.24
2026-07-05 08:00:00+00:00,7.926,7.943,7.917,7.93,24010.19
2026-07-05 09:00:00+00:00,7.929,7.933,7.833,7.864,70349.78
2026-07-05 10:00:00+00:00,7.863,7.891,7.839,7.886,30488.13
2026-07-05 11:00:00+00:00,7.887,7.904,7.879,7.89,19580.33
2026-07-05 12:00:00+00:00,7.889,7.947,7.873,7.923,40475.01
2026-07-05 13:00:00+00:00,7.922,7.938,7.907,7.938,11523.69
2026-07-05 14:00:00+00:00,7.939,7.972,7.929,7.97,122168.21
2026-07-05 15:00:00+00:00,7.971,8.01,7.947,7.966,45946.9
2026-07-05 16:00:00+00:00,7.965,7.979,7.941,7.966,23016.73
2026-07-05 17:00:00+00:00,7.965,8.009,7.965,7.979,29357.42
2026-07-05 18:00:00+00:00,7.978,8.037,7.978,8.019,26087.15
2026-07-05 19:00:00+00:00,8.017,8.032,8.003,8.019,26767.23
2026-07-05 20:00:00+00:00,8.019,8.031,7.995,8.006,19658.95
2026-07-05 21:00:00+00:00,8.006,8.084,7.976,8.051,53914.89
2026-07-05 22:00:00+00:00,8.051,8.151,8.033,8.095,93949.98
2026-07-05 23:00:00+00:00,8.095,8.134,8.054,8.063,42535.82
2026-07-06 00:00:00+00:00,8.063,8.11,8.003,8.109,53337.24
2026-07-06 01:00:00+00:00,8.108,8.133,8.056,8.059,40627.31
2026-07-06 02:00:00+00:00,8.059,8.069,8.013,8.029,33279.86
2026-07-06 03:00:00+00:00,8.028,8.034,7.972,7.998,37272.06
2026-07-06 04:00:00+00:00,7.997,8.006,7.972,7.982,32704.2
2026-07-06 05:00:00+00:00,7.981,7.981,7.906,7.94,64277.14
2026-07-06 06:00:00+00:00,7.94,7.951,7.921,7.932,68758.64
2026-07-06 07:00:00+00:00,7.931,7.962,7.92,7.953,49607.79
2026-07-06 08:00:00+00:00,7.952,7.975,7.93,7.939,31411.79
2026-07-06 09:00:00+00:00,7.939,7.94,7.885,7.899,37541.86
2026-07-06 10:00:00+00:00,7.898,7.976,7.896,7.972,57774.91
2026-07-06 11:00:00+00:00,7.973,7.987,7.924,7.925,113193.35
2026-07-06 12:00:00+00:00,7.925,7.925,7.799,7.805,262119.84
2026-07-06 13:00:00+00:00,7.805,7.87,7.76,7.828,134311.62
2026-07-06 14:00:00+00:00,7.827,7.917,7.819,7.857,95865.78
2026-07-06 15:00:00+00:00,7.858,8.026,7.858,8.021,123426.58
2026-07-06 16:00:00+00:00,8.022,8.086,7.995,8.038,155371.9
2026-07-06 17:00:00+00:00,8.039,8.061,7.99,7.992,85337.59
2026-07-06 18:00:00+00:00,7.992,8.028,7.985,8.014,78677.69
2026-07-06 19:00:00+00:00,8.015,8.034,7.999,8.003,64941.73
2026-07-06 20:00:00+00:00,8.003,8.018,7.974,7.996,66692.45
2026-07-06 21:00:00+00:00,7.996,8.172,7.996,8.093,174875.35
2026-07-06 22:00:00+00:00,8.094,8.101,8.048,8.055,23590.43
2026-07-06 23:00:00+00:00,8.055,8.074,8.016,8.021,24200.53
2026-07-07 00:00:00+00:00,8.022,8.068,8.016,8.037,25225.61
2026-07-07 01:00:00+00:00,8.036,8.036,7.959,7.979,34049.76
2026-07-07 02:00:00+00:00,7.978,7.986,7.91,7.915,38122.23
2026-07-07 03:00:00+00:00,7.914,7.924,7.876,7.887,28964.65
2026-07-07 04:00:00+00:00,7.886,7.887,7.856,7.871,29722.7
2026-07-07 05:00:00+00:00,7.871,7.898,7.814,7.888,56608.77
2026-07-07 06:00:00+00:00,7.889,7.941,7.865,7.93,40039.12
2026-07-07 07:00:00+00:00,7.93,7.947,7.908,7.908,22848.18
2026-07-07 08:00:00+00:00,7.91,7.922,7.888,7.9,24946.45
2026-07-07 09:00:00+00:00,7.899,7.928,7.89,7.912,19431.92
2026-07-07 10:00:00+00:00,7.912,7.959,7.907,7.912,47036.87
2026-07-07 11:00:00+00:00,7.911,7.937,7.885,7.927,49114.35
2026-07-07 12:00:00+00:00,7.926,7.987,7.925,7.929,60340.18
2026-07-07 13:00:00+00:00,7.93,7.93,7.855,7.862,61829.71
2026-07-07 14:00:00+00:00,7.862,7.945,7.796,7.93,157989.47
2026-07-07 15:00:00+00:00,7.93,8.024,7.907,7.999,101831.19
2026-07-07 16:00:00+00:00,8.0,8.049,7.979,8.017,56231.42
2026-07-07 17:00:00+00:00,8.016,8.028,7.99,8.018,25984.82
2026-07-07 18:00:00+00:00,8.019,8.02,7.921,7.921,47855.46
2026-07-07 19:00:00+00:00,7.921,7.942,7.861,7.928,58412.04
2026-07-07 20:00:00+00:00,7.929,7.942,7.884,7.893,33883.55
2026-07-07 21:00:00+00:00,7.894,7.915,7.832,7.843,48062.25
2026-07-07 22:00:00+00:00,7.842,7.88,7.803,7.87,31877.05
2026-07-07 23:00:00+00:00,7.869,7.895,7.851,7.861,15064.06
2026-07-08 00:00:00+00:00,7.861,7.897,7.837,7.878,43579.33
2026-07-08 01:00:00+00:00,7.878,7.884,7.735,7.751,104937.19
2026-07-08 02:00:00+00:00,7.75,7.75,7.666,7.717,140968.19
2026-07-08 03:00:00+00:00,7.718,7.742,7.688,7.696,38366.41
2026-07-08 04:00:00+00:00,7.697,7.718,7.681,7.708,26333.05
2026-07-08 05:00:00+00:00,7.709,7.73,7.676,7.689,40787.41
2026-07-08 06:00:00+00:00,7.689,7.693,7.65,7.678,42838.26
2026-07-08 07:00:00+00:00,7.678,7.711,7.652,7.703,38521.97
2026-07-08 08:00:00+00:00,7.703,7.723,7.552,7.58,148695.55
2026-07-08 09:00:00+00:00,7.58,7.605,7.546,7.579,103501.49
2026-07-08 10:00:00+00:00,7.579,7.619,7.559,7.61,57730.84
2026-07-08 11:00:00+00:00,7.611,7.652,7.594,7.637,58194.23
2026-07-08 12:00:00+00:00,7.637,7.645,7.589,7.59,44618.77
2026-07-08 13:00:00+00:00,7.591,7.639,7.568,7.627,69431.66
2026-07-08 14:00:00+00:00,7.627,7.641,7.553,7.584,77338.86
2026-07-08 15:00:00+00:00,7.584,7.587,7.522,7.553,63072.11
2026-07-08 16:00:00+00:00,7.553,7.625,7.545,7.624,52866.56
2026-07-08 17:00:00+00:00,7.624,7.663,7.605,7.611,38713.95
2026-07-08 18:00:00+00:00,7.611,7.642,7.597,7.627,35549.28
2026-07-08 19:00:00+00:00,7.627,7.647,7.613,7.643,20067.1
2026-07-08 20:00:00+00:00,7.644,7.65,7.608,7.615,40534.34
2026-07-08 21:00:00+00:00,7.616,7.637,7.593,7.632,18566.3
2026-07-08 22:00:00+00:00,7.632,7.662,7.631,7.65,15741.05
2026-07-08 23:00:00+00:00,7.65,7.651,7.612,7.641,32823.3
2026-07-09 00:00:00+00:00,7.641,7.646,7.606,7.616,23740.8
2026-07-09 01:00:00+00:00,7.617,7.708,7.587,7.591,113469.2
2026-07-09 02:00:00+00:00,7.593,7.639,7.577,7.588,45833.78
2026-07-09 03:00:00+00:00,7.588,7.628,7.57,7.625,26895.87
2026-07-09 04:00:00+00:00,7.624,7.682,7.614,7.679,20272.1
2026-07-09 05:00:00+00:00,7.679,7.725,7.656,7.725,63634.73
2026-07-09 06:00:00+00:00,7.726,7.76,7.704,7.756,60404.56
2026-07-09 07:00:00+00:00,7.755,7.785,7.713,7.729,31720.79
2026-07-09 08:00:00+00:00,7.729,7.773,7.716,7.759,52792.73
2026-07-09 09:00:00+00:00,7.758,7.763,7.725,7.746,44802.41
2026-07-09 10:00:00+00:00,7.746,7.754,7.705,7.724,58836.05
2026-07-09 11:00:00+00:00,7.724,7.746,7.712,7.736,34468.42
2026-07-09 12:00:00+00:00,7.736,7.75,7.698,7.714,103460.19
2026-07-09 13:00:00+00:00,7.714,7.775,7.694,7.757,45193.5
2026-07-09 14:00:00+00:00,7.757,7.77,7.677,7.718,45169.84
2026-07-09 15:00:00+00:00,7.719,7.752,7.693,7.703,32515.03
2026-07-09 16:00:00+00:00,7.703,7.725,7.674,7.702,22383.89
2026-07-09 17:00:00+00:00,7.703,7.763,7.691,7.752,29325.1
2026-07-09 18:00:00+00:00,7.753,7.811,7.753,7.78,62735.81
2026-07-09 19:00:00+00:00,7.78,7.804,7.761,7.772,30352.43
2026-07-09 20:00:00+00:00,7.772,7.784,7.754,7.771,15311.78
2026-07-09 21:00:00+00:00,7.772,7.786,7.759,7.764,16070.93
2026-07-09 22:00:00+00:00,7.764,7.773,7.749,7.753,19005.24
2026-07-09 23:00:00+00:00,7.753,7.768,7.724,7.735,17463.63
2026-07-10 00:00:00+00:00,7.733,7.747,7.709,7.746,27839.92
2026-07-10 01:00:00+00:00,7.747,7.92,7.728,7.877,116188.78
2026-07-10 02:00:00+00:00,7.878,7.937,7.871,7.929,66041.09
2026-07-10 03:00:00+00:00,7.93,7.932,7.878,7.907,49813.23
2026-07-10 04:00:00+00:00,7.907,7.915,7.876,7.893,30834.6
2026-07-10 05:00:00+00:00,7.893,7.926,7.886,7.916,38859.37
2026-07-10 06:00:00+00:00,7.915,7.925,7.888,7.898,20096.21
2026-07-10 07:00:00+00:00,7.899,7.922,7.889,7.899,14589.96
2026-07-10 08:00:00+00:00,7.899,7.984,7.896,7.96,79817.03
2026-07-10 09:00:00+00:00,7.959,7.986,7.926,7.97,49042.7
2026-07-10 10:00:00+00:00,7.97,8.017,7.957,7.985,61931.43
2026-07-10 11:00:00+00:00,7.985,7.999,7.968,7.993,20653.52
2026-07-10 12:00:00+00:00,7.993,8.02,7.946,7.952,64781.47
2026-07-10 13:00:00+00:00,7.951,8.007,7.95,7.988,67202.21
2026-07-10 14:00:00+00:00,7.987,7.992,7.854,7.896,105490.39
2026-07-10 15:00:00+00:00,7.897,7.939,7.892,7.924,42279.33
2026-07-10 16:00:00+00:00,7.925,7.973,7.911,7.963,31429.33
2026-07-10 17:00:00+00:00,7.962,7.972,7.917,7.917,38612.27
2026-07-10 18:00:00+00:00,7.917,7.951,7.888,7.902,36351.85
2026-07-10 19:00:00+00:00,7.902,7.947,7.895,7.917,41548.85
2026-07-10 20:00:00+00:00,7.918,7.927,7.896,7.91,66277.76
2026-07-10 21:00:00+00:00,7.91,7.956,7.909,7.951,33339.5
2026-07-10 22:00:00+00:00,7.951,7.97,7.951,7.965,30892.43
2026-07-10 23:00:00+00:00,7.965,7.972,7.951,7.97,29977.28
2026-07-11 00:00:00+00:00,7.97,7.973,7.94,7.971,29741.61
2026-07-11 01:00:00+00:00,7.971,7.999,7.955,7.963,26069.12
2026-07-11 02:00:00+00:00,7.963,7.99,7.959,7.986,15568.0
2026-07-11 03:00:00+00:00,7.986,8.011,7.971,7.997,38232.79
2026-07-11 04:00:00+00:00,7.997,8.007,7.987,8.004,23541.26
2026-07-11 05:00:00+00:00,8.004,8.016,7.993,8.007,15891.96
2026-07-11 06:00:00+00:00,8.007,8.021,7.984,7.984,30454.91
2026-07-11 07:00:00+00:00,7.984,7.996,7.972,7.993,29242.8
2026-07-11 08:00:00+00:00,7.992,8.016,7.992,8.006,36821.37
2026-07-11 09:00:00+00:00,8.005,8.013,7.977,7.979,19693.28
2026-07-11 10:00:00+00:00,7.978,7.996,7.973,7.983,20297.05
2026-07-11 11:00:00+00:00,7.983,8.007,7.98,8.004,15292.62
2026-07-11 12:00:00+00:00,8.005,8.032,7.998,8.029,22217.24
2026-07-11 13:00:00+00:00,8.029,8.063,8.014,8.025,28252.39
2026-07-11 14:00:00+00:00,8.026,8.091,8.026,8.05,71911.16
2026-07-11 15:00:00+00:00,8.05,8.092,8.023,8.063,121929.68
2026-07-11 16:00:00+00:00,8.063,8.073,8.038,8.07,36280.41
2026-07-11 17:00:00+00:00,8.069,8.12,8.06,8.089,41505.76
2026-07-11 18:00:00+00:00,8.088,8.108,8.079,8.1,75495.96
2026-07-11 19:00:00+00:00,8.1,8.106,8.066,8.08,22598.32
2026-07-11 20:00:00+00:00,8.08,8.083,8.062,8.069,29530.18
2026-07-11 21:00:00+00:00,8.069,8.083,8.049,8.05,24358.85
2026-07-11 22:00:00+00:00,8.049,8.051,8.001,8.008,49232.91
2026-07-11 23:00:00+00:00,8.009,8.012,7.908,7.915,89331.42
2026-07-12 00:00:00+00:00,7.914,7.928,7.861,7.901,59102.07
2026-07-12 01:00:00+00:00,7.901,7.972,7.896,7.969,20850.59
2026-07-12 02:00:00+00:00,7.968,7.985,7.948,7.978,23333.44
2026-07-12 03:00:00+00:00,7.978,8.045,7.968,8.042,44516.15
2026-07-12 04:00:00+00:00,8.042,8.049,8.0,8.012,50571.06
2026-07-12 05:00:00+00:00,8.012,8.028,7.975,7.996,37111.4
2026-07-12 06:00:00+00:00,7.996,7.996,7.928,7.965,39067.0
2026-07-12 07:00:00+00:00,7.965,7.987,7.96,7.976,10031.51
2026-07-12 08:00:00+00:00,7.975,8.031,7.972,8.02,17298.14
2026-07-12 09:00:00+00:00,8.02,8.035,7.979,8.028,23921.62
2026-07-12 10:00:00+00:00,8.029,8.03,8.008,8.021,15878.53
2026-07-12 11:00:00+00:00,8.022,8.036,7.999,8.029,29852.61
2026-07-12 12:00:00+00:00,8.028,8.056,8.02,8.049,17312.15
2026-07-12 13:00:00+00:00,8.05,8.065,8.033,8.033,21471.04
2026-07-12 14:00:00+00:00,8.033,8.098,8.013,8.087,37551.48
2026-07-12 15:00:00+00:00,8.087,8.089,8.054,8.07,34124.78
2026-07-12 16:00:00+00:00,8.071,8.076,8.031,8.071,88556.35
2026-07-12 17:00:00+00:00,8.071,8.082,8.021,8.03,107743.55
2026-07-12 18:00:00+00:00,8.031,8.057,8.021,8.056,18042.17
2026-07-12 19:00:00+00:00,8.056,8.085,8.046,8.078,18100.07
2026-07-12 20:00:00+00:00,8.078,8.088,8.065,8.082,32399.78
2026-07-12 21:00:00+00:00,8.082,8.103,8.043,8.043,30870.56
2026-07-12 22:00:00+00:00,8.042,8.042,7.947,7.986,68595.17
2026-07-12 23:00:00+00:00,7.985,8.008,7.968,7.997,36416.35
2026-07-13 00:00:00+00:00,7.996,8.136,7.981,8.089,100979.46
2026-07-13 01:00:00+00:00,8.088,8.112,7.973,7.978,87321.97
2026-07-13 02:00:00+00:00,7.978,8.02,7.948,7.978,88358.83
2026-07-13 03:00:00+00:00,7.977,7.979,7.869,7.92,95717.98
2026-07-13 04:00:00+00:00,7.92,7.946,7.906,7.909,40690.36
2026-07-13 05:00:00+00:00,7.91,7.96,7.885,7.951,45976.51
2026-07-13 06:00:00+00:00,7.951,7.965,7.931,7.945,17525.84
2026-07-13 07:00:00+00:00,7.946,7.994,7.939,7.978,30976.38
2026-07-13 08:00:00+00:00,7.979,8.015,7.962,8.001,28764.87
2026-07-13 09:00:00+00:00,8.001,8.003,7.983,7.997,21544.17
2026-07-13 10:00:00+00:00,7.996,7.998,7.948,7.951,29239.54
2026-07-13 11:00:00+00:00,7.951,7.973,7.933,7.935,28353.38
2026-07-13 12:00:00+00:00,7.935,7.946,7.888,7.901,55634.14
2026-07-13 13:00:00+00:00,7.902,7.931,7.87,7.909,66566.13
2026-07-13 14:00:00+00:00,7.908,7.974,7.853,7.974,109771.47
2026-07-13 15:00:00+00:00,7.973,7.992,7.936,7.938,41518.83
2026-07-13 16:00:00+00:00,7.937,7.955,7.889,7.894,57892.12
2026-07-13 17:00:00+00:00,7.894,7.906,7.798,7.801,100200.01
2026-07-13 18:00:00+00:00,7.801,7.867,7.795,7.846,84892.92
2026-07-13 19:00:00+00:00,7.846,7.912,7.843,7.906,48870.97
2026-07-13 20:00:00+00:00,7.905,7.913,7.85,7.871,46568.52
2026-07-13 21:00:00+00:00,7.871,7.871,7.798,7.828,42360.48
2026-07-13 22:00:00+00:00,7.827,7.864,7.826,7.832,15537.1
2026-07-13 23:00:00+00:00,7.832,7.889,7.821,7.889,25649.21
2026-07-14 00:00:00+00:00,7.89,7.96,7.879,7.954,37285.95
2026-07-14 01:00:00+00:00,7.954,7.961,7.919,7.932,23651.11
2026-07-14 02:00:00+00:00,7.932,7.949,7.898,7.921,16152.63
2026-07-14 03:00:00+00:00,7.921,7.925,7.866,7.92,12966.35
2026-07-14 04:00:00+00:00,7.92,7.968,7.916,7.946,27984.5
2026-07-14 05:00:00+00:00,7.946,7.993,7.941,7.963,27946.98
2026-07-14 06:00:00+00:00,7.964,7.966,7.931,7.939,34445.39
2026-07-14 07:00:00+00:00,7.938,7.961,7.919,7.924,27022.2
2026-07-14 08:00:00+00:00,7.924,7.955,7.898,7.937,40460.16
2026-07-14 09:00:00+00:00,7.937,7.949,7.914,7.924,18042.48
2026-07-14 10:00:00+00:00,7.924,7.981,7.918,7.97,22918.92
2026-07-14 11:00:00+00:00,7.969,7.996,7.952,7.991,25535.5
2026-07-14 12:00:00+00:00,7.991,8.206,7.951,8.188,316948.97
2026-07-14 13:00:00+00:00,8.187,8.333,8.173,8.305,293359.41
2026-07-14 14:00:00+00:00,8.306,8.357,8.255,8.34,217326.28
2026-07-14 15:00:00+00:00,8.34,8.406,8.293,8.299,160099.65
2026-07-14 16:00:00+00:00,8.3,8.315,8.266,8.272,127252.0
2026-07-14 17:00:00+00:00,8.272,8.283,8.201,8.263,104351.93
2026-07-14 18:00:00+00:00,8.263,8.274,8.241,8.271,80459.52
2026-07-14 19:00:00+00:00,8.272,8.3,8.259,8.292,52388.0
2026-07-14 20:00:00+00:00,8.293,8.3,8.282,8.288,25631.51
2026-07-14 21:00:00+00:00,8.287,8.306,8.27,8.27,41979.63
2026-07-14 22:00:00+00:00,8.27,8.33,8.251,8.291,56412.07
2026-07-14 23:00:00+00:00,8.291,8.353,8.279,8.345,41975.2
2026-07-15 00:00:00+00:00,8.346,8.359,8.306,8.353,49728.37
2026-07-15 01:00:00+00:00,8.354,8.356,8.305,8.312,59487.3
2026-07-15 02:00:00+00:00,8.313,8.314,8.268,8.276,33391.0
2026-07-15 03:00:00+00:00,8.277,8.34,8.27,8.321,56342.27
2026-07-15 04:00:00+00:00,8.32,8.36,8.313,8.332,37855.34
2026-07-15 05:00:00+00:00,8.332,8.388,8.317,8.384,35443.43
2026-07-15 06:00:00+00:00,8.384,8.412,8.362,8.365,62560.26
2026-07-15 07:00:00+00:00,8.364,8.367,8.311,8.334,56547.91
2026-07-15 08:00:00+00:00,8.335,8.4,8.332,8.381,110236.39
2026-07-15 09:00:00+00:00,8.38,8.437,8.366,8.371,89016.69
2026-07-15 10:00:00+00:00,8.37,8.386,8.329,8.332,269935.88
2026-07-15 11:00:00+00:00,8.332,8.432,8.328,8.423,109853.06
2026-07-15 12:00:00+00:00,8.424,8.575,8.402,8.575,209498.4
2026-07-15 13:00:00+00:00,8.575,8.633,8.484,8.511,246262.67
2026-07-15 14:00:00+00:00,8.512,8.561,8.491,8.559,106716.86
2026-07-15 15:00:00+00:00,8.559,8.615,8.538,8.552,93598.05
2026-07-15 16:00:00+00:00,8.554,8.559,8.424,8.481,99546.18
2026-07-15 17:00:00+00:00,8.48,8.57,8.479,8.546,66746.87
2026-07-15 18:00:00+00:00,8.546,8.564,8.495,8.504,63184.29
2026-07-15 19:00:00+00:00,8.505,8.529,8.488,8.503,41914.45
2026-07-15 20:00:00+00:00,8.504,8.541,8.492,8.515,37429.61
2026-07-15 21:00:00+00:00,8.514,8.543,8.504,8.543,42615.06
2026-07-15 22:00:00+00:00,8.543,8.58,8.524,8.548,48199.3
2026-07-15 23:00:00+00:00,8.549,8.566,8.521,8.539,31579.6
2026-07-16 00:00:00+00:00,8.538,8.565,8.482,8.486,51017.85
2026-07-16 01:00:00+00:00,8.487,8.52,8.451,8.515,59612.63
2026-07-16 02:00:00+00:00,8.515,8.538,8.503,8.531,46870.19
2026-07-16 03:00:00+00:00,8.53,8.553,8.517,8.531,57264.82
2026-07-16 04:00:00+00:00,8.532,8.559,8.517,8.55,40219.9
2026-07-16 05:00:00+00:00,8.55,8.57,8.529,8.541,78873.13
2026-07-16 06:00:00+00:00,8.541,8.549,8.482,8.531,41576.04
2026-07-16 07:00:00+00:00,8.531,8.553,8.465,8.517,87624.13
2026-07-16 08:00:00+00:00,8.517,8.522,8.399,8.44,198926.6
2026-07-16 09:00:00+00:00,8.439,8.455,8.407,8.411,38031.9
2026-07-16 10:00:00+00:00,8.411,8.445,8.406,8.443,34394.38
2026-07-16 11:00:00+00:00,8.442,8.454,8.414,8.448,46317.93
2026-07-16 12:00:00+00:00,8.448,8.449,8.373,8.387,100778.19
2026-07-16 13:00:00+00:00,8.387,8.491,8.383,8.448,101090.29
2026-07-16 14:00:00+00:00,8.446,8.494,8.409,8.446,81663.07
2026-07-16 15:00:00+00:00,8.446,8.476,8.387,8.444,51869.52
2026-07-16 16:00:00+00:00,8.444,8.453,8.391,8.425,82308.29
2026-07-16 17:00:00+00:00,8.425,8.425,8.356,8.378,89114.6
2026-07-16 18:00:00+00:00,8.378,8.415,8.371,8.395,50389.58
2026-07-16 19:00:00+00:00,8.394,8.414,8.366,8.406,106558.32
2026-07-16 20:00:00+00:00,8.406,8.426,8.39,8.414,39907.71
2026-07-16 21:00:00+00:00,8.414,8.461,8.41,8.437,86180.03
2026-07-16 22:00:00+00:00,8.438,8.453,8.369,8.379,62138.78
2026-07-16 23:00:00+00:00,8.378,8.384,8.304,8.341,104963.22
2026-07-17 00:00:00+00:00,8.342,8.348,8.258,8.348,92479.73
2026-07-17 01:00:00+00:00,8.347,8.37,8.26,8.286,70719.88
2026-07-17 02:00:00+00:00,8.286,8.309,8.256,8.271,48258.52
2026-07-17 03:00:00+00:00,8.27,8.333,8.261,8.279,37515.2
2026-07-17 04:00:00+00:00,8.28,8.305,8.243,8.286,40141.28
2026-07-17 05:00:00+00:00,8.286,8.298,8.172,8.183,72500.09
2026-07-17 06:00:00+00:00,8.183,8.215,8.154,8.182,137796.08
2026-07-17 07:00:00+00:00,8.182,8.196,8.165,8.172,38328.77
2026-07-17 08:00:00+00:00,8.172,8.189,8.133,8.177,40996.92
2026-07-17 09:00:00+00:00,8.176,8.22,8.174,8.197,179168.21
2026-07-17 10:00:00+00:00,8.198,8.225,8.19,8.19,71489.16
2026-07-17 11:00:00+00:00,8.19,8.213,8.164,8.203,109126.66
2026-07-17 12:00:00+00:00,8.204,8.206,8.155,8.155,65527.09
2026-07-17 13:00:00+00:00,8.154,8.154,8.006,8.114,251006.44
2026-07-17 14:00:00+00:00,8.115,8.174,8.089,8.11,112649.05
2026-07-17 15:00:00+00:00,8.11,8.168,8.067,8.168,83844.44
2026-07-17 16:00:00+00:00,8.168,8.239,8.144,8.227,138730.92
2026-07-17 17:00:00+00:00,8.227,8.286,8.223,8.234,89463.46
2026-07-17 18:00:00+00:00,8.234,8.263,8.208,8.247,47465.72
2026-07-17 19:00:00+00:00,8.247,8.257,8.196,8.249,35400.97
2026-07-17 20:00:00+00:00,8.248,8.253,8.218,8.247,33697.77
2026-07-17 21:00:00+00:00,8.248,8.282,8.238,8.243,40392.55
2026-07-17 22:00:00+00:00,8.243,8.26,8.227,8.245,40615.93
2026-07-17 23:00:00+00:00,8.246,8.277,8.217,8.254,24916.35
2026-07-18 00:00:00+00:00,8.256,8.276,8.253,8.254,28374.2
2026-07-18 01:00:00+00:00,8.253,8.264,8.237,8.258,47492.87
2026-07-18 02:00:00+00:00,8.258,8.3,8.256,8.268,47251.41
2026-07-18 03:00:00+00:00,8.269,8.296,8.253,8.283,33664.57
2026-07-18 04:00:00+00:00,8.284,8.287,8.255,8.258,9860.25
2026-07-18 05:00:00+00:00,8.259,8.265,8.237,8.249,29188.07
2026-07-18 06:00:00+00:00,8.25,8.267,8.241,8.251,13211.57
2026-07-18 07:00:00+00:00,8.251,8.258,8.239,8.252,10554.08
2026-07-18 08:00:00+00:00,8.251,8.268,8.24,8.259,11032.15
2026-07-18 09:00:00+00:00,8.259,8.261,8.211,8.23,32955.32
2026-07-18 10:00:00+00:00,8.23,8.276,8.23,8.268,56848.32
2026-07-18 11:00:00+00:00,8.268,8.296,8.257,8.287,36861.18
2026-07-18 12:00:00+00:00,8.287,8.33,8.281,8.313,144699.02
2026-07-18 13:00:00+00:00,8.313,8.313,8.252,8.264,31652.1
2026-07-18 14:00:00+00:00,8.265,8.34,8.257,8.318,42130.73
2026-07-18 15:00:00+00:00,8.319,8.319,8.268,8.274,98035.98
2026-07-18 16:00:00+00:00,8.275,8.303,8.261,8.287,32015.4
2026-07-18 17:00:00+00:00,8.288,8.306,8.269,8.3,49173.37
2026-07-18 18:00:00+00:00,8.3,8.362,8.294,8.318,58319.3
2026-07-18 19:00:00+00:00,8.319,8.34,8.315,8.337,12568.06
2026-07-18 20:00:00+00:00,8.337,8.365,8.328,8.355,46182.87
2026-07-18 21:00:00+00:00,8.355,8.378,8.339,8.344,27150.8
2026-07-18 22:00:00+00:00,8.344,8.37,8.343,8.369,18670.68
2026-07-18 23:00:00+00:00,8.37,8.375,8.339,8.35,23002.02
2026-07-19 00:00:00+00:00,8.349,8.36,8.336,8.354,16241.11
2026-07-19 01:00:00+00:00,8.354,8.354,8.331,8.332,12828.0
2026-07-19 02:00:00+00:00,8.332,8.393,8.332,8.371,29279.85
2026-07-19 03:00:00+00:00,8.371,8.377,8.335,8.348,7517.45
2026-07-19 04:00:00+00:00,8.348,8.37,8.33,8.352,7044.56
2026-07-19 05:00:00+00:00,8.352,8.362,8.339,8.345,7270.61
2026-07-19 06:00:00+00:00,8.344,8.365,8.339,8.356,22322.83
2026-07-19 07:00:00+00:00,8.356,8.382,8.352,8.369,16201.06
2026-07-19 08:00:00+00:00,8.37,8.382,8.351,8.375,27225.77
2026-07-19 09:00:00+00:00,8.376,8.379,8.334,8.336,19313.55
2026-07-19 10:00:00+00:00,8.335,8.385,8.324,8.37,18223.91
2026-07-19 11:00:00+00:00,8.37,8.385,8.357,8.358,22735.26
2026-07-19 12:00:00+00:00,8.358,8.366,8.319,8.349,34400.15
2026-07-19 13:00:00+00:00,8.351,8.354,8.324,8.346,18858.24
2026-07-19 14:00:00+00:00,8.346,8.392,8.328,8.369,24729.28
2026-07-19 15:00:00+00:00,8.37,8.378,8.344,8.358,24311.8
2026-07-19 16:00:00+00:00,8.358,8.378,8.337,8.337,20417.87
2026-07-19 17:00:00+00:00,8.336,8.372,8.299,8.333,37050.65
2026-07-19 18:00:00+00:00,8.334,8.335,8.287,8.319,30281.33
2026-07-19 19:00:00+00:00,8.32,8.338,8.303,8.338,5591.73
2026-07-19 20:00:00+00:00,8.339,8.366,8.335,8.366,7822.49
2026-07-19 21:00:00+00:00,8.366,8.389,8.327,8.337,28857.31
2026-07-19 22:00:00+00:00,8.336,8.412,8.32,8.374,54369.17
2026-07-19 23:00:00+00:00,8.374,8.388,8.343,8.385,23984.16
2026-07-20 00:00:00+00:00,8.385,8.48,8.365,8.41,65980.92
2026-07-20 01:00:00+00:00,8.411,8.536,8.4,8.422,118344.4
2026-07-20 02:00:00+00:00,8.421,8.496,8.419,8.472,45231.83
2026-07-20 03:00:00+00:00,8.472,8.486,8.428,8.457,20448.95
2026-07-20 04:00:00+00:00,8.458,8.472,8.413,8.422,24916.29
2026-07-20 05:00:00+00:00,8.421,8.424,8.324,8.334,50833.25
2026-07-20 06:00:00+00:00,8.335,8.364,8.289,8.309,60463.34
2026-07-20 07:00:00+00:00,8.31,8.366,8.296,8.36,30388.91
2026-07-20 08:00:00+00:00,8.36,8.378,8.303,8.335,50884.44
2026-07-20 09:00:00+00:00,8.336,8.421,8.328,8.403,24196.73
2026-07-20 10:00:00+00:00,8.404,8.42,8.39,8.399,16782.24
2026-07-20 11:00:00+00:00,8.4,8.521,8.388,8.511,74303.8
2026-07-20 12:00:00+00:00,8.511,8.511,8.441,8.453,70315.57
2026-07-20 13:00:00+00:00,8.452,8.478,8.348,8.367,108805.75
2026-07-20 14:00:00+00:00,8.366,8.39,8.31,8.367,108276.75
2026-07-20 15:00:00+00:00,8.367,8.571,8.364,8.555,77776.05
2026-07-20 16:00:00+00:00,8.555,8.583,8.506,8.535,96440.36
2026-07-20 17:00:00+00:00,8.536,8.592,8.521,8.579,55391.92
2026-07-20 18:00:00+00:00,8.578,8.646,8.554,8.558,98188.05
2026-07-20 19:00:00+00:00,8.557,8.575,8.514,8.559,65909.77
2026-07-20 20:00:00+00:00,8.559,8.587,8.54,8.57,20845.54
2026-07-20 21:00:00+00:00,8.569,8.616,8.564,8.568,24528.28
2026-07-20 22:00:00+00:00,8.569,8.571,8.523,8.535,47969.62
2026-07-20 23:00:00+00:00,8.536,8.602,8.536,8.593,28555.26
2026-07-21 00:00:00+00:00,8.592,8.642,8.567,8.613,60755.91
2026-07-21 01:00:00+00:00,8.612,8.637,8.592,8.592,43744.15
2026-07-21 02:00:00+00:00,8.591,8.629,8.572,8.603,19257.49
2026-07-21 03:00:00+00:00,8.602,8.666,8.602,8.64,93692.64
2026-07-21 04:00:00+00:00,8.639,8.756,8.625,8.718,177673.05
2026-07-21 05:00:00+00:00,8.718,8.76,8.698,8.728,107940.07
2026-07-21 06:00:00+00:00,8.727,8.751,8.693,8.702,79573.58
2026-07-21 07:00:00+00:00,8.701,8.747,8.684,8.74,78920.86
2026-07-21 08:00:00+00:00,8.74,8.761,8.704,8.704,100613.04
2026-07-21 09:00:00+00:00,8.703,8.74,8.686,8.726,63448.59
2026-07-21 10:00:00+00:00,8.727,8.736,8.701,8.711,71443.95
2026-07-21 11:00:00+00:00,8.71,8.725,8.691,8.706,42821.68
2026-07-21 12:00:00+00:00,8.705,8.722,8.69,8.709,36124.21
2026-07-21 13:00:00+00:00,8.708,8.738,8.678,8.727,46526.19
2026-07-21 14:00:00+00:00,8.728,8.741,8.68,8.683,69830.53
2026-07-21 15:00:00+00:00,8.682,8.699,8.65,8.692,75504.6
2026-07-21 16:00:00+00:00,8.692,8.703,8.662,8.677,36120.27
2026-07-21 17:00:00+00:00,8.677,8.682,8.595,8.622,80595.34
2026-07-21 18:00:00+00:00,8.621,8.641,8.602,8.619,45304.1
2026-07-21 19:00:00+00:00,8.62,8.628,8.606,8.625,34510.92
2026-07-21 20:00:00+00:00,8.625,8.642,8.614,8.631,29714.47
2026-07-21 21:00:00+00:00,8.632,8.645,8.62,8.629,28811.97
2026-07-21 22:00:00+00:00,8.629,8.633,8.602,8.627,35688.17
2026-07-21 23:00:00+00:00,8.626,8.662,8.613,8.659,15566.96
2026-07-22 00:00:00+00:00,8.66,8.723,8.654,8.713,41584.65
2026-07-22 01:00:00+00:00,8.713,8.725,8.684,8.71,36639.81
2026-07-22 02:00:00+00:00,8.711,8.726,8.687,8.694,18935.46
2026-07-22 03:00:00+00:00,8.693,8.716,8.677,8.686,31103.23
2026-07-22 04:00:00+00:00,8.685,8.747,8.683,8.731,31148.63
2026-07-22 05:00:00+00:00,8.73,8.73,8.63,8.632,46940.0
2026-07-22 06:00:00+00:00,8.631,8.645,8.596,8.617,72802.54
2026-07-22 07:00:00+00:00,8.618,8.625,8.575,8.583,59353.81
2026-07-22 08:00:00+00:00,8.584,8.625,8.579,8.613,35579.91
2026-07-22 09:00:00+00:00,8.612,8.635,8.596,8.618,41674.32
2026-07-22 10:00:00+00:00,8.618,8.685,8.61,8.665,34529.24
2026-07-22 11:00:00+00:00,8.664,8.674,8.615,8.641,30982.72
2026-07-22 12:00:00+00:00,8.641,8.644,8.575,8.607,51793.72
2026-07-22 13:00:00+00:00,8.607,8.69,8.599,8.688,57770.56
2026-07-22 14:00:00+00:00,8.687,8.757,8.631,8.653,75572.03
2026-07-22 15:00:00+00:00,8.653,8.731,8.653,8.689,67767.87
2026-07-22 16:00:00+00:00,8.689,8.736,8.654,8.707,64119.44
2026-07-22 17:00:00+00:00,8.706,8.719,8.641,8.643,26114.12
2026-07-22 18:00:00+00:00,8.644,8.655,8.592,8.626,55419.63
2026-07-22 19:00:00+00:00,8.626,8.658,8.585,8.628,108461.29
2026-07-22 20:00:00+00:00,8.628,8.661,8.62,8.643,57947.37
2026-07-22 21:00:00+00:00,8.644,8.656,8.618,8.654,17038.88
2026-07-22 22:00:00+00:00,8.655,8.658,8.616,8.641,30196.39
2026-07-22 23:00:00+00:00,8.642,8.642,8.585,8.63,32513.86
2026-07-23 00:00:00+00:00,8.631,8.683,8.621,8.642,34935.29
2026-07-23 01:00:00+00:00,8.641,8.66,8.607,8.616,26475.87
2026-07-23 02:00:00+00:00,8.615,8.631,8.592,8.631,29891.05
2026-07-23 03:00:00+00:00,8.631,8.633,8.586,8.588,18762.95
2026-07-23 04:00:00+00:00,8.588,8.621,8.577,8.581,31781.22
2026-07-23 05:00:00+00:00,8.581,8.598,8.548,8.579,22377.25
2026-07-23 06:00:00+00:00,8.579,8.594,8.566,8.585,31453.84
2026-07-23 07:00:00+00:00,8.585,8.585,8.526,8.536,46629.02
2026-07-23 08:00:00+00:00,8.535,8.6,8.524,8.597,22593.05
2026-07-23 09:00:00+00:00,8.597,8.65,8.59,8.619,61351.22
2026-07-23 10:00:00+00:00,8.619,8.661,8.613,8.629,26901.32
2026-07-23 11:00:00+00:00,8.629,8.648,8.609,8.639,23917.21
2026-07-23 12:00:00+00:00,8.639,8.642,8.511,8.541,77302.37
2026-07-23 13:00:00+00:00,8.541,8.549,8.483,8.483,80127.55
2026-07-23 14:00:00+00:00,8.483,8.528,8.464,8.474,60375.67
2026-07-23 15:00:00+00:00,8.474,8.506,8.414,8.497,66340.97
2026-07-23 16:00:00+00:00,8.497,8.506,8.459,8.492,48694.75
2026-07-23 17:00:00+00:00,8.491,8.514,8.444,8.46,68181.24
2026-07-23 18:00:00+00:00,8.46,8.49,8.449,8.482,35978.78
2026-07-23 19:00:00+00:00,8.482,8.492,8.433,8.46,30006.18
2026-07-23 20:00:00+00:00,8.46,8.525,8.455,8.51,27438.96
2026-07-23 21:00:00+00:00,8.51,8.527,8.477,8.48,15276.84
2026-07-23 22:00:00+00:00,8.481,8.492,8.446,8.479,26017.11
2026-07-23 23:00:00+00:00,8.48,8.49,8.463,8.471,12983.58
2026-07-24 00:00:00+00:00,8.471,8.471,8.407,8.441,48747.39
2026-07-24 01:00:00+00:00,8.441,8.464,8.428,8.438,48681.64
2026-07-24 02:00:00+00:00,8.438,8.451,8.4,8.418,83239.83
2026-07-24 03:00:00+00:00,8.418,8.475,8.412,8.456,24370.25
2026-07-24 04:00:00+00:00,8.456,8.459,8.419,8.428,21858.14
2026-07-24 05:00:00+00:00,8.429,8.459,8.424,8.444,15598.03
2026-07-24 06:00:00+00:00,8.444,8.484,8.439,8.475,21428.29
2026-07-24 07:00:00+00:00,8.475,8.58,8.475,8.563,68570.9
2026-07-24 08:00:00+00:00,8.563,8.564,8.515,8.527,19104.61
2026-07-24 09:00:00+00:00,8.528,8.536,8.487,8.522,18647.95
2026-07-24 10:00:00+00:00,8.521,8.524,8.458,8.475,30256.15
2026-07-24 11:00:00+00:00,8.474,8.477,8.43,8.465,36501.95
2026-07-24 12:00:00+00:00,8.464,8.489,8.422,8.422,21874.43
2026-07-24 13:00:00+00:00,8.421,8.427,8.292,8.329,119857.82
2026-07-24 14:00:00+00:00,8.329,8.355,8.297,8.355,71079.36
2026-07-24 15:00:00+00:00,8.355,8.402,8.324,8.369,56902.45
2026-07-24 16:00:00+00:00,8.369,8.373,8.312,8.33,26653.96
2026-07-24 17:00:00+00:00,8.33,8.369,8.314,8.36,37088.79
2026-07-24 18:00:00+00:00,8.36,8.363,8.336,8.343,8588.08
